course,question,answer
Bachelor of Animation & Visual Effects,What is the B.An & VFX Program at Kalinga University all about?,"The Bachelor of Animation & Visual Effects (B.An & VFX) Program focuses on creative storytelling using animation and visual effects. Through this program, students learn 2D and 3D animation, motion graphics, video editing, character design, VFX techniques, multimedia storytelling, and more."
Bachelor of Animation & Visual Effects,Is there an entrance exam to enrol in this program?,"Yes, to enrol in the B.An & VFX program, you’ll need to appear for the Kalinga Scholastic Entrance Examination (KALSEE). To know more, visit - KALSEE."
Bachelor of Animation & Visual Effects,What is the fee structure of this program?,"For detailed fees information, please refer to the Fees section mentioned above."
Bachelor of Animation & Visual Effects,What are the career opportunities after completing this degree?,"Graduates can explore diverse career opportunities and work as 2D Animators, 3D Animators, Visual Effects Artists, Motion Graphics Designers, Storyboard Artists, Character Design Artists, Video Editors, Multimedia Content Creators, and more."
Bachelor of Animation & Visual Effects,Does Kalinga University provide internships or placement opportunities to students?,"Yes, we conduct on-campus and off-campus internship programs for our students and even provide on-campus placement assistance where top recruiters hire graduates. Moreover, our training and placement team conducts personalised training programs, preparing students with the latest industry-relevant skills."
Bachelor of Arts (With PSC Coaching),What is the BA with PSC Coaching Program at Kalinga University all about?,"The Bachelor of Arts (BA) degree with a Public Service Commission (PSC) Coaching Program prepares students with various subjects like Economics, Geography, History, Political Science, Psychology, Public Administration, and Sociology, along with structured preparation for various competitive government exams."
Bachelor of Arts (With PSC Coaching),Is there an entrance exam to enrol in this program?,"Yes, to enrol in the BA with PSC Coaching Program, you’ll need to appear for the Kalinga Scholastic Entrance Examination (KALSEE). To know more, visit - KALSEE."
Bachelor of Arts (With PSC Coaching),What is the fee structure of this program?,"For detailed fees information, please refer to the Fees section mentioned above."
Bachelor of Arts (With PSC Coaching),What are the career opportunities after completing this degree?,"Graduates can explore diverse career opportunities and work as Survey & Statistics Executives, Heritage Research Assistants, Community Wellness Program Assistants, Social Survey Assistants, Administrative Assistants, Public Relations Executives, Museum Assistants, Data Documentation Executives, and more."
Bachelor of Arts (With PSC Coaching),Does Kalinga University provide internships or placement opportunities to students?,"Yes, we conduct on-campus and off-campus internship programs for our students and even provide on-campus placement assistance where top recruiters hire graduates. Moreover, our training and placement team conducts personalised training programs, preparing students with the latest industry-relevant skills."
Bachelor of Arts & Bachelor of Law,What is the BA LLB Program at Kalinga University all about?,"The Bachelor of Arts and Bachelor of Law (BA LLB) Program at Kalinga University builds a strong foundation in legal principles and their connection with society through subjects like political science, sociology, and economics. It allows students to earn a bachelor’s degree with dual qualifications while emphasising moot court sessions, internships, and legal aid activities."
Bachelor of Arts & Bachelor of Law,Is there an entrance exam to enrol in this program?,"Yes, to enrol in the BA LLB Program, you’ll need to appear for the Kalinga Scholastic Entrance Examination (KALSEE). To know more, visit - KALSEE."
Bachelor of Arts & Bachelor of Law,What is the fee structure of this program?,"For detailed fees information, please refer to the Fees section mentioned above."
Bachelor of Arts & Bachelor of Law,What are the career opportunities after completing this degree?,"Graduates can explore diverse career opportunities and work as Policy Analysts, Public Prosecutors, Corporate Lawyers, Human Rights Lawyers, Consumer Law Practitioners, Legal Consultants, Civil Services Aspirants, and more."
Bachelor of Arts & Bachelor of Law,Does Kalinga University provide internships or placement opportunities to BA LLB students?,"Yes, we conduct on-campus and off-campus internship programs for our students and even provide on-campus placement assistance where top recruiters hire graduates. Moreover, our training and placement team conducts personalised training programs, preparing students with the latest industry-relevant skills."
Bachelor of Arts in Journalism and Mass Communication with PSC Coaching,What is the BA (J & MC) with PSC Coaching Program at Kalinga University all about?,"A Bachelor of Arts in Journalism and Mass Communication is an undergraduate program that combines journalism and media studies, while preparing students for competitive government exams.The program prepares students for journalism, content creation, and media studies, while PSC Coaching makes them aware of social issues and current affairs."
Bachelor of Arts in Journalism and Mass Communication with PSC Coaching,Is there an entrance exam to enrol in this program?,"Yes, to enrol in the BA (J & MC) with PSC Coaching Program, you’ll need to appear for the Kalinga Scholastic Entrance Examination (KALSEE). To know more, visit - KALSEE."
Bachelor of Arts in Journalism and Mass Communication with PSC Coaching,What is the fee structure of this program?,"For detailed fees information, please refer to the Fees section mentioned above."
Bachelor of Arts in Journalism and Mass Communication with PSC Coaching,What are the career opportunities after completing this degree?,"Graduates can explore diverse career opportunities and work as News Content Assistants, Media Research Executives, Public Communication Assistants, Digital Media Coordinators, Editorial Assistants, Social Media Content Executives, Media Monitoring Analysts, Documentation & Reporting Executives, and more."
Bachelor of Arts in Journalism and Mass Communication with PSC Coaching,Does Kalinga University provide internships or placement opportunities to students?,"Yes, we conduct on-campus and off-campus internship programs for our students and even provide on-campus placement assistance where top recruiters hire graduates. Moreover, our training and placement team conducts personalised training programs, preparing students with the latest industry-relevant skills."
Bachelor of Arts in Liberal Arts,What is the BA in Liberal Arts Program at Kalinga University all about?,"The Bachelor of Arts in Liberal Arts is an undergraduate program that prepares students for diverse career options, where students can select subjects like Creative Writing, Economics, Environmental Studies, Ecology, International Relations, Leadership Skills, and more based on their interests and career aspirations."
Bachelor of Arts in Liberal Arts,Is there an entrance exam to enrol in this program?,"Yes, to enrol in the BA in Liberal Arts Program, you’ll need to appear for the Kalinga Scholastic Entrance Examination (KALSEE). To know more, visit - KALSEE."
Bachelor of Arts in Liberal Arts,What is the fee structure of this program?,"For detailed fees information, please refer to the Fees section mentioned above."
Bachelor of Arts in Liberal Arts,What are the career opportunities after completing this degree?,"Graduates can explore diverse career opportunities and work as Research Assistants, Environmental Research Associates, Urban Studies Assistants, Cultural Studies Analysts, Academic Writers, International Relations Research Assistants, Museum & Art Gallery Assistants, and more."
Bachelor of Arts in Liberal Arts,Does Kalinga University provide internships or placement opportunities to students?,"Yes, we conduct on-campus and off-campus internship programs for our students and even provide on-campus placement assistance where top recruiters hire graduates. Moreover, our training and placement team conducts personalised training programs, preparing students with the latest industry-relevant skills."
Bachelor Of Business Administration,What is the BBA Program at Kalinga University all about?,"The Bachelor of Business Administration (BBA) Program focuses on developing managerial and business skills under various specialisations like Airlines & Airport Operations Management, Digital Marketing & E-Commerce, Event Management & Public Relations, Finance, and more. Students can choose one specialisation according to their interests and step into the corporate world."
Bachelor Of Business Administration,Is there an entrance exam to enrol in this program?,"Yes, to enrol in the BBA program, you’ll need to appear for the Kalinga Management Aptitude Test (KAL-MAT). To know more, visit - KAL-MAT."
Bachelor Of Business Administration,What is the fee structure of this program?,"For detailed fees information, please refer to the Fees section mentioned above."
Bachelor Of Business Administration,What are the career opportunities after completing this degree?,"Graduates can explore diverse career opportunities and work as Business Development Executives, Human Resource Executives, Project Coordinators, Customer Relationship Managers, Digital Marketing Executives, and more."
Bachelor Of Business Administration,Does Kalinga University provide internships or placement opportunities to BBA students?,"Yes, we conduct on-campus and off-campus internship programs for our students and even provide on-campus placement assistance where top recruiters hire graduates. Moreover, our training and placement team conducts personalised training programs, preparing students with the latest industry-relevant skills."
Bachelor Of Business Administration And Bachelor Of Law,What is the BBA LLB Program at Kalinga University all about?,The Bachelor of Business Administration and Bachelor of Law (BBA LLB) is a dual-degree program that combines both business management and legal studies. Students who are interested in studying both business and law can develop a strong understanding of management principles alongside learning legal concepts and prepare themselves for corporate law firms.
Bachelor Of Business Administration And Bachelor Of Law,Is there an entrance exam to enrol in this program?,"Yes, to enrol in the BBA LLB Program, you’ll need to appear for the Kalinga Scholastic Entrance Examination (KALSEE). To know more, visit - KALSEE."
Bachelor Of Business Administration And Bachelor Of Law,What is the fee structure of this program?,"For detailed fees information, please refer to the Fees section mentioned above."
Bachelor Of Business Administration And Bachelor Of Law,What are the career opportunities after completing this degree?,"Graduates can explore diverse career opportunities and work as Corporate Lawyers, In-House Legal Counsel, Compliance Officers, Legal Advisors, Business & Legal Consultants, Mergers & Acquisitions Associates, Corporate Governance Professionals, Litigation Lawyers, and more."
Bachelor Of Business Administration And Bachelor Of Law,Does Kalinga University provide internships or placement opportunities to BBA LLB students?,"Yes, we conduct on-campus and off-campus internship programs for our students and even provide on-campus placement assistance where top recruiters hire graduates. Moreover, our training and placement team conducts personalised training programs, preparing students with the latest industry-relevant skills."
Bachelor of Business Administration in Film Making [In Collaboration with Niira educom],What is the BBA in Film Making Program at Kalinga University all about?,"The Bachelor of Business Administration (BBA) in Film-making is an undergraduate degree program that introduces students to different areas of the film-making industry. Students learn script writing, direction, sound effects, set design, lighting systems, and editing software. From pre-production to post-production, our on-campus Film Studio provides complete industry-level practical knowledge."
Bachelor of Business Administration in Film Making [In Collaboration with Niira educom],Is there an entrance exam to enrol in this program?,"Yes, to enrol in the BBA in Film Making Program, you’ll need to appear for the Kalinga Scholastic Entrance Examination (KALSEE). To know more, visit - KALSEE."
Bachelor of Business Administration in Film Making [In Collaboration with Niira educom],What is the fee structure of this program?,"For detailed fees information, please refer to the Fees section mentioned above."
Bachelor of Business Administration in Film Making [In Collaboration with Niira educom],What are the career opportunities after completing this degree?,"Graduates can explore diverse career opportunities and work as Assistant Directors, Camera Operators, Assistant Cinematographers, Production Assistants, Script Supervisors, Lighting Technicians, Storyboard Artists, Assistant Screenwriters, Location Coordinators, and more."
Bachelor of Business Administration in Film Making [In Collaboration with Niira educom],Does Kalinga University provide internships or placement opportunities to students?,"Yes, we conduct on-campus and off-campus internship programs for our students and even provide on-campus placement assistance where top recruiters hire graduates. Moreover, our training and placement team conducts personalised training programs, preparing students with the latest industry-relevant skills."
Bachelor of Business Administration in Film Making [In Collaboration with Niira educom],What is the BBA in Film Making Program at Kalinga University all about?,"The Bachelor of Business Administration (BBA) in Film Making is an undergraduate degree program that introduces students to different areas of the film-making industry. Students learn script writing, direction, sound effects, set design, lighting systems, and editing software. From pre-production to post-production, our on-campus Film Studio provides complete industry-level practical knowledge."
Bachelor of Business Administration in Film Making [In Collaboration with Niira educom],Is there an entrance exam to enrol in this program?,"Yes, to enrol in the BBA in Film Making Program, you’ll need to appear for the Kalinga Scholastic Entrance Examination (KALSEE). To know more, visit - KALSEE."
Bachelor of Business Administration in Film Making [In Collaboration with Niira educom],What is the fee structure of this program?,"For detailed fees information, please refer to the Fees section mentioned above."
Bachelor of Business Administration in Film Making [In Collaboration with Niira educom],What are the career opportunities after completing this degree?,"Graduates can explore diverse career opportunities and work as Assistant Directors, Camera Operators, Assistant Cinematographers, Production Assistants, Script Supervisors, Lighting Technicians, Storyboard Artists, Assistant Screenwriters, Location Coordinators, and more."
Bachelor of Business Administration in Film Making [In Collaboration with Niira educom],Does Kalinga University provide internships or placement opportunities to students?,"Yes, we conduct on-campus and off-campus internship programs for our students and even provide on-campus placement assistance where top recruiters hire graduates. Moreover, our training and placement team conducts personalised training programs, preparing students with the latest industry-relevant skills."
Bachelor Of Commerce,What is the B.Com Program at Kalinga University all about?,"The Bachelor of Commerce (B.Com.) Program prepares students with industry-level skills required in commerce and business, such as finance, accounting, taxation, economics, business law, and more."
Bachelor Of Commerce,Is there an entrance exam to enrol in this program?,"Yes, to enrol in the B.Com program, you’ll need to appear for the Kalinga Scholastic Entrance Examination (KALSEE). To know more, visit - KALSEE."
Bachelor Of Commerce,What is the fee structure of this program?,"For detailed fees information, please refer to the Fees section mentioned above."
Bachelor Of Commerce,What are the career opportunities after completing this degree?,"Graduates can explore diverse career opportunities and work as Accounts Executives, Financial Analysts, Tax Consultants, Business Development Executives, Digital Marketers, and more."
Bachelor Of Commerce,Does Kalinga University provide internships or placement opportunities to B.Com students?,"Yes, we conduct on-campus and off-campus internship programs for our students and even provide on-campus placement assistance where top recruiters hire graduates. Moreover, our training and placement team conducts personalised training programs, preparing students with the latest industry-relevant skills."
Bachelor of Computer Applications in Artificial Intelligence and Machine Learning,What is the BCA in AI & ML Program at Kalinga University all about?,"A Bachelor of Computer Applications in Artificial Intelligence and Machine Learning is an undergraduate program that introduces students to smart systems and emerging AI technologies. Through this program, students learn programming languages, machine learning models, NLP, deep learning, AI tools, data structures, and more."
Bachelor of Computer Applications in Artificial Intelligence and Machine Learning,Is there an entrance exam to enrol in this program?,"Yes, to enrol in the BCA in AI & ML Program, you’ll need to appear for the Kalinga Scholastic Entrance Examination (KALSEE). To know more, visit - KALSEE."
Bachelor of Computer Applications in Artificial Intelligence and Machine Learning,What is the fee structure of this program?,"For detailed fees information, please refer to the Fees section mentioned above."
Bachelor of Computer Applications in Artificial Intelligence and Machine Learning,What are the career opportunities after completing this degree?,"Graduates can explore diverse career opportunities and work as AI Engineers, Data Analysts, Python Developers, AI Application Developers, Automation Engineers, Computer Vision Assistants, AI Research Assistants, Software Developers, and more."
Bachelor of Computer Applications in Artificial Intelligence and Machine Learning,Does Kalinga University provide internships or placement opportunities to students?,"Yes, we conduct on-campus and off-campus internship programs for our students and even provide on-campus placement assistance where top recruiters hire graduates. Moreover, our training and placement team conducts personalised training programs, preparing students with the latest industry-relevant skills."
Bachelor of Computer Applications in Game Development with Artificial Intelligence,What is the BCA in Game Development with AI Program at Kalinga University all about?,"The Bachelor of Computer Applications (BCA) in Game Development with Artificial Intelligence Program, offered in collaboration with HiTech Animation, is a specialised program in which students learn to develop intelligent and engaging video games by applying innovative, creative concepts. Through this program, students learn Game Programming, Data Structures and Algorithms, 3D Graphics and Animation, Artificial Intelligence for Games, Machine Learning Fundamentals, and more."
Bachelor of Computer Applications in Game Development with Artificial Intelligence,Is there an entrance exam to enrol in this program?,"vYes, to enrol in the BCA in Game Development with AI Program, you’ll need to appear for the Kalinga Scholastic Entrance Examination (KALSEE). To know more, visit - KALSEE."
Bachelor of Computer Applications in Game Development with Artificial Intelligence,What is the fee structure of this program?,"For detailed fee information, please refer to the Fees section mentioned above."
Bachelor of Computer Applications in Game Development with Artificial Intelligence,What are the career opportunities after completing this degree?,"Graduates can explore diverse career opportunities and work as Game Designer, Game Developer, AI Gameplay Engineer, AR/VR Developer, Technical Artist, Gameplay Programmer, 3D Environment Artist, and more"
Bachelor of Computer Applications in Game Development with Artificial Intelligence,Does Kalinga University provide internships or placement opportunities to students?,"Yes, we conduct on-campus and off-campus internship programs for our students and even provide on-campus placement assistance where top recruiters hire graduates. Moreover, our training and placement team conducts personalised training programs, preparing students with the latest industry-relevant skills."
Bachelor of Computer Science in AI & ML and Cybersecurity,What is the  B.CS in AI & ML and Cybersecurity Program at Kalinga University all about?,"The Bachelor of Computer Science with specialisations in Artificial Intelligence, Machine Learning, and Cybersecurity program make students ready to design intelligent applications and secure digital systems. Through this program, students learn deep learning, computer vision, neural networks, NLP, machine learning algorithms, network security, cryptography fundamentals, ethical hacking, threat identification, incident response, and more."
Bachelor of Computer Science in AI & ML and Cybersecurity,Is there an entrance exam to enrol in this program?,"Yes, to enrol in the B.CS in AI & ML and Cybersecurity Program, you’ll need to appear for the Kalinga Scholastic Entrance Examination (KALSEE). To know more, visit - KALSEE."
Bachelor of Computer Science in AI & ML and Cybersecurity,What is the fee structure of this program?,"For detailed fees information, please refer to the Fees section mentioned above."
Bachelor of Computer Science in AI & ML and Cybersecurity,What are the career opportunities after completing this degree?,"Graduates can explore diverse career opportunities and work as AI Engineers, Machine Learning Engineers, Cybersecurity Analysts, Ethical Hacking Associates, Data Analysts, AI Application Developers, Cyber Threat Intelligence Assistants, and more."
Bachelor of Computer Science in AI & ML and Cybersecurity,Does Kalinga University provide internships or placement opportunities to students?,"Yes, we conduct on-campus and off-campus internship programs for our students and even provide on-campus placement assistance where top recruiters hire graduates. Moreover, our training and placement team conducts personalised training programs, preparing students with the latest industry-relevant skills."
Bachelor of Education,What is the B.Ed. Program at Kalinga University all about?,"The Bachelor of Education Program is designed to prepare aspiring educators with pedagogical skills, classroom management techniques, communication skills, curriculum development, digital tools, critical thinking, and inclusive teaching practices. The program emphasises hands-on learning experience through internships and classroom-based activities."
Bachelor of Education,Is there an entrance exam to enrol in this program?,"Yes, to enrol in the B.Ed. Program, you’ll need to appear for the Kalinga Scholastic Entrance Examination (KALSEE). To know more, visit - KALSEE."
Bachelor of Education,What is the fee structure of this program?,"For detailed fees information, please refer to the Fees section mentioned above."
Bachelor of Education,What are the career opportunities after completing this degree?,"Graduates can explore diverse career opportunities and work as Primary/ Secondary/ Higher Secondary Teachers, Special Education Teachers, Online Tutors, School Administrators, Curriculum Developers, Academic Counsellors, Educational Researchers, and more."
Bachelor of Education,Does Kalinga University provide internships or placement opportunities to B.Ed. Students?,"Yes, we conduct on-campus and off-campus internship programs for our students and even provide on-campus placement assistance where top recruiters hire graduates. Moreover, our training and placement team conducts personalised training programs, preparing students with the latest industry-relevant skills."
Bachelor of Fashion Design,What is the Bachelor of FD Program at Kalinga University all about?,"The Bachelor of Fashion Design is an undergraduate program that emphasises creative and technical skills used in fashion and apparel design. Through this program, students learn fashion design principles, fashion illustration, fabric selection, fashion styling, pattern making, and more."
Bachelor of Fashion Design,Is there an entrance exam to enrol in this program?,"Yes, to enrol in the Bachelor of FD Program, you’ll need to appear for the Kalinga Scholastic Entrance Examination (KALSEE). To know more, visit - KALSEE."
Bachelor of Fashion Design,What is the fee structure of this program?,"For detailed fees information, please refer to the Fees section mentioned above."
Bachelor of Fashion Design,What are the career opportunities after completing this degree?,"Graduates can explore diverse career opportunities and work as Fashion Design Assistants, Apparel Designers, Garment Production Executives, Fashion Illustrators, Textile Design Assistants, Fashion Merchandising Executives, Boutique Management Executives, and more."
Bachelor of Fashion Design,Does Kalinga University provide internships or placement opportunities to students?,"Yes, we conduct on-campus and off-campus internship programs for our students and even provide on-campus placement assistance where top recruiters hire graduates. Moreover, our training and placement team conducts personalised training programs, preparing students with the latest industry-relevant skills."
Bachelor of Interior Design,What is the Bachelor of ID Program at Kalinga University all about?,"The Bachelor of Interior Design is an undergraduate program that focuses on creating functional, sustainable, and aesthetic interior spaces. Through this program, students learn interior design principles, colour theory, furniture design, sustainable interior design, Computer-Aided Design (CAD), and more."
Bachelor of Interior Design,Is there an entrance exam to enrol in this program?,"Yes, to enrol in the Bachelor of ID Program, you’ll need to appear for the Kalinga Scholastic Entrance Examination (KALSEE). To know more, visit - KALSEE."
Bachelor of Interior Design,What is the fee structure of this program?,"For detailed fees information, please refer to the Fees section mentioned above."
Bachelor of Interior Design,What are the career opportunities after completing this degree?,"Graduates can explore diverse career opportunities and work as Interior Design Assistants, Residential Interior Designers, Commercial Space Designers, Furniture Design Assistants, CAD & Design Visualization Executives, Modular Kitchen Designers, Lighting Design Assistants, and more."
Bachelor of Interior Design,Does Kalinga University provide internships or placement opportunities to students?,"Yes, we conduct on-campus and off-campus internship programs for our students and even provide on-campus placement assistance where top recruiters hire graduates. Moreover, our training and placement team conducts personalised training programs, preparing students with the latest industry-relevant skills."
Bachelor of Law,What is the LLB Program at Kalinga University all about?,"The Bachelor of Law (LLB) Program at Kalinga University prepares students with a strong foundation in legal principles and judicial processes. Here, we don’t just prepare students with textbook knowledge, but they also learn to present their argument and participate in moot court competitions in our on-campus moot court."
Bachelor of Law,Is there an entrance exam to enrol in this program?,"Yes, to enrol in the LLB Program, you’ll need to appear for the Kalinga Scholastic Entrance Examination (KALSEE). To know more, visit - KALSEE."
Bachelor of Law,What is the fee structure of this program?,"For detailed fees information, please refer to the Fees section mentioned above."
Bachelor of Law,What are the career opportunities after completing this degree?,"Graduates can explore diverse career opportunities and work as Corporate Lawyers, Legal Advisors, Legal Associates, Consumer Protection Lawyers, Legal Content Creators, and other legal professionals."
Bachelor of Law,Does Kalinga University provide internships or placement opportunities to LLB students?,"Yes, we conduct on-campus and off-campus internship programs for our students and even provide on-campus placement assistance where top recruiters hire graduates. Moreover, our training and placement team conducts personalised training programs, preparing students with the latest industry-relevant skills."
Bachelor of Library & Information Science,What is the B.Lib. Program at Kalinga University all about?,"The Bachelor of Library & Information Science (B.Lib.) Program prepares students to manage and organise information resources in libraries or information centres. Through this program, students learn library cataloguing, library management, library automation, documentation techniques, reference services, and more."
Bachelor of Library & Information Science,Is there an entrance exam to enrol in this program?,"Yes, to enrol in the B.Lib. program, you’ll need to appear for the Kalinga Scholastic Entrance Examination (KALSEE). To know more, visit - KALSEE."
Bachelor of Library & Information Science,What is the fee structure of this program?,"For detailed fees information, please refer to the Fees section mentioned above."
Bachelor of Library & Information Science,What are the career opportunities after completing this degree?,"Graduates can explore diverse career opportunities and work as Assistant Librarians, Library Information Assistants, Digital Library Executives, Knowledge Resource Assistants, Library Cataloguing Assistants, and more."
Bachelor of Library & Information Science,Does Kalinga University provide internships or placement opportunities to students?,"Yes, we conduct on-campus and off-campus internship programs for our students and even provide on-campus placement assistance where top recruiters hire graduates. Moreover, our training and placement team conducts personalised training programs, preparing students with the latest industry-relevant skills."
Bachelor of Pharmacy,What is the B.Pharmacy Program at Kalinga University all about?,"The Bachelor of Pharmacy Program prepares students for careers in the pharmaceutical and healthcare sectors. The program focuses on understanding drug discovery, manufacturing, quality assurance, and safe medication practices."
Bachelor of Pharmacy,Is there an entrance exam to enrol in this program?,"Yes, to enrol in the B.Pharmacy Program, you’ll need to appear for the Kalinga Scholastic Entrance Examination (KALSEE). To know more, visit - KALSEE."
Bachelor of Pharmacy,What is the fee structure of this program?,"For detailed fees information, please refer to the Fees section mentioned above."
Bachelor of Pharmacy,What are the career opportunities after completing this degree?,"Graduates can explore diverse career opportunities and work as Pharmaceutical Sales Representatives, Quality Control Analysts, Clinical Data Coordinators, Medical Content Writers, Formulation Development Associates, Production Chemists, and more."
Bachelor of Pharmacy,Does Kalinga University provide internships or placement opportunities to B.Pharmacy students?,"Yes, we conduct on-campus and off-campus internship programs for our students and even provide on-campus placement assistance where top recruiters hire graduates. Moreover, our training and placement team conducts personalised training programs, preparing students with the latest industry-relevant skills."
Bachelor of Physical Education,What is the B.P.Ed. Program at Kalinga University all about?,"The Bachelor of Physical Education (B.P.Ed.) Program prepares students for careers in fitness, sports administration, and coaching. Students learn sports management principles, effective training methods, coaching techniques, sports science, health education, and more."
Bachelor of Physical Education,Is there an entrance exam to enrol in this program?,"Yes, to enrol in the B.P.Ed. Program, you’ll need to appear for the Kalinga Scholastic Entrance Examination (KALSEE). To know more, visit - KALSEE."
Bachelor of Physical Education,What is the fee structure of this program?,"For detailed fees information, please refer to the Fees section mentioned above."
Bachelor of Physical Education,What are the career opportunities after completing this degree?,"Graduates can explore diverse career opportunities and work as Physical Education Teachers, Sports Coordinators, Sports Coaches, Fitness Trainers, Sports Event Managers, Sports Goods Managers, and more."
Bachelor of Physical Education,Does Kalinga University provide internships or placement opportunities to B.P.Ed. Students?,"Yes, we conduct on-campus and off-campus internship programs for our students and even provide on-campus placement assistance where top recruiters hire graduates. Moreover, our training and placement team conducts personalised training programs, preparing students with the latest industry-relevant skills."
Bachelor of Science in Biochemistry,What is the B.Sc. in Biochemistry Program at Kalinga University all about?,"The Bachelor of Science in Biochemistry Program focuses on the study of chemical processes that occur within living organisms. Through this program, students learn biological macromolecules, cell biology, genetics, molecular biology, metabolism, biochemical techniques, and more."
Bachelor of Science in Biochemistry,Is there an entrance exam to enrol in this program?,"Yes, to enrol in the B.Sc. in Biochemistry Program, you’ll need to appear for the Kalinga Scholastic Entrance Examination (KALSEE). To know more, visit - KALSEE."
Bachelor of Science in Biochemistry,What is the fee structure of this program?,"For detailed fees information, please refer to the Fees section mentioned above."
Bachelor of Science in Biochemistry,What are the career opportunities after completing this degree?,"Graduates can explore diverse career opportunities and work as Biochemistry Lab Analysts, Clinical Biochemistry Assistants, Pharmaceutical Testing Executives, Food & Nutrition Analysts, Molecular Biology Assistants, and more."
Bachelor of Science in Biochemistry,Does Kalinga University provide internships or placement opportunities to students?,"Yes, we conduct on-campus and off-campus internship programs for our students and even provide on-campus placement assistance where top recruiters hire graduates. Moreover, our training and placement team conducts personalised training programs, preparing students with the latest industry-relevant skills."
Bachelor of Science in Bioinformatics,What is the B.Sc. in Bioinformatics Program at Kalinga University all about?,"The Bachelor of Science in Bioinformatics Program is a combination of biology, computer science, and statistics that focuses on analysing complex biological data like proteins, DNA, and genomics using computational tools to understand diseases, develop personalised medicines, or discover drugs."
Bachelor of Science in Bioinformatics,Is there an entrance exam to enrol in this program?,"Yes, to enrol in the B.Sc. in Bioinformatics Program, you’ll need to appear for the Kalinga Scholastic Entrance Examination (KALSEE). To know more, visit - KALSEE."
Bachelor of Science in Bioinformatics,What is the fee structure of this program?,"For detailed fees information, please refer to the Fees section mentioned above."
Bachelor of Science in Bioinformatics,What are the career opportunities after completing this degree?,"Graduates can explore diverse career opportunities and work as Bioinformatics Analysts, Data Analysis Assistants, Computational Biology Assistants, Clinical Data Analysts, Biological Database Curators, and more."
Bachelor of Science in Bioinformatics,Does Kalinga University provide internships or placement opportunities to students?,"Yes, we conduct on-campus and off-campus internship programs for our students and even provide on-campus placement assistance where top recruiters hire graduates. Moreover, our training and placement team conducts personalised training programs, preparing students with the latest industry-relevant skills."
Bachelor of Science in Biotechnology,What is the B.Sc. in Biotechnology Program at Kalinga University all about?,"The Bachelor of Science in Biotechnology Program is designed for students who want to understand how living systems can be used to develop innovative products for agriculture, healthcare, pharmaceuticals, and the environment. The program combines theoretical knowledge and research-based learning through laboratory experiments."
Bachelor of Science in Biotechnology,Is there an entrance exam to enrol in this program?,"Yes, to enrol in the B.Sc. in Biotechnology Program, you’ll need to appear for the Kalinga Scholastic Entrance Examination (KALSEE). To know more, visit - KALSEE."
Bachelor of Science in Biotechnology,What is the fee structure of this program?,"For detailed fees information, please refer to the Fees section mentioned above."
Bachelor of Science in Biotechnology,What are the career opportunities after completing this degree?,"Graduates can explore diverse career opportunities and work as Biotechnology Lab Technicians, Research Assistants, Food & Dairy Quality Analysts, Medical Laboratory Technologists, Environmental Biotechnology Assistants, and more."
Bachelor of Science in Biotechnology,Does Kalinga University provide internships or placement opportunities to students?,"Yes, we conduct on-campus and off-campus internship programs for our students and even provide on-campus placement assistance where top recruiters hire graduates. Moreover, our training and placement team conducts personalised training programs, preparing students with the latest industry-relevant skills."
Bachelor of Science in Forensic Science,What is the B.Sc. in Forensic Science Program at Kalinga University all about?,"The Bachelor of Science in Forensic Science Program introduces students to forensic analysis and criminal investigation. Through this program, students learn crime scene investigation techniques, fingerprint analysis, forensic toxicology, forensic biology and chemistry, and more."
Bachelor of Science in Forensic Science,Is there an entrance exam to enrol in this program?,"Yes, to enrol in the B.Sc. in Forensic Science Program, you’ll need to appear for the Kalinga Scholastic Entrance Examination (KALSEE). To know more, visit - KALSEE."
Bachelor of Science in Forensic Science,What is the fee structure of this program?,"For detailed fees information, please refer to the Fees section mentioned above."
Bachelor of Science in Forensic Science,What are the career opportunities after completing this degree?,"Graduates can explore diverse career opportunities and work as Forensic Science Technicians, Crime Scene Investigation Assistants, Forensic Laboratory Assistants, Forensic Documentation Executives, Junior Forensic Analysts, Fingerprint Analysis Assistants, Digital Evidence Technicians, and more."
Bachelor of Science in Forensic Science,Does Kalinga University provide internships or placement opportunities to students?,"Yes, we conduct on-campus and off-campus internship programs for our students and even provide on-campus placement assistance where top recruiters hire graduates. Moreover, our training and placement team conducts personalised training programs, preparing students with the latest industry-relevant skills."
Bachelor of Science in Hotel Management,What is the B.Sc. in Hotel Management Program at Kalinga University all about?,"The Bachelor of Science in Hotel Management Program is designed for students who want to master the art of hospitality, create exceptional guest experiences, and build a successful career in one of the fastest-growing industries."
Bachelor of Science in Hotel Management,Is there an entrance exam to enrol in this program?,"Yes, to enrol in the B.Sc. in Hotel Management Program, you’ll need to appear for the Kalinga Scholastic Entrance Examination (KALSEE). To know more, visit - KALSEE."
Bachelor of Science in Hotel Management,What is the fee structure of this program?,"The total fee for the program is mentioned above; for detailed information, please refer to our fee structure."
Bachelor of Science in Hotel Management,What are the career opportunities after completing this degree?,"Graduates can explore diverse career opportunities and work as Front Office Executive, Hotel Manager, Restaurant Manager, Revenue Management Executive, Concierge Executive, Butler (Luxury Hospitality), Banquet Operations Executive, Club Operations Executive, and more."
Bachelor of Science in Hotel Management,Does Kalinga University provide internships or placement opportunities to students?,"Yes, we conduct on-campus and off-campus internship programs for our students and even provide on-campus placement assistance where top recruiters hire graduates. Moreover, our training and placement team conducts personalised training programs, preparing students with the latest industry-relevant skills."
Bachelor of Science in Microbiology,What is the B.Sc. in Microbiology Program at Kalinga University all about?,"The Bachelor of Science in Microbiology Program focuses on the study of microorganisms and their role in agriculture, environment, healthcare, food, and pharmaceutical industries. Through this program, students learn microbial cell structure, microbial physiology, bacteriology, virology, mycology, microbial genetics, molecular biology, and more."
Bachelor of Science in Microbiology,Is there an entrance exam to enrol in this program?,"Yes, to enrol in the B.Sc. in Microbiology Program, you’ll need to appear for the Kalinga Scholastic Entrance Examination (KALSEE). To know more, visit - KALSEE."
Bachelor of Science in Microbiology,What is the fee structure of this program?,"For detailed fees information, please refer to the Fees section mentioned above."
Bachelor of Science in Microbiology,What are the career opportunities after completing this degree?,"Graduates can explore diverse career opportunities and work as Microbiology Lab Technicians, Clinical Laboratory Assistants, Food Safety Analysts, Water & Environmental Testing Analysts, Pharmaceutical Microbiology Assistants, Industrial Microbiology Technicians, and more."
Bachelor of Science in Microbiology,Does Kalinga University provide internships or placement opportunities to students?,"Yes, we conduct on-campus and off-campus internship programs for our students and even provide on-campus placement assistance where top recruiters hire graduates. Moreover, our training and placement team conducts personalised training programs, preparing students with the latest industry-relevant skills."
"Bachelor of Science in Physics, Chemistry and Mathematics","What is the B.Sc. in Physics, Chemistry, and Mathematics Program at Kalinga University all about?","The Bachelor of Science in Physics, Chemistry, and Mathematics Program focuses on scientific principles and mathematical concepts. In this program, students study mechanics, electricity & magnetism, quantum physics, calculus, differential equations, linear algebra, probability & statistics, organic chemistry, inorganic chemistry, physical chemistry, analytical chemistry, and more."
"Bachelor of Science in Physics, Chemistry and Mathematics",Is there an entrance exam to enrol in this program?,"Yes, to enrol in the B.Sc. in Physics, Chemistry, and Mathematics Program, you’ll need to appear for the Kalinga Scholastic Entrance Examination (KALSEE). To know more, visit - KALSEE."
"Bachelor of Science in Physics, Chemistry and Mathematics",What is the fee structure of this program?,"For detailed fees information, please refer to the Fees section mentioned above."
"Bachelor of Science in Physics, Chemistry and Mathematics",What are the career opportunities after completing this degree?,"Graduates can explore diverse career opportunities and work as Data Analysis Assistants, Mathematical Modelling Assistants, Physics Laboratory Technicians, Chemical Analysis Technicians, Technical Support Executives, Statistical Data Analysts, Instrumentation Assistants, and more."
"Bachelor of Science in Physics, Chemistry and Mathematics",Does Kalinga University provide internships or placement opportunities to students?,"Yes, we conduct on-campus and off-campus internship programs for our students and even provide on-campus placement assistance where top recruiters hire graduates. Moreover, our training and placement team conducts personalised training programs, preparing students with the latest industry-relevant skills."
Bachelor of Science in Yoga,What is the B.Sc. in Yoga Program at Kalinga University all about?,"The Bachelor of Science in Yoga Program combines yogic practices with scientific study of health and human physiology. Through this program, students learn yoga philosophy, asanas, pranayama, meditation, anatomy, and more."
Bachelor of Science in Yoga,Is there an entrance exam to enrol in this program?,"Yes, to enrol in the B.Sc. in Yoga Program, you’ll need to appear for the Kalinga Scholastic Entrance Examination (KALSEE). To know more, visit - KALSEE."
Bachelor of Science in Yoga,What is the fee structure of this program?,"For detailed fees information, please refer to the Fees section mentioned above."
Bachelor of Science in Yoga,What are the career opportunities after completing this degree?,"Graduates can explore diverse career opportunities and work as Professional Yoga Instructors, Yoga Therapists, Wellness Consultants, Health & Fitness Trainers, Yoga Educators, Lifestyle Management Consultants, Corporate Wellness Specialists, and more."
Bachelor of Science in Yoga,Does Kalinga University provide internships or placement opportunities to students?,"Yes, we conduct on-campus and off-campus internship programs for our students and even provide on-campus placement assistance where top recruiters hire graduates. Moreover, our training and placement team conducts personalised training programs, preparing students with the latest industry-relevant skills."
"Bachelor of Science in Zoology, Botany, Chemistry","What is the B.Sc. in Zoology, Botany, and Chemistry Program at Kalinga University all about?","The Bachelor of Science in Zoology, Botany, and Chemistry Program combines life sciences (animals & plants) with fundamental chemical principles. With this program, students learn animal physiology, genetics, evolution, animal diversity, plant anatomy, physiology, taxonomy, plant biotechnology, organic chemistry, inorganic chemistry, physical chemistry, analytical chemistry, and more."
"Bachelor of Science in Zoology, Botany, Chemistry",Is there an entrance exam to enrol in this program?,"Yes, to enrol in the B.Sc. in Zoology, Botany, and Chemistry Program, you’ll need to appear for the Kalinga Scholastic Entrance Examination (KALSEE). To know more, visit - KALSEE."
"Bachelor of Science in Zoology, Botany, Chemistry",What is the fee structure of this program?,"For detailed fees information, please refer to the Fees section mentioned above."
"Bachelor of Science in Zoology, Botany, Chemistry",What are the career opportunities after completing this degree?,"Graduates can explore diverse career opportunities and work as Biodiversity Documentation Assistants, Zoological Research Trainees, Environmental Testing Executives, Botanical Survey Assistants, Food & Water Analysis Technicians, Chemical Lab Technicians, and more."
"Bachelor of Science in Zoology, Botany, Chemistry",Does Kalinga University provide internships or placement opportunities to students?,"Yes, we conduct on-campus and off-campus internship programs for our students and even provide on-campus placement assistance where top recruiters hire graduates. Moreover, our training and placement team conducts personalised training programs, preparing students with the latest industry-relevant skills."
Bachelor of Social Work (With PSC Coaching),What is the BSW with PSC Coaching Program at Kalinga University all about?,"The Bachelor of Social Work (BSW) with a Public Service Commission (PSC) Coaching Program combines social work education with preparation for various competitive government exams. Students develop strong leadership, community management, and problem-solving skills while learning important policy frameworks, social issues, and PSC exam strategies."
Bachelor of Social Work (With PSC Coaching),Is there an entrance exam to enrol in this program?,"Yes, to enrol in the BSW with PSC Coaching Program, you’ll need to appear for the Kalinga Scholastic Entrance Examination (KALSEE). To know more, visit - KALSEE."
Bachelor of Social Work (With PSC Coaching),What is the fee structure of this program?,"For detailed fees information, please refer to the Fees section mentioned above."
Bachelor of Social Work (With PSC Coaching),What are the career opportunities after completing this degree?,"Graduates can explore diverse career opportunities and work as Social Services Assistants, Community Program Executives, NGO Field Coordinators, Welfare Program Assistants, Community Outreach Executives, Rural Development Associates, Rehabilitation Program Assistants, Social Audit Assistants, and more."
Bachelor of Social Work (With PSC Coaching),Does Kalinga University provide internships or placement opportunities to students?,"Yes, we conduct on-campus and off-campus internship programs for our students and even provide on-campus placement assistance where top recruiters hire graduates. Moreover, our training and placement team conducts personalised training programs, preparing students with the latest industry-relevant skills."
Bachelor of Technology CS in AI & ML [In Collaboration with IBM],What is the B.Tech CS in AI and ML Engineering Program at Kalinga University all about?,"The Bachelor of Technology in Computer Science with an Artificial Intelligence (AI) and Machine Learning (ML) specialisation is an undergraduate engineering program that focuses on building intelligent systems and advanced technologies. The program covers topics like deep learning, NLP, computer vision, and neural networks, preparing graduates to develop predictive models and automated solutions."
Bachelor of Technology CS in AI & ML [In Collaboration with IBM],Is there an entrance exam to enrol in this program?,"Yes, to enrol in the B.Tech CS in AI and ML Engineering Program, you’ll need to appear for the Kalinga Scholastic Entrance Examination (KALSEE). To know more, visit - KALSEE."
Bachelor of Technology CS in AI & ML [In Collaboration with IBM],What is the fee structure of this program?,"For detailed fees information, please refer to the Fees section mentioned above."
Bachelor of Technology CS in AI & ML [In Collaboration with IBM],What are the career opportunities after completing this degree?,"Graduates can explore diverse career opportunities and work as Machine Learning Engineers, Artificial Intelligence Engineers, Data Analytics, Computer Vision Engineers, NLP Engineers, AI Software Developers, Deep Learning Engineers, AI Product Engineers, and more."
Bachelor of Technology CS in AI & ML [In Collaboration with IBM],Does Kalinga University provide internships or placement opportunities to students?,"Yes, we conduct on-campus and off-campus internship programs for our students and even provide on-campus placement assistance where top recruiters hire graduates. Moreover, our training and placement team conducts personalised training programs, preparing students with the latest industry-relevant skills."
Bachelor of Technology in Civil Engineering,What is the B.Tech in Civil Engineering Program at Kalinga University all about?,"The Bachelor of Technology in Civil Engineering is an undergraduate program that focuses on planning, designing, and constructing infrastructures using sustainable engineering practices. Through this program, students learn construction planning, structural design, surveying and mapping techniques, quality control, and more."
Bachelor of Technology in Civil Engineering,Is there an entrance exam to enrol in this program?,"Yes, to enrol in the B.Tech in Civil Engineering Program, you’ll need to appear for the Kalinga Scholastic Entrance Examination (KALSEE). To know more, visit - KALSEE."
Bachelor of Technology in Civil Engineering,What is the fee structure of this program?,"For detailed fees information, please refer to the Fees section mentioned above."
Bachelor of Technology in Civil Engineering,What are the career opportunities after completing this degree?,"Graduates can explore diverse career opportunities and work as Site Engineers, Structural Design Engineers, Highway Engineers, Contract Engineers, Estimation Engineers, Urban Infrastructure Engineers, Geotechnical Engineers, and more."
Bachelor of Technology in Civil Engineering,Does Kalinga University provide internships or placement opportunities to students?,"Yes, we conduct on-campus and off-campus internship programs for our students and even provide on-campus placement assistance where top recruiters hire graduates. Moreover, our training and placement team conducts personalised training programs, preparing students with the latest industry-relevant skills."
Bachelor of Technology in Computer Science Engineering,What is the B.Tech in Computer Science Engineering Program at Kalinga University all about?,"The Bachelor of Technology in Computer Science is an undergraduate engineering program that prepares students with technical skills in software development and emerging technologies. Through this program, students learn programming languages, data structures, operating systems, algorithms, computer networks, and more."
Bachelor of Technology in Computer Science Engineering,Is there an entrance exam to enrol in this program?,"Yes, to enrol in the B.Tech in Computer Science Engineering Program, you’ll need to appear for the Kalinga Scholastic Entrance Examination (KALSEE). To know more, visit - KALSEE."
Bachelor of Technology in Computer Science Engineering,What is the fee structure of this program?,"For detailed fees information, please refer to the Fees section mentioned above."
Bachelor of Technology in Computer Science Engineering,What are the career opportunities after completing this degree?,"Graduates can explore diverse career opportunities and work as Software Engineers, Full Stack Developers, Backend Developers, Frontend Developers, Database Engineers, Mobile App Developers, Web Application Engineers, IT Solution Engineers, and more."
Bachelor of Technology in Computer Science Engineering,Does Kalinga University provide internships or placement opportunities to students?,"Yes, we conduct on-campus and off-campus internship programs for our students and even provide on-campus placement assistance where top recruiters hire graduates. Moreover, our training and placement team conducts personalised training programs, preparing students with the latest industry-relevant skills."
Bachelor of Technology in Electrical Engineering,What is the B.Tech in Electrical Engineering Program at Kalinga University all about?,"The Bachelor of Technology in Electrical Engineering is an undergraduate program that focuses on the study of power systems, electrical technologies used in industries, and smart systems. With this program, students learn electrical circuit analysis, power generation systems, power electronics applications, electrical system design, maintenance & troubleshooting skills, and more."
Bachelor of Technology in Electrical Engineering,Is there an entrance exam to enrol in this program?,"Yes, to enrol in the B.Tech in Electrical Engineering Program, you’ll need to appear for the Kalinga Scholastic Entrance Examination (KALSEE). To know more, visit - KALSEE."
Bachelor of Technology in Electrical Engineering,What is the fee structure of this program?,"For detailed fees information, please refer to the Fees section mentioned above."
Bachelor of Technology in Electrical Engineering,What are the career opportunities after completing this degree?,"Graduates can explore diverse career opportunities and work as Power Systems Engineers, Control Systems Engineers, Renewable Energy Engineers, Electrical Maintenance Engineers, Industrial Automation Engineers, Smart Grid Engineers, Electrical Systems Consultants, and more."
Bachelor of Technology in Electrical Engineering,Does Kalinga University provide internships or placement opportunities to students?,"Yes, we conduct on-campus and off-campus internship programs for our students and even provide on-campus placement assistance where top recruiters hire graduates. Moreover, our training and placement team conducts personalised training programs, preparing students with the latest industry-relevant skills."
Bachelor of Technology in Mechanical Engineering,What is the B.Tech in Mechanical Engineering Program at Kalinga University all about?,"The Bachelor of Technology in Mechanical Engineering is an undergraduate program that focuses on the design, manufacturing, analysis, and maintenance of mechanical systems. Through this program, students learn machine design, fluid mechanics, thermodynamics, material testing, automation concepts, quality control, problem-solving techniques, and more."
Bachelor of Technology in Mechanical Engineering,Is there an entrance exam to enrol in this program?,"Yes, to enrol in the B.Tech in Mechanical Engineering Program, you’ll need to appear for the Kalinga Scholastic Entrance Examination (KALSEE). To know more, visit - KALSEE."
Bachelor of Technology in Mechanical Engineering,What is the fee structure of this program?,"For detailed fees information, please refer to the Fees section mentioned above."
Bachelor of Technology in Mechanical Engineering,What are the career opportunities after completing this degree?,"Graduates can explore diverse career opportunities and work as Mechanical Design Engineers, Manufacturing Engineers, Maintenance Engineers, Thermal Systems Engineers, Robotics & Automation Engineers, Energy Systems Engineers, Automobile Engineers, and more."
Bachelor of Technology in Mechanical Engineering,Does Kalinga University provide internships or placement opportunities to students?,"Yes, we conduct on-campus and off-campus internship programs for our students and even provide on-campus placement assistance where top recruiters hire graduates. Moreover, our training and placement team conducts personalised training programs, preparing students with the latest industry-relevant skills."
Diploma in Civil Engineering,What is the Diploma in Civil Engineering Program at Kalinga University all about?,"The Diploma in Civil Engineering is a foundational program that focuses on the practical knowledge of construction and infrastructure development. Through this program, students learn construction planning, material testing, surveying techniques, basic design principles, quantity estimation, quality control, and more."
Diploma in Civil Engineering,Is there an entrance exam to enrol in this program?,"Yes, to enrol in the Diploma in Civil Engineering Program, you’ll need to appear for the Kalinga Scholastic Entrance Examination (KALSEE). To know more, visit - KALSEE."
Diploma in Civil Engineering,What is the fee structure of this program?,"For detailed fees information, please refer to the Fees section mentioned above."
Diploma in Civil Engineering,What are the career opportunities after completing this degree?,"Students can explore diverse career opportunities and work as Survey Technicians, Construction Technicians, Quantity Surveyors, Highway Supervisors, Building Supervisors, and more."
Diploma in Civil Engineering,Does Kalinga University provide internships or placement opportunities to students?,"Yes, we conduct on-campus and off-campus internship programs for our students and even provide on-campus placement assistance where top recruiters hire graduates. Moreover, our training and placement team conducts personalised training programs, preparing students with the latest industry-relevant skills."
Diploma in Computer Applications,What is the DCA Program at Kalinga University all about?,"The Diploma in Computer Applications program prepare students for entry-level tech roles by focusing on computer fundamentals, office software (like MS Office), basic programming, office automation tools, computer hardware basics, data entry skills, digital file management, and more."
Diploma in Computer Applications,Is there an entrance exam to enrol in this program?,"Yes, to enrol in the DCA Program, you’ll need to appear for the Kalinga Scholastic Entrance Examination (KALSEE). To know more, visit - KALSEE."
Diploma in Computer Applications,What is the fee structure of this program?,"For detailed fees information, please refer to the Fees section mentioned above."
Diploma in Computer Applications,What are the career opportunities after completing this degree?,"Students can explore diverse career opportunities and work as Computer Operators, Office Automation Executives, IT Assistants, Desktop Support Technicians, Documentation Assistants, MIS Assistants, Computer Lab Assistants, and more."
Diploma in Computer Applications,Does Kalinga University provide internships or placement opportunities to students?,"Yes, we conduct on-campus and off-campus internship programs for our students and even provide on-campus placement assistance where top recruiters hire graduates. Moreover, our training and placement team conducts personalised training programs, preparing students with the latest industry-relevant skills."
Diploma in Computer Science Engineering,What is the Diploma in Computer Science Engineering Program at Kalinga University all about?,"The Diploma in Computer Science Engineering program offers foundational knowledge in computer systems and applications. Students learn programming languages, computer fundamentals, data structures, networking fundamentals, web development, and more."
Diploma in Computer Science Engineering,Is there an entrance exam to enrol in this program?,"Yes, to enrol in the Diploma in Computer Science Engineering Program, you’ll need to appear for the Kalinga Scholastic Entrance Examination (KALSEE). To know more, visit - KALSEE."
Diploma in Computer Science Engineering,What is the fee structure of this program?,"For detailed fees information, please refer to the Fees section mentioned above."
Diploma in Computer Science Engineering,What are the career opportunities after completing this degree?,"Students can explore diverse career opportunities and work as a Software Developer, Web Developer, IT Support Technician, Database Administrator, Network Engineer, Hardware Technician, and more."
Diploma in Computer Science Engineering,Does Kalinga University provide internships or placement opportunities to students?,"Yes, we conduct on-campus and off-campus internship programs for our students and even provide on-campus placement assistance where top recruiters hire graduates. Moreover, our training and placement team conducts personalised training programs, preparing students with the latest industry-relevant skills."
Diploma in Electrical Engineering,What is the Diploma in Electrical Engineering Program at Kalinga University all about?,"The Diploma in Electrical Engineering is a foundational program that focuses on the practical knowledge of electrical systems used in industries and everyday applications. Students learn skills such as basic electrical circuits, wiring and installation, fault detection, maintenance and repair, safety procedures, and more."
Diploma in Electrical Engineering,Is there an entrance exam to enrol in this program?,"Yes, to enrol in the Diploma in Mechanical Engineering Program, you’ll need to appear for the Kalinga Scholastic Entrance Examination (KALSEE). To know more, visit - KALSEE."
Diploma in Electrical Engineering,What is the fee structure of this program?,"For detailed fees information, please refer to the Fees section mentioned above."
Diploma in Electrical Engineering,What are the career opportunities after completing this degree?,"Students can explore diverse career opportunities and work as Electrical Technician, Maintenance Supervisor, Wiring & Installation Technician, Power Distribution Technician, Electrical Testing Technician, Electrical Service Technician, Plant Electrical Assistant, and more."
Diploma in Electrical Engineering,Does Kalinga University provide internships or placement opportunities to students?,"Yes, we conduct on-campus and off-campus internship programs for our students and even provide on-campus placement assistance where top recruiters hire graduates. Moreover, our training and placement team conducts personalised training programs, preparing students with the latest industry-relevant skills."
Diploma in Mechanical Engineering,What is the Diploma in Mechanical Engineering Program at Kalinga University all about?,"The Diploma in Mechanical Engineering is a foundational program that prepares students with the fundamentals of mechanical engineering concepts and their practical applications. Through this program, students learn machine operation, tool handling, mechanical drawing, maintenance techniques, safety practices, and more."
Diploma in Mechanical Engineering,Is there an entrance exam to enrol in this program?,"Yes, to enrol in the Diploma in Mechanical Engineering Program, you’ll need to appear for the Kalinga Scholastic Entrance Examination (KALSEE). To know more, visit - KALSEE."
Diploma in Mechanical Engineering,What is the fee structure of this program?,"For detailed fees information, please refer to the Fees section mentioned above."
Diploma in Mechanical Engineering,What are the career opportunities after completing this degree?,"Students can explore diverse career opportunities and work as Mechanical Technicians, Maintenance Technicians, Production Supervisors, Quality Control Technicians, Fabrication Supervisors, Industrial Equipment Technicians, and more."
Diploma in Mechanical Engineering,Does Kalinga University provide internships or placement opportunities to students?,"Yes, we conduct on-campus and off-campus internship programs for our students and even provide on-campus placement assistance where top recruiters hire graduates. Moreover, our training and placement team conducts personalised training programs, preparing students with the latest industry-relevant skills."
Diploma in Mining Engineering,What is the Diploma in Mining Engineering Program at Kalinga University all about?,"The Diploma in Mining Engineering program focuses on practical knowledge of mineral extraction and mining operations. Through this program, students learn mining methods, surveying techniques, mineral processing, drilling and blasting techniques, safety protocols, equipment handling, and more."
Diploma in Mining Engineering,Is there an entrance exam to enrol in this program?,"Yes, to enrol in the Diploma in Mining Engineering Program, you’ll need to appear for the Kalinga Scholastic Entrance Examination (KALSEE). To know more, visit - KALSEE."
Diploma in Mining Engineering,What is the fee structure of this program?,"For detailed fees information, please refer to the Fees section mentioned above."
Diploma in Mining Engineering,What are the career opportunities after completing this degree?,"Students can explore diverse career opportunities and work as Mining Technicians, Mine Supervisors, Junior Mining Engineers, Survey Assistants, Blasting Supervisors, Mine Safety Assistants, Mine Planning Assistants, and more."
Diploma in Mining Engineering,Does Kalinga University provide internships or placement opportunities to students?,"Yes, we conduct on-campus and off-campus internship programs for our students and even provide on-campus placement assistance where top recruiters hire graduates. Moreover, our training and placement team conducts personalised training programs, preparing students with the latest industry-relevant skills."
Diploma in Pharmacy,What is the D.Pharmacy Program at Kalinga University all about?,"The Diploma in Pharmacy Program provides foundational knowledge in drug formulation, patient interaction, pharmaceutical sciences, pharmacology, dispensing, and regulatory compliance. It is for those who want to quickly start their career by learning the essential fundamentals of the industry."
Diploma in Pharmacy,Is there an entrance exam to enrol in this program?,"Yes, to enrol in the D.Pharmacy Program, you’ll need to appear for the Kalinga Scholastic Entrance Examination (KALSEE). To know more, visit - KALSEE."
Diploma in Pharmacy,What is the fee structure of this program?,"For detailed fees information, please refer to the Fees section mentioned above."
Diploma in Pharmacy,What are the career opportunities after completing this degree?,"Students can explore diverse career opportunities and work as Retail Pharmacists, Hospital Pharmacy Assistants, Dispensing Pharmacists, Pharmacy Stock Controllers, Medical Shop Supervisors, and more."
Diploma in Pharmacy,Does Kalinga University provide internships or placement opportunities to D.Pharmacy students?,"Yes, we conduct on-campus and off-campus internship programs for our students and even provide on-campus placement assistance where top recruiters hire graduates. Moreover, our training and placement team conducts personalised training programs, preparing students with the latest industry-relevant skills."
Diploma in Yoga,What is the Diploma in Yoga Program at Kalinga University all about?,"The Diploma in Yoga Program introduces students to the foundational knowledge of yoga practices and holistic wellness. Through this program, students learn asanas, pranayama, meditation, stress management techniques, yogic relaxation methods, and more."
Diploma in Yoga,Is there an entrance exam to enrol in this program?,"Yes, to enrol in the Diploma in Yoga Program, you’ll need to appear for the Kalinga Scholastic Entrance Examination (KALSEE). To know more, visit - KALSEE."
Diploma in Yoga,What is the fee structure of this program?,"For detailed fees information, please refer to the Fees section mentioned above."
Diploma in Yoga,What are the career opportunities after completing this degree?,"Students explore diverse career opportunities and work as Yoga Instructors, Corporate Wellness Assistants, Community Yoga Facilitators, Meditation Practice Assistants, School Yoga Instructors, Yoga Program Coordinators, Personal Yoga Trainers, and more."
Diploma in Yoga,Does Kalinga University provide internships or placement opportunities to students?,"Yes, we conduct on-campus and off-campus internship programs for our students and even provide on-campus placement assistance where top recruiters hire graduates. Moreover, our training and placement team conducts personalised training programs, preparing students with the latest industry-relevant skills."
Doctor of Pharmacy,What is the Pharm.D Program at Kalinga University all about?,"The Doctor of Pharmacy (Pharm.D) is a doctoral degree program for licensed pharmacy practitioners who want to gain advanced knowledge and excel in clinical decision-making and research. The program prepares them with skills like patient care management, medication therapy management, clinical pharmacokinetics, clinical research skills, Healthcare Ethics, and more."
Doctor of Pharmacy,Is there an entrance exam to enrol in this program?,"Yes, to enrol in the Pharm.D Program, you’ll need to appear for the Kalinga Scholastic Entrance Examination (KALSEE). To know more, visit - KALSEE."
Doctor of Pharmacy,What is the fee structure of this program?,"For detailed fees information, please refer to the Fees section mentioned above."
Doctor of Pharmacy,What are the career opportunities after completing this degree?,"Pharm.D graduates can explore diverse career opportunities and work as Hospital Medication Safety Officers, Clinical Pharmacists, Pharmacotherapy Specialists, Patient Care Pharmacists, Therapeutic Drug Monitoring Experts, Medical Affairs Clinical Experts, and more."
Doctor of Pharmacy,Does Kalinga University provide internships or placement opportunities to Pharm.D students?,"Yes, we conduct on-campus and off-campus internship programs for our students and even provide on-campus placement assistance where top recruiters hire graduates. Moreover, our training and placement team conducts personalised training programs, preparing students with the latest industry-relevant skills."
Master of Animation & Visual Effects,What is the M.An & VFX Program at Kalinga University all about?,"The Master of Animation & Visual Effects (M.An & VFX) is a postgraduate program that focuses on advanced animation techniques and visual effects technologies. Through this program, students learn advanced VFX design, 3D animation, visual effects pipelines, cinematic effects, production management, and more."
Master of Animation & Visual Effects,Is there an entrance exam to enrol in this program?,"Yes, to enrol in the M.An & VFX program, you’ll need to appear for the Kalinga Scholastic Entrance Examination (KALSEE). To know more, visit - KALSEE."
Master of Animation & Visual Effects,What is the fee structure of this program?,"For detailed fees information, please refer to the Fees section mentioned above."
Master of Animation & Visual Effects,What are the career opportunities after completing this degree?,"Graduates can explore diverse career opportunities and work as Senior VFX Artists, Animation Directors, VFX Supervisors, Motion Graphics Designers, Creative Visual Consultants, Film & OTT Post-Production Specialists, Character Design Artists, Multimedia Content Creators, and more."
Master of Animation & Visual Effects,Does Kalinga University provide internships or placement opportunities to students?,"Yes, we conduct on-campus and off-campus internship programs for our students and even provide on-campus placement assistance where top recruiters hire graduates. Moreover, our training and placement team conducts personalised training programs, preparing students with the latest industry-relevant skills."
Master of Arts (With PSC Coaching),What is the MA with PSC Coaching Program at Kalinga University all about?,"With a Master of Arts (MA) degree with a Public Service Commission (PSC) Coaching Program, students gain in-depth subject knowledge of arts and humanities, along with structured preparation for various competitive government exams. With this program, students learn to interpret social, economic, and political issues, develop critical thinking abilities, learn effective communication and answer-writing techniques, time management, policy interpretation, and decision-making skills."
Master of Arts (With PSC Coaching),Is there an entrance exam to enrol in this program?,"Yes, to enrol in the MA with PSC Coaching Program, you’ll need to appear for the Kalinga Scholastic Entrance Examination (KALSEE). To know more, visit - KALSEE."
Master of Arts (With PSC Coaching),What is the fee structure of this program?,"For detailed fees information, please refer to the Fees section mentioned above."
Master of Arts (With PSC Coaching),What are the career opportunities after completing this degree?,"Graduates can explore diverse career opportunities and work as Economic Research Assistants, Academic Content Editors, Environmental Planning Associates, Hindi Content Writers, Heritage Documentation Associates, Cultural Studies Researchers, Statistical Data Analysts, Public Policy Research Assistants, Social Impact Assessment Executives, and more."
Master of Arts (With PSC Coaching),Does Kalinga University provide internships or placement opportunities to students?,"Yes, we conduct on-campus and off-campus internship programs for our students and even provide on-campus placement assistance where top recruiters hire graduates. Moreover, our training and placement team conducts personalised training programs, preparing students with the latest industry-relevant skills."
Master of Arts in Education,What is the MA in Education Program at Kalinga University all about?,"The Master of Arts in Education is a postgraduate degree program that enables educators to advance their careers by focusing on classroom leadership, educational policy development, new teaching methods, and educational research."
Master of Arts in Education,Is there an entrance exam to enrol in this program?,"Yes, to enrol in the MA in Education Program, you’ll need to appear for the Kalinga Scholastic Entrance Examination (KALSEE). To know more, visit - KALSEE."
Master of Arts in Education,What is the fee structure of this program?,"For detailed fees information, please refer to the Fees section mentioned above."
Master of Arts in Education,What are the career opportunities after completing this degree?,"Graduates can explore diverse career opportunities and work as Education Research Associates, Educational Content Developers, Education Quality Analysts, Academic Program Managers, Educational Policy Analysts, Textbook Authors, and more."
Master of Arts in Education,Does Kalinga University provide internships or placement opportunities to students?,"Yes, we conduct on-campus and off-campus internship programs for our students and even provide on-campus placement assistance where top recruiters hire graduates. Moreover, our training and placement team conducts personalised training programs, preparing students with the latest industry-relevant skills."
Master of Arts in Film Making [In Collaboration with Niira educom],What is the MA in Film Making Program at Kalinga University all about?,"The Master of Arts in Film Making is a postgraduate program designed for students who want to take their filmmaking skills to the professional level. The program focuses on the in-depth study of advanced production techniques, cinematic storytelling, advanced tools and production techniques, digital cinematography, documentary filmmaking, storyboarding techniques, and more."
Master of Arts in Film Making [In Collaboration with Niira educom],Is there an entrance exam to enrol in this program?,"Yes, to enrol in the MA in Film Making Program, you’ll need to appear for the Kalinga Scholastic Entrance Examination (KALSEE). To know more, visit - KALSEE."
Master of Arts in Film Making [In Collaboration with Niira educom],What is the fee structure of this program?,"For detailed fees information, please refer to the Fees section mentioned above."
Master of Arts in Film Making [In Collaboration with Niira educom],What are the career opportunities after completing this degree?,"Graduates can explore diverse career opportunities and work as Film Directors, Film Producers, Screenplay Writers, Documentary Filmmakers, OTT Content Creators, Film Critics, Film Project Managers, Cinematic Colourists, and more."
Master of Arts in Film Making [In Collaboration with Niira educom],Does Kalinga University provide internships or placement opportunities to students?,"Yes, we conduct on-campus and off-campus internship programs for our students and even provide on-campus placement assistance where top recruiters hire graduates. Moreover, our training and placement team conducts personalised training programs, preparing students with the latest industry-relevant skills."
Master of Arts in Film Making [In Collaboration with Niira educom],What is the MA in Film Making Program at Kalinga University all about?,"The Master of Arts in Film Making is a postgraduate program designed for students who want to take their filmmaking skills to the professional level. The program focuses on the in-depth study of advanced production techniques, cinematic storytelling, advanced tools and production techniques, digital cinematography, documentary filmmaking, storyboarding techniques, and more."
Master of Arts in Film Making [In Collaboration with Niira educom],Is there an entrance exam to enrol in this program?,"Yes, to enrol in the MA in Film Making Program, you’ll need to appear for the Kalinga Scholastic Entrance Examination (KALSEE). To know more, visit - KALSEE."
Master of Arts in Film Making [In Collaboration with Niira educom],What is the fee structure of this program?,"For detailed fees information, please refer to the Fees section mentioned above."
Master of Arts in Film Making [In Collaboration with Niira educom],What are the career opportunities after completing this degree?,"Graduates can explore diverse career opportunities and work as Film Directors, Film Producers, Screenplay Writers, Documentary Filmmakers, OTT Content Creators, Film Critics, Film Project Managers, Cinematic Colourists, and more."
Master of Arts in Film Making [In Collaboration with Niira educom],Does Kalinga University provide internships or placement opportunities to students?,"Yes, we conduct on-campus and off-campus internship programs for our students and even provide on-campus placement assistance where top recruiters hire graduates. Moreover, our training and placement team conducts personalised training programs, preparing students with the latest industry-relevant skills."
Master of Arts in Journalism and Mass Communication with PSC Coaching,What is the MA (J & MC) with PSC Coaching Program at Kalinga University all about?,"A Master of Arts in Journalism and Mass Communication is a postgraduate program that focuses on advanced journalism and media studies, while preparing students for competitive government exams. With this program, students get an in-depth knowledge of public policy, media laws, and ethical reporting, while PSC Coaching makes them aware of social issues and current affairs."
Master of Arts in Journalism and Mass Communication with PSC Coaching,Is there an entrance exam to enrol in this program?,"Yes, to enrol in the MA (J & MC) with PSC Coaching Program, you’ll need to appear for the Kalinga Scholastic Entrance Examination (KALSEE). To know more, visit - KALSEE."
Master of Arts in Journalism and Mass Communication with PSC Coaching,What is the fee structure of this program?,"For detailed fees information, please refer to the Fees section mentioned above."
Master of Arts in Journalism and Mass Communication with PSC Coaching,What are the career opportunities after completing this degree?,"Graduates can explore diverse career opportunities and work as Media Research Analyst, Public Affairs Content Strategist, Advanced Content Editor, Public Information Executive, Media Ethics Researcher, Digital Media Strategist, Current Affairs Research Associate, and more."
Master of Arts in Journalism and Mass Communication with PSC Coaching,Does Kalinga University provide internships or placement opportunities to students?,"Yes, we conduct on-campus and off-campus internship programs for our students and even provide on-campus placement assistance where top recruiters hire graduates. Moreover, our training and placement team conducts personalised training programs, preparing students with the latest industry-relevant skills."
Master of Arts in Physical Education,What is the MA in Physical Education Program at Kalinga University all about?,"The Master of Arts in Physical Education is a postgraduate degree program that focuses on providing students with knowledge in exercise science, sports management, sports psychology, advanced sports training methods, sports nutrition, injury prevention, research methods, sports data analysis, and much more."
Master of Arts in Physical Education,Is there an entrance exam to enrol in this program?,"Yes, to enrol in the MA in Physical Education Program, you’ll need to appear for the Kalinga Scholastic Entrance Examination (KALSEE). To know more, visit - KALSEE."
Master of Arts in Physical Education,What is the fee structure of this program?,"For detailed fees information, please refer to the Fees section mentioned above."
Master of Arts in Physical Education,What are the career opportunities after completing this degree?,"Graduates can explore diverse career opportunities and work as Fitness Program Managers, Sports Science Research Assistants, Athletic Performance Analysts, Physical Education Lecturers, Sports Event Managers, Wellness Program Consultants, Fitness Assessment Specialists, and more."
Master of Arts in Physical Education,Does Kalinga University provide internships or placement opportunities to students?,"Yes, we conduct on-campus and off-campus internship programs for our students and even provide on-campus placement assistance where top recruiters hire graduates. Moreover, our training and placement team conducts personalised training programs, preparing students with the latest industry-relevant skills."
Master Of Business Administration,What is the MBA Program at Kalinga University all about?,"The Master of Business Administration (MBA) Program at Kalinga University transforms graduates into confident business leaders and decision-makers, while offering specialisations in Banking and Insurance, Business Analytics, Digital Marketing & E-Commerce, Finance Management, Healthcare and Hospital Management, Human Resource Management, International Business Management, Logistics and Supply Chain Management, Marketing Management, Pharmaceutical Business Management, and Startup and Entrepreneurship."
Master Of Business Administration,Is there an entrance exam to enrol in this program?,"Yes, to enrol in the MBA program, you’ll need to appear for the Kalinga Management Aptitude Test (KAL-MAT). To know more, visit - KAL-MAT."
Master Of Business Administration,What is the fee structure of this program?,"For detailed fees information, please refer to the Fees section mentioned above."
Master Of Business Administration,What are the career opportunities after completing this degree?,"MBA graduates can explore diverse career opportunities and work as Accounts Managers, Project Managers, Marketing Managers, Global Supply Chain Managers, Export-Import Managers, Human Resource Managers, Hotel General Managers, Hospital Administrators, and more."
Master Of Business Administration,Does Kalinga University provide internships or placement opportunities to MBA students?,"Yes, we conduct on-campus and off-campus internship programs for our students and even provide on-campus placement assistance where top recruiters hire graduates. Moreover, our training and placement team conducts personalised training programs, preparing students with the latest industry-relevant skills."
Master Of Commerce,What is the M.Com Program at Kalinga University all about?,"The Master of Commerce (M.Com) Program provides advanced knowledge and skills required in higher-level corporate and managerial roles. The program focuses on preparing students with advanced concepts, critical thinking, research-based learning, and problem-solving skills."
Master Of Commerce,Is there an entrance exam to enrol in this program?,"Yes, to enrol in the M.Com program, you’ll need to appear for the Kalinga Scholastic Entrance Examination (KALSEE). To know more, visit - KALSEE."
Master Of Commerce,What is the fee structure of this program?,"For detailed fees information, please refer to the Fees section mentioned above."
Master Of Commerce,What are the career opportunities after completing this degree?,"M.Com graduates can explore diverse career opportunities and work as Accounts Manager, Investment Advisor, Auditor, Finance Manager, Business Analyst, Banking Professional, GST Specialist, and more."
Master Of Commerce,Does Kalinga University provide internships or placement opportunities to M.Com students?,"Yes, we conduct on-campus and off-campus internship programs for our students and even provide on-campus placement assistance where top recruiters hire graduates. Moreover, our training and placement team conducts personalised training programs, preparing students with the latest industry-relevant skills."
Master of Computer Applications,What is the MCA Program at Kalinga University all about?,"The Master of Computer Applications (MCA) is a postgraduate program that focuses on in-depth study of computer applications, programming languages, data structures & algorithms, database management systems, operating systems, cloud computing, system architecture, software development frameworks, full-stack development, computer networks, and more."
Master of Computer Applications,Is there an entrance exam to enrol in this program?,"Yes, to enrol in the MCA Program, you’ll need to appear for the Kalinga Scholastic Entrance Examination (KALSEE). To know more, visit - KALSEE."
Master of Computer Applications,What is the fee structure of this program?,"For detailed fees information, please refer to the Fees section mentioned above."
Master of Computer Applications,What are the career opportunities after completing this degree?,"Graduates can explore diverse career opportunities and work as Software Engineers, Full Stack Developers, Backend Application Developers, Systems Analysts, Database Administrators, Mobile Application Developers, Data Engineers, and more."
Master of Computer Applications,Does Kalinga University provide internships or placement opportunities to students?,"Yes, we conduct on-campus and off-campus internship programs for our students and even provide on-campus placement assistance where top recruiters hire graduates. Moreover, our training and placement team conducts personalised training programs, preparing students with the latest industry-relevant skills."
Master of Computer Science in AI & ML and Cybersecurity,What is the  M.CS in AI & ML and Cybersecurity Program at Kalinga University all about?,"The Master of Computer Science with specialisations in Artificial Intelligence, Machine Learning, and Cybersecurity program prepares students with advanced expertise in intelligent systems and cyber defence technologies. Through this program, students learn advanced programming, AI system design and model deployment, NLP, computer vision, machine learning optimization, deep learning techniques, advanced cybersecurity architecture, incident response management, and more."
Master of Computer Science in AI & ML and Cybersecurity,Is there an entrance exam to enrol in this program?,"Yes, to enrol in the M.CS in AI & ML and Cybersecurity Program, you’ll need to appear for the Kalinga Scholastic Entrance Examination (KALSEE). To know more, visit - KALSEE."
Master of Computer Science in AI & ML and Cybersecurity,What is the fee structure of this program?,"For detailed fees information, please refer to the Fees section mentioned above."
Master of Computer Science in AI & ML and Cybersecurity,What are the career opportunities after completing this degree?,"Graduates can explore diverse career opportunities and work as AI Solutions Architects, Machine Learning Engineers, Cybersecurity Consultants, Threat Intelligence Analysts, Data Security Architects, AI Product Engineers, Incident Response Managers, and more."
Master of Computer Science in AI & ML and Cybersecurity,Does Kalinga University provide internships or placement opportunities to students?,"Yes, we conduct on-campus and off-campus internship programs for our students and even provide on-campus placement assistance where top recruiters hire graduates. Moreover, our training and placement team conducts personalised training programs, preparing students with the latest industry-relevant skills."
Master of Data Science,What is the MDS Program at Kalinga University all about?,"The Master of Data Science is a postgraduate program that prepares students with advanced skills in data analysis and data-driven decision-making. Through this program, students learn programming, data analytics, statistical modelling, data visualisation, big data tools, machine learning techniques, data mining, and more."
Master of Data Science,Is there an entrance exam to enrol in this program?,"Yes, to enrol in the MDS Program, you’ll need to appear for the Kalinga Scholastic Entrance Examination (KALSEE). To know more, visit - KALSEE."
Master of Data Science,What is the fee structure of this program?,"For detailed fees information, please refer to the Fees section mentioned above."
Master of Data Science,What are the career opportunities after completing this degree?,"Graduates can explore diverse career opportunities and work as Data Scientists, Big Data Engineers, Data Visualisation Specialists, Statistical Modelling Consultants, Data Product Managers, Senior Data Analysts, and more."
Master of Data Science,Does Kalinga University provide internships or placement opportunities to students?,"Yes, we conduct on-campus and off-campus internship programs for our students and even provide on-campus placement assistance where top recruiters hire graduates. Moreover, our training and placement team conducts personalised training programs, preparing students with the latest industry-relevant skills."
Master of Fashion Design,What is the  Master of FD Program at Kalinga University all about?,"The Master of Fashion Design is a postgraduate program that focuses on advanced knowledge of design management and fashion innovation. Through this program, students learn fashion forecasting, sustainable fashion, fashion branding, fashion merchandising, fabric selection, fashion styling, and more."
Master of Fashion Design,Is there an entrance exam to enrol in this program?,"Yes, to enrol in the Master of FD Program, you’ll need to appear for the Kalinga Scholastic Entrance Examination (KALSEE). To know more, visit - KALSEE."
Master of Fashion Design,What is the fee structure of this program?,"For detailed fees information, please refer to the Fees section mentioned above."
Master of Fashion Design,What are the career opportunities after completing this degree?,"Graduates can explore diverse career opportunities and work as Senior Fashion Designers, Fashion Brand Consultants, Fashion Product Development Managers, Sustainable Fashion Specialists, Fashion Trend Forecasting Experts, Fashion Design Educators, and more."
Master of Fashion Design,Does Kalinga University provide internships or placement opportunities to students?,"Yes, we conduct on-campus and off-campus internship programs for our students and even provide on-campus placement assistance where top recruiters hire graduates. Moreover, our training and placement team conducts personalised training programs, preparing students with the latest industry-relevant skills."
Master of Interior Design,What is the Master of ID Program at Kalinga University all about?,"The Master of Interior Design is a postgraduate program that focuses on advanced study of interior architecture and design innovation. Through this program, students learn space planning, interior architecture, sustainable design strategies, smart interior technologies, advanced 3D visualisation, and more."
Master of Interior Design,Is there an entrance exam to enrol in this program?,"Yes, to enrol in the Master of ID Program, you’ll need to appear for the Kalinga Scholastic Entrance Examination (KALSEE). To know more, visit - KALSEE."
Master of Interior Design,What is the fee structure of this program?,"For detailed fees information, please refer to the Fees section mentioned above."
Master of Interior Design,What are the career opportunities after completing this degree?,"Graduates can explore diverse career opportunities and work as Interior Project Manager, Design Consultant (Residential & Commercial), Sustainable & Green Design Specialist, Workspace & Corporate Interior Strategist, Hospitality & Luxury Space Designer, Urban Interior Planning Consultant, and more."
Master of Interior Design,Does Kalinga University provide internships or placement opportunities to students?,"Yes, we conduct on-campus and off-campus internship programs for our students and even provide on-campus placement assistance where top recruiters hire graduates. Moreover, our training and placement team conducts personalised training programs, preparing students with the latest industry-relevant skills."
Master of Law [Dual Specialisation],What is the LLM Program at Kalinga University all about?,"The Master of Law (LLM) at Kalinga University is a postgraduate program that allows students to master two different specialisations of their choice. It enables students master advanced legal concepts, subject-specific laws, solve challenging legal cases, develop research skills, and gain an understanding of the national and international legal frameworks."
Master of Law [Dual Specialisation],Is there an entrance exam to enrol in this program?,"Yes, to enrol in the LLM Program, you’ll need to appear for the Kalinga Scholastic Entrance Examination (KALSEE). To know more, visit - KALSEE."
Master of Law [Dual Specialisation],What is the fee structure of this program?,"For detailed fees information, please refer to the Fees section mentioned above."
Master of Law [Dual Specialisation],What are the career opportunities after completing this degree?,"Graduates can explore diverse career opportunities and work as Senior Legal Advisors, International Law Consultants, Cyber Law Specialists, Intellectual Property Rights Consultants, Arbitration & Mediation Specialists, Subject Matter Experts, Human Rights & Constitutional Law Experts, and other professionals."
Master of Law [Dual Specialisation],Does Kalinga University provide internships or placement opportunities to LLM Students?,"Yes, we conduct on-campus and off-campus internship programs for our students and even provide on-campus placement assistance where top recruiters hire graduates. Moreover, our training and placement team conducts personalised training programs, preparing students with the latest industry-relevant skills."
Master of Library & Information Science,What is the M.Lib. Program at Kalinga University all about?,"The Master of Library & Information Science (M.Lib.) Program provides higher-level knowledge of library systems and information management. Through this program, students learn digital library management, database management, library automation systems, library networking, research techniques, and more."
Master of Library & Information Science,Is there an entrance exam to enrol in this program?,"Yes, to enrol in the M.Lib. Program, you’ll need to appear for the Kalinga Scholastic Entrance Examination (KALSEE). To know more, visit - KALSEE."
Master of Library & Information Science,What is the fee structure of this program?,"For detailed fees information, please refer to the Fees section mentioned above."
Master of Library & Information Science,What are the career opportunities after completing this degree?,"Graduates can explore diverse career opportunities and work as Librarians, Digital Knowledge Managers, Research Data Librarians, Academic Library Heads, Information Systems Managers, Institutional Repository Managers, Documentation and Records Managers, and more."
Master of Library & Information Science,Does Kalinga University provide internships or placement opportunities to students?,"Yes, we conduct on-campus and off-campus internship programs for our students and even provide on-campus placement assistance where top recruiters hire graduates. Moreover, our training and placement team conducts personalised training programs, preparing students with the latest industry-relevant skills."
Master of Pharmacy,What is the M.Pharmacy Program at Kalinga University all about?,"The Master of Pharmacy (M.Pharmacy) is a postgraduate program that focuses on providing specialised knowledge in Pharmaceutics, Pharmacology, and Pharmaceutical Chemistry, preparing students for advanced roles in the industry. The program emphasises innovation and research, advanced drug formulation, lab techniques, quality standards, and regulatory practices."
Master of Pharmacy,Is there an entrance exam to enrol in this program?,"Yes, to enrol in the M.Pharmacy program, you’ll need to appear for the Kalinga Scholastic Entrance Examination (KALSEE). To know more, visit - KALSEE."
Master of Pharmacy,What is the fee structure of this program?,"For detailed fees information, please refer to the Fees section mentioned above."
Master of Pharmacy,What are the career opportunities after completing this degree?,"Graduates can explore diverse career opportunities and work as Research Scientists, Pharmaceutical R&D Managers, Drug Development Scientists, Toxicology Specialists, Pharmaceutical Consultants, Academic Research Faculty, and more"
Master of Pharmacy,Does Kalinga University provide internships or placement opportunities to M.Pharmacy students?,"Yes, we conduct on-campus and off-campus internship programs for our students and even provide on-campus placement assistance where top recruiters hire graduates. Moreover, our training and placement team conducts personalised training programs, preparing students with the latest industry-relevant skills."
Master of Science,What is the M.Sc. Program at Kalinga University all about?,"The Master of Science is a postgraduate program that focuses on providing in-depth knowledge in various streams like Biochemistry, Bioinformatics, Biotechnology, Botany, Chemistry, Mathematics, Microbiology, Physics, and Zoology. The program emphasises advanced theoretical concepts and lab training."
Master of Science,Is there an entrance exam to enrol in this program?,"Yes, to enrol in the M.Sc. Program, you’ll need to appear for the Kalinga Scholastic Entrance Examination (KALSEE). To know more, visit - KALSEE."
Master of Science,What is the fee structure of this program?,"For detailed fees information, please refer to the Fees section mentioned above."
Master of Science,What are the career opportunities after completing this degree?,"Graduates can explore diverse career opportunities and work as Research Assistants, Quality Control Analysts, Academic Tutors / Lecturers (with eligibility norms), Clinical Research Associates, Environmental Analysts, Pharmaceutical Research Executives, Bioinformatics Analysts, Scientific Content Developers, and more."
Master of Science,Does Kalinga University provide internships or placement opportunities to students?,"Yes, we conduct on-campus and off-campus internship programs for our students and even provide on-campus placement assistance where top recruiters hire graduates. Moreover, our training and placement team conducts personalised training programs, preparing students with the latest industry-relevant skills."
Master of Science in Forensic Science,What is the M.Sc. in Forensic Science Program at Kalinga University all about?,"The Master of Science in Forensic Science Program provides students with advanced knowledge in forensic investigation, forensic toxicology, DNA analysis, digital forensics, research-based analysis, and more."
Master of Science in Forensic Science,Is there an entrance exam to enrol in this program?,"Yes, to enrol in the M.Sc. in Forensic Science Program, you’ll need to appear for the Kalinga Scholastic Entrance Examination (KALSEE). To know more, visit - KALSEE."
Master of Science in Forensic Science,What is the fee structure of this program?,"For detailed fees information, please refer to the Fees section mentioned above."
Master of Science in Forensic Science,What are the career opportunities after completing this degree?,"Graduates can explore diverse career opportunities and work as Forensic Toxicologists, Cyber Forensics Experts, DNA Analysis Specialists, Digital Forensics Consultants, Legal Forensics Consultants, Advanced Fingerprint Analysts, Forensic Laboratory Managers, and more."
Master of Science in Forensic Science,Does Kalinga University provide internships or placement opportunities to students?,"Yes, we conduct on-campus and off-campus internship programs for our students and even provide on-campus placement assistance where top recruiters hire graduates. Moreover, our training and placement team conducts personalised training programs, preparing students with the latest industry-relevant skills."
Master of Science in Yoga,What is the M.Sc. in Yoga Program at Kalinga University all about?,"The Master of Science in Yoga Program offers advanced learning of yoga science, therapy, and research. Through this program, students learn therapeutic yoga applications, meditation practices, research techniques, wellness counselling, lifestyle management, and more."
Master of Science in Yoga,Is there an entrance exam to enrol in this program?,"Yes, to enrol in the M.Sc. in Yoga Program, you’ll need to appear for the Kalinga Scholastic Entrance Examination (KALSEE). To know more, visit - KALSEE."
Master of Science in Yoga,What is the fee structure of this program?,"For detailed fees information, please refer to the Fees section mentioned above."
Master of Science in Yoga,What are the career opportunities after completing this degree?,"Graduates can explore diverse career opportunities and work as Senior Yoga Therapists, Clinical Yoga Specialists, Yoga Research Scholars, Wellness Program Managers, Rehabilitation Therapy Specialists, Mental Health & Wellness Consultants, and more."
Master of Science in Yoga,Does Kalinga University provide internships or placement opportunities to students?,"Yes, we conduct on-campus and off-campus internship programs for our students and even provide on-campus placement assistance where top recruiters hire graduates. Moreover, our training and placement team conducts personalised training programs, preparing students with the latest industry-relevant skills."
Master of Social Work (With PSC Coaching),What is the MSW with PSC Coaching Program at Kalinga University all about?,"The Master of Social Work (MSW) with a Public Service Commission (PSC) Coaching Program prepares students with advanced social work education, along with preparation for various competitive government exams. With this program, students build strong decision-making, leadership, and policy development and interpretation skills, while gaining practical exposure through fieldwork and case studies."
Master of Social Work (With PSC Coaching),Is there an entrance exam to enrol in this program?,"Yes, to enrol in the MSW with PSC Coaching Program, you’ll need to appear for the Kalinga Scholastic Entrance Examination (KALSEE). To know more, visit - KALSEE."
Master of Social Work (With PSC Coaching),What is the fee structure of this program?,"For detailed fees information, please refer to the Fees section mentioned above."
Master of Social Work (With PSC Coaching),What are the career opportunities after completing this degree?,"Graduates can explore diverse career opportunities and work as Social Policy Executive, CSR Program Manager, NGO Project Lead, Research & Evaluation Executive, Public Policy Researcher, Social Impact Consultant, Welfare Program Coordinator, Field Research Specialist, and more."
Master of Social Work (With PSC Coaching),Does Kalinga University provide internships or placement opportunities to students?,"Yes, we conduct on-campus and off-campus internship programs for our students and even provide on-campus placement assistance where top recruiters hire graduates. Moreover, our training and placement team conducts personalised training programs, preparing students with the latest industry-relevant skills."
Master of Technology in Civil Engineering,What is the M.Tech in Civil Engineering Program at Kalinga University all about?,"The Master of Technology in Civil Engineering program focuses on the advanced concepts in structural design and infrastructure development. The program prepares students with advanced engineering skills such as structural analysis, geotechnical engineering, project planning, sustainable construction practices, smart construction techniques, and more."
Master of Technology in Civil Engineering,Is there an entrance exam to enrol in this program?,"Yes, to enrol in the M.Tech in Civil Engineering Program, you’ll need to appear for the Kalinga Scholastic Entrance Examination (KALSEE). To know more, visit - KALSEE."
Master of Technology in Civil Engineering,What is the fee structure of this program?,"For detailed fees information, please refer to the Fees section mentioned above."
Master of Technology in Civil Engineering,What are the career opportunities after completing this degree?,"Graduates can explore diverse career opportunities and work as Structural Analysis Specialists, Geotechnical Consultants, Transportation System Engineers, Environmental Planning Specialists, Sustainable Construction Specialists, Hydrology Modelling Experts, Design Engineers, and more."
Master of Technology in Civil Engineering,Does Kalinga University provide internships or placement opportunities to students?,"Yes, we conduct on-campus and off-campus internship programs for our students and even provide on-campus placement assistance where top recruiters hire graduates. Moreover, our training and placement team conducts personalised training programs, preparing students with the latest industry-relevant skills."
Master of Technology in Computer Science Engineering,What is the M.Tech in Computer Science Engineering Program at Kalinga University all about?,"The Master of Technology in Computer Science is a postgraduate engineering program that covers advanced skills in artificial intelligence, machine learning concepts, advanced algorithms, data analytics, cloud computing, programming languages, system design, distributed systems, and more, preparing students for higher-level roles in the tech industry."
Master of Technology in Computer Science Engineering,Is there an entrance exam to enrol in this program?,"Yes, to enrol in the M.Tech in Computer Science Engineering Program, you’ll need to appear for the Kalinga Scholastic Entrance Examination (KALSEE). To know more, visit - KALSEE."
Master of Technology in Computer Science Engineering,What is the fee structure of this program?,"For detailed fees information, please refer to the Fees section mentioned above."
Master of Technology in Computer Science Engineering,What are the career opportunities after completing this degree?,"Graduates can explore diverse career opportunities and work as Software Engineers, Research & Development Engineers, Big Data Solution Architects, Cloud Computing Specialists, Cybersecurity Consultants, Technical Project Managers, Software Performance Analysts, Advanced Algorithm Specialists, and more."
Master of Technology in Computer Science Engineering,Does Kalinga University provide internships or placement opportunities to students?,"Yes, we conduct on-campus and off-campus internship programs for our students and even provide on-campus placement assistance where top recruiters hire graduates. Moreover, our training and placement team conducts personalised training programs, preparing students with the latest industry-relevant skills."
Master of Technology in Electrical Engineering,What is the M.Tech in Electrical Engineering Program at Kalinga University all about?,"The Master of Technology in Electrical Engineering focuses on the advanced concepts of power systems and modern industrial technologies. Through this program, students learn skills such as advanced power system analysis, smart grid technologies, power electronics, high voltage engineering, power quality analysis, control systems, and more."
Master of Technology in Electrical Engineering,Is there an entrance exam to enrol in this program?,"Yes, to enrol in the M.Tech in Electrical Engineering Program, you’ll need to appear for the Kalinga Scholastic Entrance Examination (KALSEE). To know more, visit - KALSEE."
Master of Technology in Electrical Engineering,What is the fee structure of this program?,"For detailed fees information, please refer to the Fees section mentioned above."
Master of Technology in Electrical Engineering,What are the career opportunities after completing this degree?,"Graduates can explore diverse career opportunities and work as Power System Planning Specialists, High Voltage Engineering Experts, Smart Grid Engineers, Electrical Design Consultants, Power Electronics Researchers, Industrial Automation Consultants, Control Systems Engineers, and more."
Master of Technology in Electrical Engineering,Does Kalinga University provide internships or placement opportunities to students?,"Yes, we conduct on-campus and off-campus internship programs for our students and even provide on-campus placement assistance where top recruiters hire graduates. Moreover, our training and placement team conducts personalised training programs, preparing students with the latest industry-relevant skills."
Master of Technology in Mechanical Engineering,What is the M.Tech in Mechanical Engineering Program at Kalinga University all about?,"The Master of Technology in Mechanical Engineering focuses on the advanced concepts in designing, manufacturing, and maintaining complex mechanical systems. Through this program, students learn advanced manufacturing systems, machine design optimization, material selection & testing, smart manufacturing techniques, energy systems engineering, industrial simulation tools, and more."
Master of Technology in Mechanical Engineering,Is there an entrance exam to enrol in this program?,"Yes, to enrol in the M.Tech in Mechanical Engineering Program, you’ll need to appear for the Kalinga Scholastic Entrance Examination (KALSEE). To know more, visit - KALSEE."
Master of Technology in Mechanical Engineering,What is the fee structure of this program?,"For detailed fees information, please refer to the Fees section mentioned above."
Master of Technology in Mechanical Engineering,What are the career opportunities after completing this degree?,"Graduates can explore diverse career opportunities and work as Thermal Engineering Consultants, Robotics & Automation Engineers, Advanced Materials Specialists, Automotive Systems Specialists, Energy Systems Consultants, Technical Advisors, Computational Mechanics Analysts, and more."
Master of Technology in Mechanical Engineering,Does Kalinga University provide internships or placement opportunities to students?,"Yes, we conduct on-campus and off-campus internship programs for our students and even provide on-campus placement assistance where top recruiters hire graduates. Moreover, our training and placement team conducts personalised training programs, preparing students with the latest industry-relevant skills."
Post Graduate Diploma in Computer Applications,What is the PGDCA Program at Kalinga University all about?,"The Post Graduate Diploma in Computer Applications (PGDCA) program focuses on the advanced knowledge of IT tools and computer applications. Through this program, students learn programming, networking, operating systems, database management systems, web technologies, and more."
Post Graduate Diploma in Computer Applications,Is there an entrance exam to enrol in this program?,"Yes, to enrol in the PGDCA Program, you’ll need to appear for the Kalinga Scholastic Entrance Examination (KALSEE). To know more, visit - KALSEE."
Post Graduate Diploma in Computer Applications,What is the fee structure of this program?,"For detailed fees information, please refer to the Fees section mentioned above."
Post Graduate Diploma in Computer Applications,What are the career opportunities after completing this degree?,"Students can explore diverse career opportunities and work as Application Support Analysts, Junior Software Developers, Web Developers, System Support Executives, Network Support Associates, Database Support Executives, IT Operations Executives, Software Testing Engineers, and more."
Post Graduate Diploma in Computer Applications,Does Kalinga University provide internships or placement opportunities to students?,"Yes, we conduct on-campus and off-campus internship programs for our students and even provide on-campus placement assistance where top recruiters hire graduates. Moreover, our training and placement team conducts personalised training programs, preparing students with the latest industry-relevant skills."
Post Graduate Diploma in Yoga,What is the PG Diploma in Yoga Program at Kalinga University all about?,"The Postgraduate Diploma in Yoga Program focuses on the advanced understanding of yoga practices and therapeutic applications. Through this program, students learn Yoga Philosophy, Yogic Psychology, Therapeutic Yoga Applications, Yoga Asanas, Pranayama Techniques, and more."
Post Graduate Diploma in Yoga,Is there an entrance exam to enrol in this program?,"Yes, to enrol in the PG Diploma in Yoga Program, you’ll need to appear for the Kalinga Scholastic Entrance Examination (KALSEE). To know more, visit - KALSEE."
Post Graduate Diploma in Yoga,What is the fee structure of this program?,"For detailed fees information, please refer to the Fees section mentioned above."
Post Graduate Diploma in Yoga,What are the career opportunities after completing this degree?,"Students explore diverse career opportunities and work as Yoga Trainers, Wellness Program Trainers, Corporate Wellness Consultants, Wellness Centre Managers, Rehabilitation Yoga Assistants, Yoga Program Developers, Clinical Yoga Support Executives, and more."
Post Graduate Diploma in Yoga,Does Kalinga University provide internships or placement opportunities to students?,"Yes, we conduct on-campus and off-campus internship programs for our students and even provide on-campus placement assistance where top recruiters hire graduates. Moreover, our training and placement team conducts personalised training programs, preparing students with the latest industry-relevant skills."
