source_table,Sr. No,Name,Topic,Date of Publication,Application Number,Status,col7,col8
Patents 2024,1,Dr. Praveen kumar Yadav,Faculty of Engineering,ELECTRONIC NMR SPECTROSCOPY DEVICE FOR CHARACTERIZING NATURAL EXTRACTS,30.12.2024,6410113,Grant Design,
Patents 2024,2,"Mr. Ashutosh Pandey
 Dr. Akshit Lamba",Faculty of Engineering,SYSTEM AND METHOD FOR STRUCTURAL HEALTH MONITORING OF CIVIL ENGINEERING INFRASTRUCTURE,27.12.2024,202421082540,Published,
Patents 2024,3,Mr. Smruti Ranjan Dash,Faculty of Pharmacy,FORMULATION DESIGN OF RAMIPRIL TRILAYED SUSTAINED RELEASE TABLETS,13.12.2024,202431088333,Published,
Patents 2024,4,"Mr. Omprakash Dewangan
 Dr. Anupa Sinha
 Ms. Ashu Nayak
 Ms. Chandani Sawlani 
 Ms. Roohee Khan 
 Ms. Anjali Goswami 
 Mr. Adil Raja",Faculty of CS & IT,REAL-TIME EMERGENCY RESPONSE DEVICE,05.12.2024,431393-001,Grant Design,
Patents 2024,5,Dr. Jyotsna Dwivedi,Faculty of Commerce & Management,UNVEILING THE DYNAMIC INTERPLAY OF SOCIAL MEDIA’S INFLUENCE ON SOCIAL ENTREPRENEURSHIP,29.11.2024,202421083430,Published,
Patents 2024,6,"""Mr. Sachin Pradhan
Mr. Birendra Kumar Sahu""",Faculty of Pharmacy,BLOCKCHAIN-BASED METHOD FOR SECURE CLINICAL TRIAL DATA MANAGEMENT,15.11.2024,202421076028,Published,View
Patents 2024,7,"""Mr. Beyant Singh
Mr. Akash Patel""",Faculty of Pharmacy,AI-POWERED PHARMACOVIGILANCE TOOL FOR DETECTING POST-MARKET DRUG SAFETY SIGNALS,15.11.2024,202421076030,Published,View
Patents 2024,8,"""Ms. Lumita Sahu
Ms. Priya Shrivastav""",Faculty of Pharmacy,AUTOMATED PATIENT RECRUITMENT METHOD FOR CLINICAL TRIALS USING AI,15.11.2024,202421076031,Published,View
Patents 2024,9,"""Ms. Tripti Gupta
Mr. Dharamveer Singh """,Faculty of Pharmacy,BLOCKCHAIN-ENABLED METHOD FOR ENSURING INTEGRITY IN CLINICAL TRIAL DATA,15.11.2024,202421076032,Published,View
Patents 2024,10,"""Ms. Pinki Nayak
Ms. Ipsity Padhey""",Faculty of Pharmacy,REAL-TIME PHARMACOVIGILANCE MONITORING PLATFORM USING BIG DATA ANALYTICS,15.11.2024,202421076033,Published,View
Patents 2024,11,"""Ms. Shruti Singh
Dr. Anita Samal""",Faculty of Arts & Humanities,"A SYSTEM FOR INTEGRATING FEMINIST PERSPECTIVES IN WESTERN POLITICAL PHILOSOPHY: A CRITICAL REEXAMINATION OF POWER, JUSTICE, AND EQUALITY",15.11.2024,202421076048,Published,View
Patents 2024,12,Mrs. L Jyothi Reddy,Faculty of Arts & Humanities,A SYSTEM FOR INTEGRATIVE FRAMEWORK FOR EDUCATIONAL AND CLINICAL PSYCHOLOGY IN PERSONALIZED GUIDANCE AND COUNSELING PRACTICES,15.11.2024,202421076049,Published,View
Patents 2024,13,"""Ms. Sonal Singh
Dr. Shilpi Bhattacharya""",Faculty of Arts & Humanities,A SYSTEM FOR CULTURAL IDENTITY AND MODERNIZATION: EXPLORING THEMES OF TRADITION AND CHANGE IN CONTEMPORARY SOUTH KOREAN LITERATURE,15.11.2024,202421076050,Published,View
Patents 2024,14,Dr. Esha Chatterjee,Faculty of Arts & Humanities,A SYSTEM FOR FEMINIST APPROACHES TO MEDIA REPRESENTATION: A QUALITATIVE ANALYSIS OF GENDER DYNAMICS IN SCIENCE AND TECHNOLOGY DISCOURSES,15.11.2024,202421076051,Published,View
Patents 2024,15,Dr. Abhishek Agrawal,Faculty of Arts & Humanities,A SYSTEM FOR SOCIO-ECONOMIC TRANSFORMATION IN MODERN INDIA: ANALYZING HISTORICAL MILESTONES AND DEVELOPMENTAL PARADIGMS,15.11.2024,202421076052,Published,View
Patents 2024,16,"""Mr. Anil Kumar Banjare
Ms. Ayesha Bano Khan""",Faculty of Pharmacy,SMART WEARABLE DEVICE FOR REAL-TIME MEDICATION MONITORING AND REMINDERS,15.11.2024,202421078032,Published,View
Patents 2024,17,"""Ms. Ayesha Bano khan
Mr. Anil Kumar Banjare""",Faculty of Pharmacy,AI-DRIVEN METHOD FOR OPTIMIZING PHARMACEUTICAL MANUFACTURING PROCESSES,15.11.2024,202421076500,Published,View
Patents 2024,18,"""Mr. Ayush Jain
Mr. Akash Patel""",Faculty of Pharmacy,AI-POWERED METHOD FOR PREDICTING EQUIPMENT FAILURE IN DRUG MANUFACTURING,15.11.2024,202421076501,Published,View
Patents 2024,19,"""Ms. Priyanka Gupta
Dr. Shilpi Shrivastava""",Faculty of Science,A NANOPARTICLE-BASED PHYTOCHEMICAL EXTRACTION SYSTEM FOR ENVIRONMENTAL POLLUTANT DETECTION AND REMEDIATION,15.11.2024,202421078019,Published,View
Patents 2024,20,"""Mrs. Sarvaree Bano
Ms. Priyanka Gupta""",Faculty of Science,A METHOD FOR FABRICATING NANOPLATE-BASED THERMOELECTRIC MATERIALS FOR ENHANCED ENERGY CONVERSION EFFICIENCY,15.11.2024,202421078020,Published,View
Patents 2024,21,"""Dr. Amit Joshi
Mrs. Jharna Maiti""",Faculty of Science,A COMPUTATIONAL SYSTEM FOR PREDICTIVE ANALYSIS OF IMMUNE RESPONSES USING BIOTECHNOLOGICAL DATA FOR PERSONALIZED HEALTHCARE APPLICATIONS,15.11.2024,202421078021,Published,View
Patents 2024,22,"""Mr. Pranjul Srivastava
Mr. Naimish Nanda""",Faculty of Pharmacy,AUTOMATED QUALITY CONTROL METHOD FOR CONTINUOUS PHARMACEUTICAL MANUFACTURING,15.11.2024,202421076502,Published,View
Patents 2024,23,"""Dr. Sandip Prasad Tiwari
Dr. Ashok Kumar""",Faculty of Pharmacy,BLOCKCHAIN-BASED SUPPLY CHAIN MANAGEMENT METHOD FOR PHARMACEUTICAL PRODUCTS,15.11.2024,202421076503,Published,View
Patents 2024,24,"""Ms. Rashmi Sinha
Ms. Prerna Sahu""",Faculty of Pharmacy,AI-POWERED PROCESS CONTROL METHOD FOR SCALING BIOPHARMACEUTICAL PRODUCTION,15.11.2024,202421076854,Published,View
Patents 2024,25,"""Ms. Khushboo Gupta
Dr. Rupali Bharti Sao""",Faculty of Pharmacy,A METHOD FOR BLOCKCHAIN-ENABLED PHARMACEUTICAL SUPPLY CHAIN TRANSPARENCY,15.11.2024,202421076855,Published,View
Patents 2024,26,"""Ms. Nikita Sharma
Mr. Nikhil Van She""",Faculty of Pharmacy,MACHINE LEARNING-BASED METHOD FOR REAL-TIME MONITORING OF DRUG MANUFACTURING,15.11.2024,202421076856,Published,View
Patents 2024,27,"""Ms. Ipsity Padhye
Ms. Pinki Nayak""",Faculty of Pharmacy,A BLOCKCHAIN-ENABLED METHOD FOR SECURE DRUG TEST RESULT MANAGEMENT,15.11.2024,202421078022,Published,View
Patents 2024,28,"""Ms. Prerna Sahu
Mr. Mrityunjaya Bhanja""",Faculty of Pharmacy,CRISPR-BASED METHOD FOR DEVELOPING CUSTOM PHARMACEUTICAL THERAPIES,15.11.2024,202421078023,Published,View
Patents 2024,29,"""Dr. Yogesh Vaishnaw
Mrs. Tuhina Choubey""",Faculty of Arts & Humanities,A DYNAMIC CONTENT DISTRIBUTION SYSTEM AND METHOD FOR MULTI-PLATFORM ELECTRONIC MEDIA NETWORKS,15.11.2024,202421078024,Published,View
Patents 2024,30,"""Mr. Aman Agrawal
Mr. Bhuneshwar Sahu""",Faculty of Pharmacy,AI-POWERED METHOD FOR MANAGING MULTI-SITE CLINICAL TRIALS,15.11.2024,202421076967,Published,View
Patents 2024,31,"""Dr. Rupali Bharti Sao
Ms. Khushboo Gupta""",Faculty of Pharmacy,3D PRINTING METHOD FOR ON-DEMAND PHARMACEUTICAL MANUFACTURING,15.11.2024,202421078025,Published,View
Patents 2024,32,"""Mr. Peman Sinha
Ms. Anjali Rajput""",Faculty of Pharmacy,BLOCKCHAIN-BASED DIGITAL PRESCRIPTION AND DRUG DISPENSING METHOD,15.11.2024,202421078026,Published,View
Patents 2024,33,"""Mr. Bhuneshwar Sahu
Mr. Aman Agarwal""",Faculty of Pharmacy,DIGITAL THERAPEUTICS METHOD FOR ENHANCING DRUG ADHERENCE IN CHRONIC CONDITIONS,15.11.2024,202421078027,Published,View
Patents 2024,34,"""Mr. Dharamveer Singh
Ms. Tripti Gupta""",Faculty of Pharmacy,AI-DRIVEN DIAGNOSTIC TOOL FOR IDENTIFYING PATHOGENS AND DRUG RESISTANCE,15.11.2024,202421078028,Published,View
Patents 2024,35,"""Ms. Anjali Rajput
Mr. Peman Sinha""",Faculty of Pharmacy,AI-POWERED SMART PILL BOTTLE FOR MONITORING MEDICATION ADHERENCE,15.11.2024,202421078029,Published,View
Patents 2024,36,"""Mr. Nikhil Van She
Ms. Nikita Sharma""",Faculty of Pharmacy,MACHINE LEARNING-DRIVEN METHOD FOR PREDICTING PATIENT MEDICATION ADHERENCE,15.11.2024,202421078030,Published,View
Patents 2024,37,"""Mr. Akash Patel
Mr. Ayush Jain""",Faculty of Pharmacy,AI-POWERED APP FOR TRACKING AND OPTIMIZING MEDICATION COMPLIANCE,15.11.2024,202421078031,Published,View
Patents 2024,38,Dr. Sanyogita Sahi,Faculty of Science,SMART DRUG MICRODOSING DEVICE,14.11.2024,431203-001,Grant Design,View
Patents 2024,39,"""Mr. Mrutyunjaya Bhanja
Mr. Smruti Ranjan Dash""",Faculty of Pharmacy,A METHOD FOR GENERATING TAILORED MEDICATION PLANS USING A CLOUD-BASED PHARMACOGENOMICS PLATFORM,08.11.2024,202421073142,Published,View
Patents 2024,40,"""Mr. Aman
Ms. Pranjali Verma""",Faculty of Pharmacy,A METHOD FOR SIMULATING DRUG RESPONSE USING A DIGITAL TWIN SYSTEM BASED ON GENOMIC DATA,08.11.2024,202421073143,Published,View
Patents 2024,41,"""Ms. Monika Barsagade
Mr. Yogendra Sahu""",Faculty of Pharmacy,A METHOD FOR PERSONALIZED DRUG PRESCRIPTION USING ARTIFICIAL INTELLIGENCE AND GENETIC SCREENING,08.11.2024,202421073144,Published,View
Patents 2024,42,"""Dr. Tarun Pal
Mr. Jitendra Kumar Sinha""",Faculty of Pharmacy,A MACHINE LEARNING METHOD FOR PREDICTING DRUG-DRUG INTERACTIONS,08.11.2024,202421070398,Published,View
Patents 2024,43,"""Ms. Lokeshwari Sahu
Ms. Akanksha Dubey""",Faculty of Pharmacy,A METHOD FOR PREDICTING PHARMACEUTICAL STABILITY USING A DEEP LEARNING SYSTEM,08.11.2024,202421074944,Published,View
Patents 2024,44,"""Mrs. Darshi Sharma
Ms. Srishti Shrivastava""",Faculty of Law,A SYSTEM FOR AI-DRIVEN TOOL FOR REAL-TIME MONITORING AND REPORTING OF HUMAN RIGHTS VIOLATIONS,08.11.2024,202421074945,Published,View
Patents 2024,45,"""Dr. Rajnish Rai
Dr. Ankita Nihalani""",Faculty of Commerce & Management,AN AUTONOMOUS VEHICLE NAVIGATION SYSTEM WITH REAL-TIME OBSTACLE DETECTION AND ADAPTIVE ROUTE OPTIMIZATION,08.11.2024,202421075437,Published,View
Patents 2024,46,"""Dr. A. Vijayanand
Dr. Papri Mukhopadhyay""",Faculty of Arts & Humanities,"A SYSTEM FOR SENSORY AND COMIC DYNAMICS IN CLASSICAL AND TECHNICAL NARRATIVES: A STUDY OF AUDIENCE ENGAGEMENT, IMAGERY, AND COMMUNICATION MECHANISMS",08.11.2024,202421075438,Published,View
Patents 2024,47,"""Dr. Vineeta Diwan
Dr. Shilpi Bhattacharya""",Faculty of Arts & Humanities,"A SYSTEM FOR RECONSTRUCTING NARRATIVES: INTERPLAY OF MYTH, HISTORIOGRAPHY, AND CULTURAL MEMORY IN POST-WAR LITERATURE",08.11.2024,202421075439,Published,View
Patents 2024,48,"""Dr. Papri Mukhopadhyay
Dr. A. Vijayanand""",Faculty of Arts & Humanities,A SYSTEM FOR BLOCKCHAIN-DRIVEN PLATFORM FOR MONITORING GENDER-NEUTRAL LEGAL RIGHTS AND COMPLIANCE,08.11.2024,202421074946,Published,View
Patents 2024,49,"""Ms. Pranjali Verma
Mr. Aman""",Faculty of Pharmacy,A COMPUTER-IMPLEMENTED METHOD FOR PREDICTING TOXICITY IN DRUG CANDIDATES,08.11.2024,202421074947,Published,View
Patents 2024,50,"""Mr. Krishna Kumar Sahu
Dr. Chetan Kumar""",Faculty of Pharmacy,A METHOD FOR IDENTIFYING NOVEL ANTIBIOTIC COMPOUNDS USING ARTIFICIAL INTELLIGENCE,08.11.2024,202421074948,Published,View
Patents 2024,51,"""Dr. Satvik Jain
Ms. Shivangi Makade""",Faculty of Commerce & Management,A SYSTEM FOR BLOCKCHAIN-BASED EMPLOYEE CREDENTIAL VERIFICATION AND PERFORMANCE MANAGEMENT PLATFORM,08.11.2024,202421075440,Published,View
Patents 2024,52,"""Dr. Ankita Nihalani
Dr. Rajnish Rai""",Faculty of Commerce & Management,AN AI-DRIVEN TALENT ACQUISITION AND WORKFORCE OPTIMIZATION SYSTEM,08.11.2024,202421075441,Published,View
Patents 2024,53,"""Mr. Nitish Kumar
Dr. Moniza Nurez khan""",Faculty of Pharmacy,AI-DRIVEN PLATFORM FOR VIRTUAL CLINICAL TRIALS,08.11.2024,202421074949,Published,View
Patents 2024,54,"""Mrs. Saloni Tyagi
Ms. Harleen Kaur""",Faculty of Law,AN AI-POWERED SYSTEM FOR LEGAL REVIEW AND ANALYSIS OF CONSTITUTIONAL LAW AMENDMENTS,08.11.2024,202421074950,Published,View
Patents 2024,55,"""Mr. Mahendra Kumar
Mr. Ashish Ranjan""",Faculty of Pharmacy,A COMPUTER-IMPLEMENTED METHOD FOR PREDICTING DRUG MANUFACTURING QUALITY CONTROL OUTCOMES USING ARTIFICIAL INTELLIGENCE,08.11.2024,202421074951,Published,View
Patents 2024,56,"""Mr. Yogendra Sahu
Ms. Monika Barsagade""",Faculty of Pharmacy,AI-POWERED FORMULATION TOOL FOR OVERCOMING DRUG SOLUBILITY CHALLENGES,08.11.2024,202421074952,Published,View
Patents 2024,57,"""Ms. Paluck Sharma
Ms. Ekta Chandrakar""",Faculty of Law,A SYSTEM FOR DIGITAL REPORTING AND EVIDENCE COLLECTION IN MARITAL RAPE CASES USING BLOCKCHAIN,08.11.2024,202421074943,Published,View
Patents 2024,58,Ms. Khushboo Gupta,Faculty of Pharmacy,TARGETED DRUG DELIVERY DEVICE,04.11.2024,430612-001,Grant Design,View
Patents 2024,59,"""Mr. Birendra Kumar Sahu
Mr. Sachin Pradhan""",Faculty of Pharmacy,A METHOD FOR PREDICTING PATIENT RESPONSE TO MEDICATIONS USING GENETIC DATA,01.11.2024,202421072335,Published,View
Patents 2024,60,"""Ms. Bhuvaneshwari Dewangan
Mr. Lakhan Lal Kashyap""",Faculty of Pharmacy,A METHOD FOR REAL-TIME DRUG DELIVERY IN CHRONIC CONDITIONS,01.11.2024,202421072336,Published,View
Patents 2024,61,"""Dr. Moniza Nurez Khan
Mr. Nitish Kumar""",Faculty of Pharmacy,A METHOD FOR PERSONALIZING DRUG FORMULATIONS USING PHARMACOGENOMIC DATA,01.11.2024,202421072337,Published,View
Patents 2024,62,"""Mr. Harish Jaiswal
Mr. Vinay Kumar Jaiswal""",Faculty of Pharmacy,A METHOD FOR DESIGNING NANOCARRIERS FOR PRECISION DRUG DELIVERY,01.11.2024,202421072085,Published,View
Patents 2024,63,"""Ms. Priya Shrivastav
Ms. Lumita Sahu""",Faculty of Pharmacy,A SYSTEM FOR AUTOMATED THERAPEUTIC ASSISTANT FOR TARGETED DISEASE INTERVENTION,01.11.2024,202421072086,Published,View
Patents 2024,64,"""Ms. Shivangi Tripathi
Dr. Savyasachi Pandey""",Faculty of Law,A SYSTEM FOR SMART DEVICE FOR SEGREGATION AND DISPOSAL OF ELECTRONIC WASTE MATERIALS,01.11.2024,202421072671,Published,View
Patents 2024,65,"""Dr. Shivali Srivastava
Ms. Surbhi Agrawal""",Faculty of Law,A METHOD FOR MONITORING AND REPORTING WORKPLACE GENDER EQUALITY THROUGH BLOCKCHAIN,01.11.2024,202421072672,Published,View
Patents 2024,66,"""Ms. Harleen Kaur
Mrs. Saloni Tyagi""",Faculty of Law,AN AUTOMATED LEGAL DOCUMENT GENERATION SYSTEM FOR GENDER-NEUTRAL LEGAL PROVISIONS,01.11.2024,202421072673,Published,View
Patents 2024,67,"""Mrs. Rupal Saxena
Ms. Shivangi Tripathi""",Faculty of Law,A SYSTEM AND METHOD FOR MONITORING AND PREVENTING CYBERCRIME THROUGH ARTIFICIAL INTELLIGENCE,01.11.2024,202421072674,Published,View
Patents 2024,68,"""Mr. Smruti Ranjan Dash
Mr. Mrutyunjaya Bhanja""",Faculty of Pharmacy,A COMPUTER-IMPLEMENTED METHOD FOR OPTIMIZING PHARMACOTHERAPY IN PRECISION MEDICINE,01.11.2024,202421072675,Published,View
Patents 2024,69,"""Mr. Naimish Nanda
Ms. Rashmi Sinha""",Faculty of Pharmacy,A COMPUTER-IMPLEMENTED METHOD FOR OPTIMIZING PHARMACOTHERAPY BASED ON AN INDIVIDUAL’S GENETIC PROFILE,01.11.2024,202421072676,Published,View
Patents 2024,70,"""Mr. Chandra Kumar Dhimar
Mrs. Hemlata Dewangan""",Faculty of Pharmacy,A METHOD FOR SIMULTANEOUS TRANSDERMAL DRUG DELIVERY AND BODY FLUID DETECTION,01.11.2024,202421072087,Published,View
Patents 2024,71,"""Ms. Naina Bhoyar
Ms. Tripti Dewangan""",Faculty of Pharmacy,3D-PRINTED MICROCAPSULES FOR SITE-SPECIFIC DRUG DELIVERY,01.11.2024,202421072088,Published,View
Patents 2024,72,"""Ms. Poorti Sharma
Mr. Venu Anand Das""",Faculty of Pharmacy,A METHOD FOR PREPARING A TEMPERATURE-SENSITIVE SMART GEL FOR SUSTAINED RELEASE DRUG FORMULATION,01.11.2024,202421072089,Published,View
Patents 2024,73,Dr. Vijayalaxmi Biradar,Faculty of Engineering,A SYSTEM OF DEEP REINFORCEMENT LEARNING FOR ADAPTIVE ROBOT CONTROL,01.11.2024,202421072090,Published,View
Patents 2024,74,"""Ms. Akanksha Choudhary
Mr. Ayush Gondale""",Faculty of Law,A SYSTEM FOR ONLINE LEGAL FRAMEWORK FOR MANAGING PERSONAL LAW DISPUTES UNDER A UNIFIED CIVIL CODE,01.11.2024,202421072677,Published,View
Patents 2024,75,"""Mr. Ashish Ranjan
Mr. Mahendra Kumar""",Faculty of Pharmacy,A METHOD FOR DETECTING AND MITIGATING DRUG INTERACTIONS IN POLYPHARMACY PATIENTS USING ARTIFICIAL INTELLIGENCE,01.11.2024,202421074187,Published,View
Patents 2024,76,"""Ms. Akanksha Dubey
Ms. Lokeshwari Sahu""",Faculty of Pharmacy,A METHOD FOR REAL-TIME MONITORING OF ADVERSE DRUG REACTIONS USING MACHINE LEARNING,01.11.2024,202421074188,Published,View
Patents 2024,77,"""Dr. Chetan Kumar
Mr. Krishna Kumar Sahu""",Faculty of Pharmacy,A METHOD FOR PREDICTING DRUG EFFICACY IN CLINICAL TRIALS USING AN ARTIFICIAL INTELLIGENCE-BASED PLATFORM,01.11.2024,202421074189,Published,View
Patents 2024,78,Dr. Mohammad Nasir,Faculty of Science,LIBRARY OPAC KIOSK SYSTEM,01.11.2024,202421072133,Published,View
Patents 2024,79,Dr Saroj Nayyar,Faculty of Education,CHILD EDUCATION MONITORING DEVICE USING INTERNET OF THINGS,25.10.2024,428141-001,Grant Design,
Patents 2024,80,"""Dr. Ruchi Chandrakar
Dr. Honey Gaur""",Faculty of Engineering,A METHOD FOR ENHANCING CONSTRUCTION SITE SAFETY,25.10.2024,202421068938,Published,View
Patents 2024,81,"""Mr. Rajendra Kumar Sahu
Mr. Sandeep Roy""",Faculty of Engineering,A METHOD FOR DYNAMICALLY OPTIMIZING A POWER GRID USING MULTI-MODAL ARTIFICIAL INTELLIGENCE-BASED LOAD FORECASTING,25.10.2024,202421068939,Published,View
Patents 2024,82,"""Dr. Honey Gaur
Dr. Ruchi Chandrakar""",Faculty of Engineering,A METHOD FOR SMART MATERIAL SELECTION IN CIVIL ENGINEERING,25.10.2024,202421068940,Published,View
Patents 2024,83,"""Mr. Chandra Kumar Sahu
Dr. Shailesh Deshmukh""",Faculty of Engineering,A METHOD FOR SMART ELECTRICAL NETWORK MANAGEMENT USING ADAPTIVE MACHINE LEARNING ALGORITHMS,25.10.2024,202421068941,Published,View
Patents 2024,84,"""Mr. A.K Kaul
Dr. Manoj Mathew""",Faculty of Arts & Humanities,AN AI-BASED METHOD FOR REAL-TIME CRISIS MANAGEMENT IN SOCIAL WORK,25.10.2024,202421069396,Published,View
Patents 2024,85,"""Mrs. Archana Nagwanshi
Dr. Manoj Mathew""",Faculty of Arts & Humanities,A METHOD FOR PREDICTIVE ANALYTICS IN SOCIAL WORK USING MACHINE LEARNING,25.10.2024,202421069397,Published,View
Patents 2024,86,"""Dr. Anita Samal
Ms. Shruti Singh""",Faculty of Pharmacy,A METHOD FOR PREDICTIVE POLITICAL TREND ANALYSIS USING MACHINE LEARNING,25.10.2024,202421069398,Published,View
Patents 2024,87,"""Ms. Alpana Sharma
Mrs. Nishta Sharma""",Faculty of Commerce & Management,A METHOD FOR OPTIMIZING RESOURCE ALLOCATION USING MACHINE LEARNING ALGORITHMS,25.10.2024,202421069399,Published,View
Patents 2024,88,"""Dr. Shraddha Hirkane
Dr. Ajay Shukla""",Faculty of Arts & Humanities,A METHOD FOR ENHANCING HINDI TEXT ANALYSIS,25.10.2024,202421069400,Published,View
Patents 2024,89,"""Mr. Alok Kumar Yadav
Mr. Indravesh""",Faculty of Law,AN AUTOMATED CRIMINAL CASE EVIDENCE COLLECTION AND ANALYSIS SYSTEM USING AI,25.10.2024,202421070759,Published,View
Patents 2024,90,"""Dr. Shilpi Bhattacharya
Ms. Sonal Singh""",Faculty of Arts & Humanities,A SYSTEM OF REINFORCEMENT LEARNING FRAMEWORK FOR PERSONALIZED CONTENT RECOMMENDATIONS,25.10.2024,202421069401,Published,View
Patents 2024,91,"""Dr. Vivek Malik
Dr. Narendra Kumar Singh""",Faculty of Law,A METHOD FOR AI-BASED LITERARY ANALYSIS AND INTERPRETATION,25.10.2024,202421069402,Published,View
Patents 2024,92,"""Dr. Swati Agrawal
Dr. Akshit Lamba""",Faculty of Engineering,A METHOD FOR PREDICTIVE ENVIRONMENTAL MODELING USING MACHINE LEARNING ALGORITHMS,25.10.2024,202421069403,Published,View
Patents 2024,93,"""Ms. Surbhi Agrawal
Mr. Ranjan Kumar Ray""",Faculty of Law,A SYSTEM FOR AI-POWERED LEGAL RESEARCH TOOL FOR JURISPRUDENCE IN INTELLECTUAL PROPERTY LAW,25.10.2024,202421070392,Published,View
Patents 2024,94,"""Mr. Soumyadeep Chakrabarti
Ms. Akanksha Choudhry""",Faculty of Law,A SYSTEM FOR AUTOMATED LEGAL RISK ASSESSMENT TOOL FOR INTERNATIONAL PATENT DISPUTES,25.10.2024,202421070760,Published,View
Patents 2024,95,"""Dr. Pawan Kumar
Mr. Suresh Chandra Yadav""",Faculty of Law,A BLOCKCHAIN-BASED DIGITAL RIGHTS MANAGEMENT SYSTEM FOR COPYRIGHTED WORKS,25.10.2024,202421071275,Published,View
Patents 2024,96,"""Ms. Ekta Chandrakar
Ms. Paluk Sharma""",Faculty of Law,A SYSTEM FOR AUTOMATED LEGAL SUPPORT PLATFORM FOR SEXUAL ASSAULT SURVIVORS,25.10.2024,202421070761,Published,View
Patents 2024,97,"""Mr. Birendra Kumar",Faculty of Law,A SYSTEM FOR AUTOMATED POLLUTION DATA COLLECTION AND LEGAL COMPLIANCE PLATFORM,25.10.2024,202421070762,Published,View
Patents 2024,98,"Mr. Brijmohan Singh""",Faculty of Law,A BLOCKCHAIN-BASED CHAIN OF CUSTODY SYSTEM FOR CRIMINAL INVESTIGATIONS,25.10.2024,202421071274,Published,View
Patents 2024,99,"""Mr. Vijay Shankar Yadav
Mr. Arvind Kumar Yadav""",Faculty of Arts & Humanities,A METHOD FOR AI-BASED HINDI LANGUAGE PROCESSING AND TRANSLATION,25.10.2024,202421069404,Published,View
Patents 2024,100,"""Dr. Ajay Kumar Shukla
Dr. Shraddha Hirkane""",Faculty of Arts & Humanities,A METHOD FOR AI-BASED POLICY IMPACT ANALYSIS AND PREDICTION,25.10.2024,202421069405,Published,View
Patents 2024,101,"Ms. Jesika Minj
""Mr. Shailesh Singh Thakur
Dr. Vinay Chandra Jha""",Faculty of Engineering,A METHOD FOR AUTOMATED QUALITY CONTROL IN MECHANICAL FABRICATION,25.10.2024,202421069416,Published,View
Patents 2024,102,"""Mr. Vinay Kumar Jaiswal
Mr. Harish Jaiswal""",Faculty of Pharmacy,QUANTUM COMPUTING-BASED METHOD FOR DRUG COMPOUND OPTIMIZATION,25.10.2024,202421070393,Published,View
Patents 2024,103,"""Mr. Arvind Kumar Yadav
Mr. Vijay Shankar Yadav""",Faculty of Law,AN AI-POWERED LAND REGISTRY SYSTEM FOR EFFICIENT PROPERTY MANAGEMENT,25.10.2024,202421070394,Published,View
Patents 2024,104,"""Mr. Venu Anand Das
Ms. Poorti Sharma""",Faculty of Pharmacy,AI-POWERED METHOD FOR IDENTIFYING NOVEL DRUG TARGETS IN RARE DISEASES,25.10.2024,202421070395,Published,View
Patents 2024,105,"""Mr. Sandeep Roy
Mr. Rajendra Kumar Sahu""",Faculty of Engineering,A METHOD FOR ADAPTIVE ENERGY CONSUMPTION FORECASTING,25.10.2024,202421069417,Published,View
Patents 2024,106,"""Dr. Shailesh Deshmukh
Mr. Chandra Kumar Sahu""",Faculty of Engineering,A METHOD FOR PREDICTIVE MAINTENANCE OF ELECTRICAL EQUIPMENT,25.10.2024,202421069418,Published,View
Patents 2024,107,"""Dr. Rahul Mishra
Dr. Naresh Chutney""",Faculty of Engineering,A METHOD FOR ADAPTIVE PREDICTIVE MAINTENANCE OF A MECHANICAL SYSTEM USING MULTI-MODAL,25.10.2024,202421069419,Published,View
Patents 2024,108,"""Ms. Prachi Gurudiwan
Mr. Sanjay Kumar Mire""",Faculty of Pharmacy,AI-BASED METHOD FOR ACCELERATING ORPHAN DRUG DISCOVERY,25.10.2024,202421070396,Published,View
Patents 2024,109,"""Mrs. Hemlata Dewangan
Mr. Chandra Pratap Dhimar""",Faculty of Pharmacy,AUTOMATED DRUG REPOSITIONING METHOD USING BIG DATA ANALYTICS,25.10.2024,202421070397,Published,View
Patents 2024,110,"""Ms. Lipsa Dash
Ms. Urvashi Sharma""",Faculty of Science,AI-DRIVEN METHOD FOR ACCELERATED DRUG DISCOVERY USING GENOMIC DATA,25.10.2024,202421070399,Published,View
Patents 2024,111,"""Ms. Tripti Dewangan
Ms. Naina Bhoyar""",Faculty of Pharmacy,AI-ENHANCED METHOD FOR SCREENING AND DEVELOPING BIOPHARMACEUTICALS,25.10.2024,202421070400,Published,View
Patents 2024,112,"""Mr. Ayush Gondale
Mrs. Samriddhi Kesharwani""",Faculty of Law,A SYSTEM FOR AI-DRIVEN IP INFRINGEMENT DETECTION AND ENFORCEMENT PLATFORM,25.10.2024,202421070401,Published,View
Patents 2024,113,"""Mr. Suresh Chandra Yadav
Dr. Pawan Kumar""",Faculty of Law,A SYSTEM FOR BLOCKCHAIN-BASED SMART CONTRACTS FOR ENFORCING COMMERCIAL AGREEMENTS,25.10.2024,202421070763,Published,View
Patents 2024,114,"""Mr. Anil Kumar Singh
Mr. Dilip Dwivedy""",Faculty of Law,A BLOCKCHAIN-BASED SHAREHOLDER VOTING AND PROXY MANAGEMENT SYSTEM,25.10.2024,202421070894,Published,View
Patents 2024,115,"""Mr. Ranjan Kumar Ray
Ms. Itishri Upadhyay""",Faculty of Law,A SYSTEM FOR AUTOMATED TRADEMARK SEARCH AND INFRINGEMENT DETECTION PLATFORM,25.10.2024,202421071272,Published,View
Patents 2024,116,"""Mr. Akash Ingle
Dr. Manoj Kumar Nigam""",Faculty of Engineering,A METHOD FOR OPTIMIZING ELECTRICAL CIRCUIT LAYOUT USING ARTIFICIAL INTELLIGENCE,25.10.2024,202421069420,Published,View
Patents 2024,117,"""Mr. Gaurav Tamrakar
Mr. Swapnil Shukla""",Faculty of Engineering,A METHOD FOR ENHANCING PRODUCT DESIGN IN MECHANICAL ENGINEERING,25.10.2024,202421069421,Published,View
Patents 2024,118,"""Mr. Sanjay Kumar Mire
Mr. Ashish Agrawal""",Faculty of Pharmacy,A METHOD FOR TARGETED CANCER THERAPY,25.10.2024,202421070754,Published,View
Patents 2024,119,"""Mr. Ashish Agrawal
Ms. Prachi Gurudiwan""",Faculty of Pharmacy,A METHOD FOR CONTROLLED RELEASE OF MEDICATION USING A SMART DRUG DELIVERY PATCH,25.10.2024,202421070755,Published,View
Patents 2024,120,"""Mr. Deepak Kumar Sahu
Mr. Chiranjeev Singh""",Faculty of Pharmacy,A METHOD FOR PERSONALIZED DRUG DELIVERY USING AN ARTIFICIAL INTELLIGENCE (AI) DRIVEN PLATFORM,25.10.2024,202421070756,Published,View
Patents 2024,121,"""Mr. Mukesh Sharma
Dr. Naresh Chander """,Faculty of Law,A SYSTEM FOR AUTOMATED COMPLIANCE MONITORING FOR CORPORATE LEGAL FRAMEWORKS,25.10.2024,202421070757,Published,View
Patents 2024,122,"""Mr. Sunil Kumar Yadav
Dr. Shahana Parveen""",Faculty of Law,A SYSTEM FOR AUTOMATED CONTRACT DRAFTING TOOL USING NATURAL LANGUAGE PROCESSING,25.10.2024,202421070758,Published,View
Patents 2024,123,"""Mr. Dilip Dwivedy
Mr. Anil Kumar Singh""",Faculty of Law,A SYSTEM FOR BLOCKCHAIN-BASED HARASSMENT CASE FILING AND EVIDENCE MANAGEMENT PLATFORM,25.10.2024,202421071273,Published,View
Patents 2024,124,"""Mr. Jitendra Kumar Sinha
Dr. Tarun Pal""",Faculty of Pharmacy,A METHOD FOR CONTROLLED DRUG RELEASE USING A RESPONSIVE POLYMER-BASED SYSTEM,25.10.2024,202421072334,Published,View
Patents 2024,125,Dr. Chandra Bhushan Singh,Faculty of Commerce & Management,THE IMPACT OF GST ON MULTINATIONAL MANUFACTURING COMPANIES,25.10.2024,202441076928,Published,View
Patents 2024,126,Ms. Deepshikha Patel,Faculty of Commerce & Management,THE INFLUENCE OF INNOVATION ON CORPORATE EXPANSION,25.10.2024,202411077489,Published,View
Patents 2024,127,"""Dr. Vinay Chandra Jha
Mr. Shailesh Singh Thakur""",Faculty of Engineering,SOLAR-POWERED SEED DISPERSAL MACHINE,22.10.2024,430133-001,Grant Design,View
Patents 2024,128,"""Dr. Manoj Kumar Nigam
Mr. Akash Ingle""",Faculty of Engineering,INTELLIGENT DIABETIC SCREENING DEVICE,22.10.2024,430613-001,Grant Design,View
Patents 2024,129,Mr. Tushar Ranjan Barik,Faculty of Commerce & Management,An Analysis of Environmental Sustainability and Its Impact on Corporate Performance,18.10.2024,202411076923,Published,
Patents 2024,130,"""Ms. Urvija Khatri
Mr. Shubham Singh Chandel
Dr. Jyotsna Dwivedi""",Faculty of Commerce & Management,BLUEPRINTS FOR THE STRATEGIC PLANNING AND ACHIEVEMENT OF THE ORGANISATION,18.10.2024,202431077207,Published,View
Patents 2024,131,"""Mr. Tushar Ranjan Barik
Ms. Deepshikha Patel""",Faculty of Commerce & Management,A SYSTEM OF DYNAMIC PORTFOLIO OPTIMIZATION ALGORITHM FOR PERSONALIZED WEALTH MANAGEMENT,18.10.2024,202421068221,Published,View
Patents 2024,132,"""Ms. Mariyam Ahmed
Dr. Shinki Katyayani Pandey""",Faculty of Commerce & Management,A SYSTEM OF PERSONALIZED MARKETING AUTOMATION PLATFORM FOR RETAIL BUSINESSES,18.10.2024,202421068222,Published,View
Patents 2024,133,"""Ms. Urvija Khatri
Mrs. Nishtha Sharma""",Faculty of Commerce & Management,A SYSTEM OF AI-BASED FRAUD DETECTION AND PREVENTION IN FINANCIAL,18.10.2024,202421068223,Published,View
Patents 2024,134,"""Dr. Deepti Patnaik
Mr. Rakshak Bharti""",Faculty of Commerce & Management,A SYSTEM OF DECENTRALIZED LEDGER TECHNOLOGY FOR TRANSPARENT AND TRUSTWORTHY FINANCIAL,18.10.2024,202421068224,Published,View
Patents 2024,135,"""Dr. Anivilla Shrikant
Ms. Alpana Sharma""",Faculty of Commerce & Management,A SYSTEM OF PREDICTIVE ANALYTICS IN FINANCIAL RISK MANAGEMENT USING MACHINE LEARNING,18.10.2024,202421067943,Published,View
Patents 2024,136,"""Ms. Soumya Pandey
Dr. Eswara Veera Raghava""",Faculty of Engineering,A METHOD FOR EFFICIENT GEOSPATIAL DATA STORAGE AND RETRIEVAL,18.10.2024,202421068225,Published,View
Patents 2024,137,"""Dr. Eswara Veera Raghava
Ms. Soumya Pandey""",Faculty of Engineering,AN AI-DRIVEN GEOGRAPHIC INFORMATION SYSTEM FOR URBAN PLANNING,18.10.2024,202421068226,Published,View
Patents 2024,138,"""Dr. A. Rajshekhar
Dr. Hari Shankar Kumar""",Faculty of Arts & Humanities,A SYSTEM FOR PREDICTIVE LOCATION-BASED SERVICES,18.10.2024,202421068227,Published,View
Patents 2024,139,"""Ms. Shivangi Makade
Mr. Shubham Singh Chandel""",Faculty of Commerce & Management,A REAL-TIME FRAUD DETECTION SYSTEM FOR DIGITAL FINANCIAL TRANSACTIONS,18.10.2024,202421067944,Published,View
Patents 2024,140,"""Mrs. Neetu Singh
Dr. Kalidoss""",Faculty of Education,A METHOD FOR PREVENTING INJURIES IN SPORTS USING ARTIFICIAL INTELLIGENCE AND PREDICTIVE ANALYTICS,18.10.2024,202421068228,Published,View
Patents 2024,141,"""Dr. Saroj Nayyar
Mrs. Harsha Sharma""",Faculty of Education,A METHOD FOR GENERATING AND ADAPTING PERSONALIZED LEARNING PATHWAYS USING MULTI-MODAL ARTIFICIAL INTELLIGENCE,18.10.2024,202421068757,Published,View
Patents 2024,142,"""Dr. Dhananjay Kumar Jain
Dr. Rajesh Kumar Manik""",Faculty of Science,A SYSTEM FOR AI-DRIVEN PERSONALIZED TREATMENT PLATFORM FOR MENTAL HEALTH DISORDERS,18.10.2024,202421068758,Published,View
Patents 2024,143,"""Dr. Akshit Lamba
Mr. Ashutosh Pandey""",Faculty of Engineering,A METHOD FOR AUTOMATED AND OPTIMIZED CIVIL INFRASTRUCTURE DESIGN AND SIMULATION USING ADVANCED ARTIFICIAL INTELLIGENCE TECHNIQUES,18.10.2024,202421068759,Published,View
Patents 2024,144,"""Dr. Manoj Mathew
Mr. A.K Kaul""",Faculty of Arts & Humanities,A SYSTEM FOR SMART HEALTHCARE COMPANION: AI-ENHANCED DISEASE MANAGEMENT DEVICE,18.10.2024,202421068760,Published,View
Patents 2024,145,"""Mr. Ashutosh Pandey
Dr. Akshit Lamba""",Faculty of Engineering,A METHOD FOR PREDICTING SOIL STABILITY IN CIVIL ENGINEERING PROJECTS,18.10.2024,202421068761,Published,View
Patents 2024,146,"""Mrs. Hemlata Dewangan
Mr. Chandra Pratap Dhimar""",Faculty of Law,A SYSTEM FOR AI-POWERED LEGAL RISK ASSESSMENT TOOL FOR CORPORATE TRANSACTIONS,18.10.2024,202421070238,Published,View
Patents 2024,147,"""Dr. Nuresh Chander Sharma
Mr. Mukesh Sharma""",Faculty of Law,AN AI-DRIVEN CONSTITUTIONAL RIGHTS VIOLATION DETECTION SYSTEM,18.10.2024,202421070239,Published,View
Patents 2024,148,"""Mr. Chiranjeev Singh
Mr. Deepak Kumar Sahu""",Faculty of Pharmacy,MACHINE LEARNING-DRIVEN METHOD FOR DRUG FORMULATION AND DOSAGE OPTIMIZATION,18.10.2024,202421070240,Published,View
Patents 2024,149,"""Dr. Ashok Kumar
Ms. Rashmi Sinha""",Faculty of Pharmacy,AN INTELLIGENT THERAPEUTIC SYSTEM FOR MANAGING CHRONIC DISEASES,18.10.2024,202421068522,Published,View
Patents 2024,150,"""Mr. Gulshan Kumar Behera
Dr. Lubhawani Tripathi""",Faculty of Education,A METHOD FOR PREDICTING STUDENT PERFORMANCE USING MACHINE LEARNING,18.10.2024,202421068523,Published,View
Patents 2024,151,"""Dr. Shraddha Verma
Dr. Saroj Nayyar""",Faculty of Education,A METHOD FOR ENHANCING CLASSROOM ENGAGEMENT,18.10.2024,202421068524,Published,View
Patents 2024,152,"""Mr. Swapnil Shukla
Mr. Gaurav Tamrakar""",Faculty of Engineering,A METHOD FOR DYNAMIC LOAD ANALYSIS IN MECHANICAL STRUCTURES USING ARTIFICIAL INTELLIGENCE,18.10.2024,202421068525,Published,View
Patents 2024,153,"""Mrs. Harsha Sharma
Mr. Gulsan Kumar Behera""",Faculty of Education,A METHOD FOR AI-BASED SKILL GAP ANALYSIS IN EDUCATIONAL ENVIRONMENTS,18.10.2024,202421068526,Published,View
Patents 2024,154,"""Ms. Itishri Upadhyay
Mrs. Darshi Sharma""",Faculty of Law,AN AI-POWERED CASE PREDICTION SYSTEM FOR PATENT INFRINGEMENT LITIGATION,18.10.2024,202421070241,Published,View
Patents 2024,155,"""Mr. Brijmohan Singh
Mr. Birendra Kumar""",Faculty of Law,A SYSTEM FOR AI-POWERED PERSONAL INJURY CLAIM ASSESSMENT AND VALUATION TOOL,18.10.2024,202421070242,Published,View
Patents 2024,156,"""Ms. Meenakshi Rani
Mr. Soumyadeep Chakrabarti""",Faculty of Law,A SYSTEM FOR AI-POWERED PREDICTIVE TOOL FOR IDENTIFYING WORKPLACE HARASSMENT PATTERNS,18.10.2024,202421070243,Published,View
Patents 2024,157,"""Dr. Kalidoss
Dr. Sanjeev Kumar Yadav""",Faculty of Education,A METHOD FOR AI-ASSISTED ATHLETE PERFORMANCE TRACKING AND ANALYSIS,18.10.2024,202421068527,Published,View
Patents 2024,158,"""Dr. Swapnil Jain
Dr. Vinay Chandra Jha""",Faculty of Engineering,A METHOD FOR CONTROLLING A SMART ROBOTIC SYSTEM IN MECHANICAL ENGINEERING USING ARTIFICIAL,18.10.2024,202421068528,Published,View
Patents 2024,159,"""Dr. Sanjeev Kumar yadav
Mrs. Neetu Singh""",Faculty of Education,A METHOD FOR GENERATING PERSONALIZED TRAINING PROGRAMS IN PHYSICAL EDUCATION,18.10.2024,202421068529,Published,View
Patents 2024,160,"""Dr. Lubhawani Tripathi
Dr. Shraddha Verma""",Faculty of Education,A METHOD FOR GENERATING AND ADAPTING PERSONALIZED LEARNING PATHWAYS USING MULTI-MODAL ARTIFICIAL INTELLIGENCE,18.10.2024,202421068530,Published,View
Patents 2024,161,"""Mr. Indravesh
Mr. Alok Kumar Yadav""",Faculty of Law,AN AI-POWERED REAL ESTATE TRANSACTION FRAUD DETECTION SYSTEM,18.10.2024,202421070244,Published,View
Patents 2024,162,"""Dr. Shahana Parveen
Mr. Sunil Kumar Yadav""",Faculty of Law,A SYSTEM FOR AI-POWERED ENVIRONMENTAL IMPACT ASSESSMENT TOOL FOR LEGAL FRAMEWORKS,18.10.2024,202421070245,Published,View
Patents 2024,163,"""Dr. Narendra Kumar Singh
Dr. Vivek Malik""",Faculty of Law,A SYSTEM FOR AI-POWERED BEHAVIORAL PREDICTION TOOL FOR CRIME RECIDIVISM,18.10.2024,202421070246,Published,View
Patents 2024,164,"""Ms. Srishti Shrivastava
Dr. Shivli Shrivastava""",Faculty of Law,A SYSTEM FOR AI-DRIVEN LEGAL ASSISTANT FOR DRAFTING INTELLECTUAL PROPERTY FILINGS,18.10.2024,202421070247,Published,View
Patents 2024,165,Dr. Satvik Jain,Faculty of Commerce & Management,THE IMPACTS OF INTERNATIONAL TRADE LAWS ON DEVELOPING ECONOMIES ARE SIGNIFICANT,18.10.2024,202411076925,Published,View
Patents 2024,166,Dr. Anivilla Shrikant,Faculty of Commerce & Management,HRM AND EMPLOYEE RETENTION STRATEGIES FOR EMPLOYEE ENGAGEMENT DURING ORGANIZATIONAL CHANGE,18.10.2024,202411076783,Published,View
Patents 2024,167,"""Dr. F. Rahman
Dr. Priya Vij""",Faculty of CS & IT,AN ADAPTIVE MACHINE LEARNING SYSTEM FOR DYNAMIC DECISION MAKING,11.10.2024,202421066280,Published,View
Patents 2024,168,"""Mr. Rajeev Kumar Bhaskar
Dr. Nidhi Mishra""",Faculty of CS & IT,A SYSTEM OF DEEP LEARNING-BASED SENTIMENT ANALYSIS FOR SOCIAL MEDIA,11.10.2024,202421066283,Published,View
Patents 2024,169,"""Dr. Uruj Jaleel
Dr. Abhijeet Madhukar Havel""",Faculty of CS & IT,A SYSTEM OF NEURAL NETWORK ARCHITECTURE FOR REAL-TIME IMAGE RECOGNITION,11.10.2024,202421066284,Published,View
Patents 2024,170,"""Mr. Manish Nandy
Mr. Debarghya Biswas""",Faculty of Engineering,AN AI-POWERED PREDICTIVE MAINTENANCE SYSTEM FOR INDUSTRIAL EQUIPMENT,11.10.2024,202421067524,Published,View
Patents 2024,171,"""Mr. Rakshak Bharti
Dr. Deepti Patnaik""",Faculty of Commerce & Management,AN INTELLIGENT ALGORITHMIC TRADING SYSTEM FOR ENHANCED FINANCIAL DECISION MAKING,11.10.2024,202421067525,Published,View
Patents 2024,172,"""Dr. Chandra Bhushan Singh
Ms. Angel Mary Xess""",Faculty of Commerce & Management,AN AUTOMATED FINANCIAL TRANSACTION PROCESSING SYSTEM USING BLOCKCHAIN TECHNOLOGY,11.10.2024,202421067526,Published,View
Patents 2024,173,"""Ms. Chandni Sawlani
Mr. Manish Nandy""",Faculty of Engineering,AN AI-ENHANCED CYBERSECURITY SYSTEM WITH BEHAVIOURAL ANALYSIS,11.10.2024,202421067527,Published,View
Patents 2024,174,"""Ms. Deepshikha Patel
Dr. Satvik Jain""",Faculty of Commerce & Management,A SYSTEM OF CRYPTOCURRENCY PAYMENT GATEWAY WITH SEAMLESS INTEGRATION INTO TRADITIONAL BANKING,11.10.2024,202421067528,Published,View
Patents 2024,175,"""Ms. Angel Mary Xess
Dr. Chandra Bhushan singh""",Faculty of Commerce & Management,A SYSTEM OF ARTIFICIAL INTELLIGENCE-DRIVEN ROBO-ADVISORS FOR PERSONALIZED FINANCIAL PLANNING,11.10.2024,202421067529,Published,View
Patents 2024,176,"""Mrs. NIshtha Sharma
Ms. Urvija Khatri""",Faculty of Commerce & Management,A SYSTEM OF SECURE MULTI-FACTOR AUTHENTICATION FRAMEWORK FOR FINANCIAL TRANSACTIONS,11.10.2024,202421067530,Published,View
Patents 2024,177,"""Dr. Shinki Katyayani Pandey
Dr. Anivilla Shrikant""",Faculty of Commerce & Management,A SYSTEM OF BLOCKCHAIN-BASED TOKENIZATION OF ASSETS FOR EFFICIENT FINANCIAL TRANSACTIONS,11.10.2024,202421067531,Published,View
Patents 2024,178,"""Mr. Shubham Singh Chandel
Mr. Tushar Ranjan Barik""",Faculty of Commerce & Management,A SYSTEM OF SMART CONTRACTS FOR AUTOMATED AND TRUSTWORTHY FINANCIAL AGREEMENTS,11.10.2024,202421067532,Published,View
Patents 2024,179,"""Mrs. Jharna Maiti
Dr. Amit Joshi""",Faculty of Science,A REMOTE MONITORING AND CONTROL SYSTEM FOR LIVESTOCK HEALTH AND WELFARE,11.10.2024,202421067062,Published,View
Patents 2024,180,"""Mr. Kamlesh Kumar Yadav
Ms. Chandni Sawlani""",Faculty of CS & IT,A SYSTEM OF AUTONOMOUS AGENTS FOR SMART RESOURCE ALLOCATION IN IOT,11.10.2024,202421067063,Published,View
Patents 2024,181,"""Dr. Nidhi Mishra
Ms. Palvi Soni""",Faculty of Commerce & Management,A SYSTEM SELF-OPTIMIZING NEURAL NETWORKS FOR EFFICIENT ENERGY CONSUMPTION,11.10.2024,202421067064,Published,View
Patents 2024,182,"""Dr. Priya Vij
Dr. F. Rahman""",Faculty of CS & IT,A SYSTEM OF DISTRIBUTED MACHINE LEARNING FOR FEDERATED EDGE COMPUTING,11.10.2024,202421067065,Published,View
Patents 2024,183,"""Dr. Nuresh Kumar Khunte
Dr. Rahul Mishra""",Faculty of Engineering,A SYSTEM OF COGNITIVE COMPUTING IN AUTONOMOUS VEHICLES FOR ENHANCED SAFETY,11.10.2024,202421067066,Published,View
Patents 2024,184,"""Ms. Urvashi Sharma
Ms. Lipsa Dash""",Faculty of Science,AN AI-DRIVEN MEDICAL DIAGNOSIS SYSTEM WITH INTERPRETABILITY FEATURES,11.10.2024,202421067067,Published,View
Patents 2024,185,"""Ms. Palvi Soni
Mr. Rajeev Kumar Bhaskar""",Faculty of CS & IT,A SYSTEM OF ROBUST NATURAL LANGUAGE PROCESSING FOR MULTILINGUAL CONVERSATIONAL INTERFACES,11.10.2024,202421067068,Published,View
Patents 2024,186,"""Dr. Sanjay Kumar
Mr. Manish Nandy""",Faculty of Engineering,A HUMAN-MACHINE COLLABORATION THROUGH EXPLAINABLE AI SYSTEM,11.10.2024,202421067069,Published,View
Patents 2024,187,"""Dr. Abhijeet Madhukar Haval
Dr. Uruj Jaleel""",Faculty of CS & IT,A SYSTEM OF COMPUTER VISION ALGORITHMS FOR AUTONOMOUS NAVIGATION IN UNSTRUCTURED,11.10.2024,202421067070,Published,View
Patents 2024,188,"""Mr. Debarghya Biswas
Mr. Kamlesh Kumar Yadav""",Faculty of CS & IT,A SYSTEM OF BLOCKCHAIN INTEGRATION FOR SECURE AND TRANSPARENT AI DATA TRANSACTIONS,11.10.2024,202421067071,Published,View
Patents 2024,189,"""Dawakit Lepcha
Mr. Rakshak Bharti""",Faculty of Commerce & Management,ANALYSIS OF SOCIAL MEDIA MARKETING IMPACT ON CONSUMER BEHAVIOUR,11.10.2024,202431074477,Published,View
Patents 2024,190,"""Mrs. Kanchan Thakur
Ms. Mariyam Ahmed""",Faculty of Commerce & Management,THE INFLUENCER MARKETING EFFECT ON GENERATION Z'S PRODUCT BUYING BEHAVIOR,09.10.2024,202431076450,Published,View
Patents 2024,191,"""Mrs. Ashu Nayak
Ms. Aakansha Soy""",Faculty of CS & IT,A BLOCKCHAIN-BASED SUPPLY CHAIN MANAGEMENT SYSTEM FOR AGRICULTURE PRODUCTS,04.10.2024,202421065166,Published,View
Patents 2024,192,"""Dr. Aupa Singh
Mrs. Ashu Nayak""",Faculty of CS & IT,AN AI-DRIVEN SOIL NUTRIENT AND MOISTURE OPTIMIZATION SYSTEM,04.10.2024,202421065169,Published,View
Patents 2024,193,"""Ms. Akanksha Soy
Mr. Om Prakash Dewangan""",Faculty of CS & IT,AN INTEGRATED PEST AND DISEASE MANAGEMENT SYSTEM USING MACHINE LEARNING,04.10.2024,202421065170,Published,View
Patents 2024,194,"""Dr. Manoj Kumar Nigam
Mr. Akash Ingle""",Faculty of Engineering,AN AUTOMATED DRONE-BASED CROP HEALTH MONITORING AND MANAGEMENT SYSTEM,04.10.2024,202421065171,Published,View
Patents 2024,195,"""Dr. Vinay Chandra Jha
Mr. Shailesh Singh Thakur""",Faculty of Engineering,AN AUTONOMOUS PRECISION AGRICULTURE ROBOT SYSTEM FOR PLANTING AND HARVESTING,04.10.2024,202421065172,Published,View
Patents 2024,196,"""Mr. Om Prakash Dewangan
Dr. Anupa Sinha""",Faculty of CS & IT,A SMART IRRIGATION SYSTEM UTILIZING PREDICTIVE ANALYTICS AND IOT SENSORS,04.10.2024,202421065173,Published,View
Patents 2024,197,"""Dr. Harishankar Kumar
Dr. A. Rajshekhar""",Faculty of Arts & Humanities,AN AUTOMATED VERTICAL FARMING SYSTEM WITH REAL-TIME ENVIRONMENTAL CONTROL,04.10.2024,202421066274,Published,View
Patents 2024,198,Dr. Abhishek Kumar Pandey,Faculty of Science,A SMART FERTILIZATION SYSTEM WITH ADAPTIVE NUTRIENT DELIVERY,04.10.2024,202421066277,Published,View
Patents 2024,199,"""Ms. Akanksha Soy
Mr. Om Prakash Dewangan""",Faculty of CS & IT,A RENEWABLE ENERGY-POWERED GREENHOUSE CLIMATE CONTROL SYSTEM,04.10.2024,202421066279,Published,View
Patents 2024,200,Dr. Asha Ambhaikar,Faculty of CS & IT,HYDROGEN FUELLED E-BIKE,01.10.2024,6335711,Grant,View
Patents 2024,201,"Mr. Kamlesh kumar Yadav
 Ms. Aakansha Soy
 Ms. L. Jyoti Reddy 
 Mr. Manish Nandy
 Ms. Laboni Saha 
 Ms. Ragini Kushwaha
 Ms. Prerna Dusi",Faculty of CS & IT,DATA CENTER MANAGING SMART DEVICE,29.09.2024,431394-001,Grant Design,
Patents 2024,202,"""Mr. Naimish Nanda
Dr. Rajesh Kumar Manik
Dr. Indrani Sarkar
Dr. Anushree Saha
Mr.Smruti Ranjan Dash
Dr. Faiz Bux
Dr. Dhananjay Kumar
Ms. Lipsa Dash""",Faculty of Science,INNOVATIVE YOGA MAT WITH INTEGRATED MEDICAL SENSORS FOR REAL-TIME HEALTH MONITORING,20.09.2024,6382737,Grant Design,View
Patents 2024,203,"Omprakash Dewangan
Dr. Swapnil Jain
Dr. Asha Ambhaikar",Faculty of CS & IT,DEVICE TO DETECT ENVIRONMENTAL POLLUTION,02.09.2024,403147-001,Published,View
Patents 2024,204,Dr. Deepti Patnaik,Faculty of Commerce & Management,EFFECTIVE BUSINESS COMMUNICATION IN THE DIGITAL AGE: STRATEGIES FOR SUCCESS,30.08.2024,202421059448,Published,
Patents 2024,205,"""Dr. Vijayalaxmi Biradar
Mr. Anup Kumar Jana
Mr. Sarat Chandra Mohanty
Dr. Anita Verma
Dr. Anu G. Pillai
Ms. Rupal Gupta""",Faculty of Engineering,A REMOTE-CONTROLLED POND/RIVER/LAKES CLEANING ROBOT SYSTEM,23.08.2024,202421049270,Published,View
Patents 2024,206,"""Dr. Vijayalaxmi Biradar
Mr. Anup Kumar Jana
Mr. Sarat Chandra Mohanty
Dr. Anita Verma
Dr. Anu G. Pillai
Ms. Rupal Gupta""",Faculty of Engineering,AN IOT-BASED SMART GARBAGE MONITORING SYSTEM FOR EFFICIENT WASTE MANAGEMENT,09.08.2024,202421054364,Published,View
Patents 2024,207,Dr. Sanyogita Shahi,Faculty of Science,METHOD OF EXTRACTION OF FIBRES FROM URGINEA INDICA KUNTH ( WILD ONION),07.08.2024,202421059802,Published,View
Patents 2024,208,Naimish Nanda,Faculty of Pharmacy,AUTOMATED DEVICE FOR DETECTING DISINTEGRATION TIME FOR DIFFERENT TABLETS,05.08.2024,6381047,Grant Design,View
Patents 2024,209,Dr. Manoj Kumar Nigam,Faculty of Engineering,SOLAR POWERED AGRICULTURE ROBOT,24.07.2024,6377728,Grant Design,View
Patents 2024,210,Dr. Ashok Kumar,Faculty of Pharmacy,A LIMIT TEST APPARATUS AND METHOD THEREOF,19.07.2024,202421046501,Published,View
Patents 2024,211,Mr. Deepak Kumar Sahu,Faculty of Pharmacy,A 3D-PRINTED PERSONALIZED MEDICATION DISPENSER SYSTEM,19.07.2024,202421042059,Published,View
Patents 2024,212,Mr. Harish Jaiswal,Faculty of Pharmacy,AN AUTOMATED COMPOUNDING PHARMACY ROBOT (ACPR) SYSTEM,19.07.2024,202421042062,Published,View
Patents 2024,213,Dr. Ravindra Pandey,Faculty of Arts & Humanities,A PERSONAL FINANCIAL HEALTH TRACKER SYSTEM,12.07.2024,202421043752,Published,View
Patents 2024,214,Ms. Lokeshwari Sahu,Faculty of Pharmacy,AUTOMATED MEDICATION DISPENSING SYSTEM AND METHOD THEREOF,12.07.2024,202421043753,Published,View
Patents 2024,215,Ms. Urvashi Jain,Faculty of Pharmacy,A MEDICATION ADHERENCE GAMIFICATION PLATFORM SYSTEM,12.07.2024,202421043754,Published,View
Patents 2024,216,Mr. Gyan Prakash,Faculty of Arts & Humanities,AN IMMERSIVE VIRTUAL ANTHROPOLOGY FIELDWORK SIMULATION PLATFORM SYSTEM,12.07.2024,202421043755,Published,View
Patents 2024,217,Dr. Chetan Kumar,Faculty of Pharmacy,PHARMACY MEDICATION FLAVOURING SYSTEM AND METHOD THEREOF,12.07.2024,202421043756,Published,View
Patents 2024,218,Mr. Chiranjeev Singh,Faculty of Pharmacy,AN AI-ENHANCED PERSONALIZED PHARMACOKINETICS PLATFORM (AIPP) SYSTEM,12.07.2024,202421044620,Published,View
Patents 2024,219,Mr. Sudeep Kumar Yadav,Faculty of Arts & Humanities,HISTORICAL DOCUMENT DIGITIZATION SYSTEM AND METHOD THEREOF,12.07.2024,202421043748,Published,View
Patents 2024,220,Mr. Beyant Singh,Faculty of Pharmacy,A MEDICATION REMINDER LAMP SYSTEM,12.07.2024,202421043757,Published,View
Patents 2024,221,Mr. Naresh Chandravanshi,Faculty of Pharmacy,MEDICATION DELIVERY TEMPERATURE TRACKING SYSTEM AND METHOD THEREOF,12.07.2024,202421043758,Published,View
Patents 2024,222,Dr. Anamika Pandey,Faculty of Science,AN AI-ENHANCED REAL-TIME GLOBAL ENVIRONMENTAL MONITORING AND PREDICTION SYSTEM,12.07.2024,202421044621,Published,View
Patents 2024,223,Dr. Mamta Rani,Faculty of Education,AN EDUCATIONAL PROGRAM PLANNING AND EVALUATION SYSTEM,12.07.2024,202421044622,Published,View
Patents 2024,224,Mr. Sanjay Kumar Yadav,Faculty of Arts & Humanities,A CULTURAL HERITAGE INFORMATIVE SYSTEM,12.07.2024,202421044623,Published,View
Patents 2024,225,Dr. Ravi Kumar Yadav,Faculty of Arts & Humanities,A MULTILINGUAL AI-POWERED CONVERSATIONAL PARTNER AND LANGUAGE LEARNING ASSISTANT SYSTEM,12.07.2024,202421043749,Published,View
Patents 2024,226,Mr. Birendra Kumar Sahu,Faculty of Pharmacy,A SMART INHALER WITH INTEGRATED ENVIRONMENTAL SENSORS (SIES) SYSTEM,12.07.2024,202421043750,Published,View
Patents 2024,227,Dr. Yashpal Singh,Faculty of Education,AN INTEGRATED MODULAR ROBOTICS LEARNING SYSTEM WITH PORTABLE PROGRAMMING BACKPACK,12.07.2024,202421044624,Published,View
Patents 2024,228,Ms. Vandana Yadav,Faculty of Arts & Humanities,INTELLIGENT HINDI LANGUAGE PROOFREADING AND PLAGIARISM DETECTION SYSTEM,12.07.2024,202421044625,Published,View
Patents 2024,229,Mrs. Santosh Devi,Faculty of Arts & Humanities,AN INTERACTIVE LITERATURE ANALYSIS TOOL (ILAT) SYSTEM,12.07.2024,202421044626,Published,View
Patents 2024,230,Dr. Anil Kumari,Faculty of Arts & Humanities,A SOCIAL TREND TRACKER (STT) SYSTEM,12.07.2024,202421044627,Published,View
Patents 2024,231,Mr. Devendra Kumar Singh,Faculty of Arts & Humanities,INTELLIGENT HINDI LANGUAGE TRANSLATION AND COMPREHENSION SYSTEM,12.07.2024,202421044647,Published,View
Patents 2024,232,Ms. Shikha Kumari Rajak,Faculty of Pharmacy,A GEOSPATIAL HEALTH ALERT SYSTEM (GHAS),12.07.2024,202421044648,Published,View
Patents 2024,233,Dr. Ravi Kumar Yadav,Faculty of Arts & Humanities,AN AI-GUIDED PATHOPHYSIOLOGY DIAGNOSTIC AND TREATMENT PLATFORM (AIPDT) SYSTEM,12.07.2024,202421044649,Published,View
Patents 2024,234,Ms. Monika Barsagade,Faculty of Pharmacy,A SMART PATHOPHYSIOLOGY-INFORMED DRUG DELIVERY SYSTEM (SPIDDS),12.07.2024,202421044650,Published,View
Patents 2024,235,Mr. Pawan Kumar,Faculty of Law,AN AI-DRIVEN ENVIRONMENTAL COMPLIANCE AND MONITORING SYSTEM,12.07.2024,202421040981,Published,View
Patents 2024,236,Mr. Ashish Ranjan,Faculty of Pharmacy,A MEDICATION DISPENSING ROBOT FOR PHARMACIES SYSTEM,12.07.2024,202421043751,Published,View
Patents 2024,237,Ms. Pranjali Verma,Faculty of Pharmacy,A MEDITATION IDENTIFICATION AND SORTING SYSTEM,05.07.2024,202421042058,Published,View
Patents 2024,238,Mr. Chandra Pratap Dhimar,Faculty of Pharmacy,A-REAL TIME DIGITAL PILL TRACKER (RDPT) SYSTEM,05.07.2024,202421042060,Published,View
Patents 2024,239,Mr. Jitendra Kumar Sinha,Faculty of Pharmacy,A BIO-SENSING SMART PATH FOR CONTINUOUS DRUG MONITORING (BSSP-CDM) SYSTEM,05.07.2024,202421042061,Published,View
Patents 2024,240,Mr. Nitish Kumar,Faculty of Pharmacy,A MEDICATION TEMPERATURE MONITORING TAG SYSTEM,05.07.2024,202421042063,Published,View
Patents 2024,241,Mr. Sachin Pradhan,Faculty of Pharmacy,A MEDICATION DISPENSING VENDING MACHINE SYSTEM,05.07.2024,202421042064,Published,View
Patents 2024,242,Mr. Mahendra Kumar,Faculty of Pharmacy,PERSONALISED MEDICATION REMINDER MIRROR SYSTEM AND METHOD THEREOF,05.07.2024,202421042065,Published,View
Patents 2024,243,Mr. Lakhan Lal Kashyap,Faculty of Pharmacy,A MEDICATION ADHERENCE TRACKING BRACELET SYSTEM,05.07.2024,202421042066,Published,View
Patents 2024,244,Ms. Naina Bhoyar,Faculty of Pharmacy,A NANOPARTICLE-ENHANCED DRUG DELIVERY SYSTEM,05.07.2024,202421042067,Published,View
Patents 2024,245,Mr. Yogendra Sahu,Faculty of Pharmacy,A SMART PILL BOTTLE WITH BUILT-IN REMINDER SYSTEM,05.07.2024,202421042068,Published,View
Patents 2024,246,Mr. Krishna Kumar Sahu,Faculty of Pharmacy,MEDICATION ADHERENCE MONITORING SYSTEM AND METHOD THEREOF,05.07.2024,202421042069,Published,View
Patents 2024,247,Ms. Poorti Sharma,Faculty of Pharmacy,A VIRTUAL REALITY MEDICATION COUNSELING SYSTEM (VRMCS),05.07.2024,202421042070,Published,View
Patents 2024,248,Ms. Akanksha Dubey,Faculty of Pharmacy,MEDICATION ADHERENCE BRACELET SYSTEM AND METHOD THEREOF,05.07.2024,202421043746,Published,View
Patents 2024,249,Mr. Aman,Faculty of Pharmacy,MEDICATION ADHERENCE GAMING SYSTEM AND METHOD THEREOF,05.07.2024,202421043747,Published,View
Patents 2024,250,Dr. Deepak Kumar Srivastava,Faculty of Law,LEGAL CASE ANALYTICS AND PREDICTION SYSTEM,28.06.2024,202421039954,Published,View
Patents 2024,251,Dr. Amik Sharma,Faculty of Commerce & Management,VIRTUAL REALITY FITNESS TRAINING SYSTEM AND METHOD THEREOF,28.06.2024,202421039955,Published,View
Patents 2024,252,Mr. Narendra Kumar Patel,Faculty of Arts & Humanities,ARTIFICIAL INTELLIGENCE (AI)-POWERED HERITAGE PRESERVATION SYSTEM,28.06.2024,202421039951,Published,View
Patents 2024,253,Dr. Arvind Kumar Tiwari,Faculty of Commerce & Management,DIGITAL CAREER DEVELOPMENT SYSTEM AND METHOD THEREOF,28.06.2024,202421039952,Published,View
Patents 2024,254,Dr. Deepak Tiwari,Faculty of Commerce & Management,SMART FINANCIAL ADVISORY SYSTEM AND METHOD THEREOF,28.06.2024,202421039953,Published,View
Patents 2024,255,Mr. Ashish Agrawal,Faculty of Pharmacy,AN INTEGRATED PHARMACEUTICAL RESEARCH AND PRACTICE PLATFORM SYSTEM,28.06.2024,202421040974,Published,View
Patents 2024,256,Mr. Birendra Kumar,Faculty of Law,A SMART LEGAL CONTRACT VALIDATOR (SLCV) SYSTEM,28.06.2024,202421040194,Published,View
Patents 2024,257,Mr. Alok Kumar Yadav,Faculty of Law,AI-ENHANCED TORT CLAIM ASSESSMENT AND LITIGATION SUPPORT SYSTEM,28.06.2024,202421040195,Published,View
Patents 2024,258,Mrs. Ragini Patel,Faculty of Pharmacy,PHARMACEUTICAL INVENTORY OPTIMIZATION SYSTEM AND METHOD THEREOF,28.06.2024,202421040196,Published,View
Patents 2024,259,Mr. Vijay Shankar Yadav,Faculty of Law,AN INTELLIGENT LEGAL DOCUMENT ANALYSIS AND DRAFTING ASSISTANT SYSTEM,28.06.2024,202421040197,Published,View
Patents 2024,260,Mr. Dilip Dwivedy,Faculty of Law,A SMART CONTRACT LIFECYCLE MANAGEMENT SYSTEM (SCLMS),28.06.2024,202421040198,Published,View
Patents 2024,261,Ms. Tripti Dewangan,Faculty of Pharmacy,PERSONALIZED FAMILY HEALTH AND WELLNESS MANAGEMENT SYSTEM AND METHOD THEREOF,28.06.2024,202421040975,Published,View
Patents 2024,262,Ms. Hemlata Dewangan,Faculty of Pharmacy,PRECISION PHARMACOTHERAPY SYSTEM AND METHOD THEREOF,28.06.2024,202421040976,Published,View
Patents 2024,263,Mr. Suresh Chandra Yadav,Faculty of Law,AN AI-POWERED TAX COMPLIANCE AND OPTIMIZATION SYSTEM,28.06.2024,202421040977,Published,View
Patents 2024,264,Mr. Anil Kumar Singh,Faculty of Law,A WORKPLACE COMPLIANCE AND FAIRNESS MONITORING SYSTEM,28.06.2024,202421040978,Published,View
Patents 2024,265,Mr. Sanjay Kumar Mire,Faculty of Law,AN AI-ENHANCED PHARMACEUTICAL MANUFACTURING COMPLIANCE AND OPTIMIZATION SYSTEM,28.06.2024,202421040979,Published,View
Patents 2024,266,Ms. Prachi Gurudiwan,Faculty of Law,AN INTEGRATED PHARMACEUTICAL EDUCATION AND TRAINING PLATFORM SYSTEM,28.06.2024,202421040980,Published,View
Patents 2024,267,Mr. Arvind Kumar Yadav,Faculty of Law,AN AI-DRIVEN COURT CASE MANAGEMENT AND OPTIMIZATION SYSTEM,28.06.2024,202421040982,Published,View
Patents 2024,268,Ms. Bhuvaneshwari Dewangan,Faculty of Pharmacy,AN PORTABLE PHARMACOGENOMICS ANALYZER (PPA) SYSTEM,28.06.2024,202421040983,Published,View
Patents 2024,269,Mr. Ashish Ranjan,Faculty of Pharmacy,BIOSAFE CABINET,28.06.2024,411569-001,Grant Design,View
Patents 2024,270,Mr. Narendra Kumar Patel,Faculty of Arts & Humanities,ARTIFICIAL INTELLIGENCE (AI)-POWERD HERITAGE PRESERVATION SYSTEM,28.06.2024,2024210399951,Published,View
Patents 2024,271,Mr. Gopesh Kumar Bharti,Faculty of CS & IT,AI- BASED FIRE FIGHTING DRONE,25.06.2024,421142-001,Grant Design,View
Patents 2024,272,Dr. Vinay Chandra Jha,Faculty of Engineering,BOILER WITH HYBRID POWER SYSTEM,24.06.2024,6372287,Grant Design,View
Patents 2024,273,Dr. Aditya Prakash Saxena,Faculty of Education,A METHOD FOR AN ASTROLOGY BASED VIRTUAL ASSISTANT SYSTEM,21.06.2024,202421029135,Published,View
Patents 2024,274,Saroj Nayyar,Faculty of CS & IT,ROBOTIC ARM FOR TEACHING PURPOSE,14.06.2024,418866-001,Grant Design,
Patents 2024,275,Dr. Vijayalaxmi Biradar,Faculty of Engineering,PORTABLE GEO-TAGGED GROUND WATER QUALITY MONITORING SYSTEM,14.06.2024,202421036552,Published,View
Patents 2024,276,Mr. Sunil Kumar Yadav,Faculty of Law,LAW SCHOOL LIBRARY RESOURCES AGGREGATOR SYSTEM AND METHOD THEREOF,14.06.2024,202421037522,Published,View
Patents 2024,277,Dr. Arvind Kumar Saxena,Faculty of Commerce & Management,INTELLIGENT BUSINESS MANAGEMENT SYSTEM AND METHOD THEREOF,14.06.2024,202421037523,Published,View
Patents 2024,278,Mr. Vinod Kumar Vishwakarma,Faculty of Science,A MATH PROBLEM SOLVING SYSTEM,14.06.2024,202421037695,Published,View
Patents 2024,279,Saroj Nayyar,Faculty of CS & IT,DEVICE FOR ENHANCING COMPUTER NETWORK SAFETY,10.06.2024,410051-001,Grant Design,
Patents 2024,280,Praveen Kumar Yadav,Faculty of Science,REMOTE HEALTH MONITORING WITH BLE CAPABILITY FOR COVID-19 DOCTORS MANAGEMENT,31.05.2024,202441040940,Grant Design,
Patents 2024,281,Dr. Rishikant Agnihotri,Faculty of Science,A SYSTEM FOR AUGMENTED REALITY-ENHANCED MATHEMATICS EDUCATION,24.05.2024,202421035573,Published,View
Patents 2024,282,Mr. Sourabh Kumar Shrivastav,Faculty of Science,INTELLIGENT CHEMICAL REACTION PREDICTION SYSTEM AND METHOD THEREOF,24.05.2024,202421035574,Published,View
Patents 2024,283,Mr. Ashwani Kumar Dwivedi,Faculty of Science,A SYSTEM TO DEVELOP INTELLIGENT MATHEMATICS PROBLEM GENERATOR AND METHOD THEREOF,24.05.2024,202421035575,Published,View
Patents 2024,284,Dr. Narendra Kumar Singh,Faculty of Law,PLAINT AND WRITTEN STATEMENT ASSISTANCE SYSTEM AND METHOD THEREOF,24.05.2024,202421035576,Published,View
Patents 2024,285,Mr. Om Hari Narayan Kushwaha,Faculty of Science,DYNAMIC MATH CURRICULUM GENERATION SYSTEM AND METHOD THEREOF,24.05.2024,202421035577,Published,View
Patents 2024,286,Mr. Dindyal Singh,Faculty of Science,SMART PHYSICS EXPERIMENT ASSISTANT SYSTEM AND METHOD THEREOF,17.05.2024,202421030985,Published,View
Patents 2024,287,Mr. Beyant Singh,Faculty of Pharmacy,ULTRASONIC CELL DISRUPTOR,16.05.2024,411195-001,Grant Design,View
Patents 2024,288,Mr. Sourabh Kumar Shrivastav,Faculty of Science,BURNER WITH TEST TUBE HOLDER,16.05.2024,411196-001,Grant Design,View
Patents 2024,289,Dr. Rishikant Agnihotri,Faculty of Science,MATHEMATICAL LEARNING GAME,16.05.2024,411567-001,Grant Design,View
Patents 2024,290,Ms. Prachi Gurudiwan,Faculty of Pharmacy,ZETA POTENTIAL ANALYZER,16.05.2024,411570-001,Grant Design,View
Patents 2024,291,Mr. Nitish Kumar,Faculty of Pharmacy,VAPORIZER STEAMER,16.05.2024,411669-001,Grant Design,View
Patents 2024,292,Mr. Naresh Chandravanshi,Faculty of Pharmacy,DIGITAL PH METER,16.05.2024,412233-001,Grant Design,View
Patents 2024,293,Ms. Urvashi Jain,Faculty of Pharmacy,PILLS DISPENSER,16.05.2024,412306-001,Grant Design,View
Patents 2024,294,Dr. Priya Vij,Faculty of CS & IT,PRINTER,16.05.2024,412322-001,Grant Design,View
Patents 2024,295,Doc. Chetan Kumar,Faculty of Pharmacy,DENTAL IMPRESSION TRAY,16.05.2024,411197-001,Grant Design,View
Patents 2024,296,Mr. Sachin Pradhan,Faculty of Pharmacy,RESPIRATORY NEBULIZER,16.05.2024,412235-001,Grant Design,View
Patents 2024,297,Mr. Yogendra Sahu,Faculty of Pharmacy,DIGITAL WEIGHING SCALE FOR PHARMACEUTICAL LABS,16.05.2024,411192-001,Grant Design,View
Patents 2024,298,Dr. Munshi Lal Patel,Faculty of Science,AN AUTOMATED ANIMAL BEHAVIOUR ANALYSIS SYSTEM AND METHOD THEREOF,10.05.2024,202421030783,Published,View
Patents 2024,299,Mr. Amar Jeet,Faculty of Science,A SMART WILDLIFE MONITORING AND CONSERVATION DRONES SYSTEM,10.05.2024,202421030784,Published,View
Patents 2024,300,Mr. Mukesh Sharma,Faculty of Law,A COURT FEES FOUNDER SYSTEM,10.05.2024,202421030785,Published,View
Patents 2024,301,Zubair Ahmed Khan Dr. Asha Ambarkar,Faculty of CS & IT,IOT BASED WIRELESS SENSOR NODES FOR NETWORK SECURITY,09.05.2024,409715-001,Grant Design,
Patents 2024,302,Mrs. Deepti Patnaik,Faculty of CS & IT,Algorithm for real time economic forecasting and analysis,04.05.2024,202441035498,Published,
Patents 2024,303,Dr. Nidhi Mishra,Faculty of CS & IT,COMPUTER,03.05.2024,411571-001,Grant Design,View
Patents 2024,304,Dr. Awadh Kishor Trivedi,Faculty of Education,"SYSTEM FOR DEVELOPING PART-OF-SPEECH TAGGER, STEMMER AND NAMED ENTITY RECOGNIZER IN MAITHILI",03.05.2024,202421028893,Published,View
Patents 2024,305,Dr. Vijay Kumar Shukla,Faculty of Commerce & Management,A SYSTEM FOR OPTIMIZING FOOD DELIVERY,03.05.2024,202421028894,Published,View
Patents 2024,306,Ms. Srishti Singh Chauhan,Faculty of technology,A METHOD FOR FABRICATING STAINLESS STEELS WITH BIOCOMPATIBLE PROPERTIES FOR MEDICAL DEVICES,03.05.2024,202421028895,Published,View
Patents 2024,307,Mr. Manoj Kumar,Faculty of Science,METHOD OF FABRICATION OF HARD-TO-CUT MATERIALS,03.05.2024,202421028896,Published,View
Patents 2024,308,Dr. Nidhi Mishra,Faculty of CS & IT,SYSTEM FOR SEAMLESSLY CONNECTING ROOM OWNERS AND TENANTS,03.05.2024,202421028897,Published,View
Patents 2024,309,Dr. Priya Vij,Faculty of CS & IT,A SYSTEM AND METHOD FOR STORING FILES IN A DECENTRALISED CLOUD STORAGE,03.05.2024,202421029132,Published,View
Patents 2024,310,Dr. Suchitra Mishra,Faculty of Education,COMPREHENSIVE DOCUMENTATION METHOD FOR HAND BLOCK PRINTING PRESERVATION,03.05.2024,202421029133,Published,View
Patents 2024,311,Dr. Neeraj Tiwari,Faculty of Education,AUTHENTICITY CHECK OF PERSON'S IDENTITY VERIFICATION SYSTEM,03.05.2024,202421029134,Published,View
Patents 2024,312,Dr. S.K. Gupta,Faculty of Education,A METHOD FOR EVALUATING CHANGING STUDENTS MINDSET IN OFFLINE AND ONLINE CLASSES,03.05.2024,202421029136,Published,View
Patents 2024,313,Dr. Saroj Nayyar,Faculty of Education,ARTIFICIALLY INTELLIGENT BOARD FOR TEACHING,30.04.2024,415314-001,Grant Design,View
Patents 2024,314,Dr. Anupa Sinha,Faculty of CS & IT,IOT BASED CROP HEALTH MONITORING DEVICE,27.04.2024,415135-001,Grant Design,View
Patents 2024,315,Mr. Bipin Pradhan,Faculty of Commerce & Management,DIGITAL MARKETING STRATEGIES TO IMPROVE CUSTOMER EXPERIENCE AND ENGAGEMENT,26.04.2024,202441032257,Published,View
Patents 2024,316,Dr. Shraddha Verma,Faculty of Education,AI POWERED INTERACTIVE ENGLISH LEARNING BOARD,21.04.2024,6359678,Grant Design,View
Patents 2024,317,Dr. Shraddha Verma Dr. Lubhawani tripathi Hersha Sharma Mr. Gulshan Kumar Behera,Faculty of Education,Device to identify student alertness,18.04.2024,406453-001,Grant Design,
Patents 2024,318,Dr. Abhishek Kumar Pandey,Faculty of Science,A METHOD FOR FORMULATION OF USER FRIENDLY LESS TOXIC SCENTED TOILET CLEANER,12.04.2024,202421018937,Published,View
Patents 2024,319,Dr. Sanyogita Sahi,Faculty of Science,PORTABLE HIGH-SPEED CENTRIFUGE DEVICE FOR SEPARATING AND ISOLATING COMPONENTS,12.04.2024,406316-001,Grant Design,View
Patents 2024,320,Ms. Khushboo Gupta,Faculty of Pharmacy,AI BASED HEALTHCARE DEVICE FOR DIAGNOSING ABDOMINAL DISEASES,10.04.2024,413169-001,Grant Design,View
Patents 2024,321,Mr. Dindayal Singh,Faculty of Science,DIGITAL AMMETER,02.04.2024,412323-001,Grant Design,View
Patents 2024,322,Dr. Munshi Lal Patel,Faculty of Science,MICROSCOPE,02.04.2024,412324-001,Grant Design,View
Patents 2024,323,Mr. Mahendra Kumar,Faculty of Pharmacy,BLOOD VISCOSITY TESTER,01.04.2024,412231-001,Grant Design,View
Patents 2024,324,Ms. Akanksha Dubey,Faculty of Pharmacy,BLOOD ANALYZER,01.04.2024,412232-001,Grant Design,View
Patents 2024,325,Mr. Lakhan Lal Kashyap,Faculty of Pharmacy,ALCOHOL BREATH DETECTOR,01.04.2024,412234-001,Grant Design,View
Patents 2024,326,Mr. Vinod Kumar Vishwakarma,Faculty of Science,PROTRACTOR WITH A DIGITAL ANGLE FINDER SCALE,01.04.2024,412307-001,Grant Design,View
Patents 2024,327,Mr. Ashwani Kumar Dwivedi,Faculty of Law,DIGITAL COMPASS,27.03.2024,411670-001,Grant Design,View
Patents 2024,328,Mr. Om Hari Narayan Kushwaha,Faculty of Science,DUAL MODE SCIENTIFIC CALCULATOR,27.03.2024,411671-001,Grant Design,View
Patents 2024,329,Dr. Manoj Kumar,Faculty of Science,THERMOMETER,27.03.2024,411672-001,Grant Design,View
Patents 2024,330,Ms. Naina Bhoyar,Faculty of Pharmacy,GRANULATOR,27.03.2024,411673-001,Grant Design,View
Patents 2024,331,Mr. Birendra Kumar Sahu,Faculty of Pharmacy,THERMO FISHER DEVICE,26.03.2024,411565-001,Grant Design,View
Patents 2024,332,Ms. Srishti Singh Chauhan,Faculty of Engineering,SURGICAL LIGHTS,26.03.2024,411568-001,Grant Design,View
Patents 2024,333,Ms. Lokeshwari Sahu,Faculty of Pharmacy,FRIABILITY TESTER,21.03.2024,411194-001,Grant Design,View
Patents 2024,334,Doc. Moniza Nurez Khan,Faculty of Pharmacy,GLUCOSE MONITOR,21.03.2024,411193-001,Grant Design,View
Patents 2024,335,Ms. Bhuvaneshwari Dewangan,Faculty of Pharmacy,HOT BEAD STERILIZER,21.03.2024,411199-001,Grant Design,View
Patents 2024,336,Dr. Sanyogita Shahi,Faculty of Science,PORTABLE HIGH-SPEED CENTRIFUGE DEVICE FOR SEPARATING AND ISOLATING COMPONENTS,18.03.2024,6353581,Grant Design,View
Patents 2024,337,Dr. Sanyogita Shahi,Faculty of Science,SMART KITCHEN WASTE MANAGING DEVICE,18.03.2024,6353580,Grant Design,View
Patents 2024,338,Mr. Pranjul Shrivastava,Faculty of Pharmacy,THREE-DIMENSIONAL DENTAL SCANNING SYSTEM,13.03.2024,6352731,Grant Design,View
Patents 2024,339,Dr. Shailesh Deshmukh,Faculty of Engineering,PORTABLE SOLAR-POWERED WATER PURIFIER,12.03.2024,6350807,Grant Design,View
Patents 2024,340,"""Priyanka Gupta """,Faculty of Science,EFFECT OF CUO NANOPARTICLES ON THE PHOTODEGRADATION OF METHYL ORANGE (MO) DYE IN AQUEOUS MEDIA,01.03.2024,202421002773,Published,View
Patents 2024,341,"""Dr. Shraddha Verma
Dr.Lubhawani Tripathi""",Faculty of Education,TEACHER HAPPINESS MONITORING DEVICE,23.02.2024,403268-001,Grant Design,View
Patents 2024,342,Dr. Naresh Kumar Khunte,Faculty of Engineering,SMART ROBOTIC SYSTEM TO ASSIST STUDENTS,17.02.2024,407875-001,Grant Design,View
Patents 2024,343,Dr. Asha Ambhaikar,Faculty of CS & IT,FACE ANTI-SPOOFING DEVICE,16.02.2024,402922-001,Grant Design,View
Patents 2024,344,"""Dr. Manoj Kumar Nigam
Dr. Shailesh Deshmukh""",Faculty of Engineering,DIGITAL BATTERY CHARGER,09.02.2024,401975-001,Grant Design,View
Patents 2024,345,Dr. Sanyogita Shahi,Faculty of Science,SMART KITCHEN WASTE MANAGING DEVICE,30.01.2024,406080-001,Published,View
Patents 2024,346,Dr. Sanyogita Sahi,Faculty of Science,WEARABLE DEVICE FOR MEASURING BIOSIGNALS FORM THE BODY,19.01.2024,399488-001,Grant Design,View
Patents 2024,347,Mr. Swapnil Shukla,Faculty of Engineering,SYNTHESIS AND PROPERTY STUDIES OF MAGNETIC OXIDE MATERIALS AND ZNO NANOPARTICLES,05.01.2024,202341082659,Published,View
Patents 2024,348,Dr. Sanyogita Shahi,Faculty of Science,WEARABLE DEVICE FOR MEASURING BIOSIGNALS FORM THE BODY,04.01.2024,6333920,Grant,View
Patents 2023,1,"Mr. Ram Girdhar
Dr.Chandra Bhooshan Singh
Mr. Tushar Ranjan Barik
Ms. Nishtha Sharma
Ms. Mariyam Ahmed",Faculty of Commerce & Management,THE IMPACT ADVERTISING RESEARCH PRACTICES ON THE ADVERTISING PERFORMANCE OF COMPANIES,22.12.2023,202321072106,Published,View
Patents 2023,2,"Dr. Nidhi Goenka
Mr.Dheeraj Daniel
Ms. Sujata
Ms. Deepshikha Patel
Ms. Shivangi Makade",Faculty of Commerce & Management,AN EXAMINATION OF FINANCIAL MANAGEMENT METHODOLOGIES IN RELATION TO CAPITAL BUDGETING STRATEGIES AND INVESTMENT DECISION-MAKING,22.12.2023,202321068469,Published,View
Patents 2023,3,Dr. Shraddha Verma,Faculty of Education,BROWSED DATA OPTIMIZING DEVICE,22.12.2023,396561-001,Published,View
Patents 2023,4,"Ms. Nimmi Sharma
Mr.Rajendra Kumar Sahu",Faculty of Engineering,WIRELESS TEMPERATURE ANALYZER,21.12.2023,397580-001,Published,View
Patents 2023,5,Lt. Vibha Chandrakar,Faculty of Science,INTERACTIVE THERMOCHROMIC AND SCENT-INFUSED TEXTILE,24.11.2023,202321072565,Published,View
Patents 2023,6,Mrs. Priti Kumari,Faculty of Education,A SYSTEM FOR ENHANCING HUNTING PROFICIENCY AMONG INDIGENOUS COMMUNITIES,24.11.2023,203221072566,Published,View
Patents 2023,7,Dr. Jasmine Joshi,Faculty of Commerce & Management,PERFORMANCE-BASED APPRAISAL SYSTEM FOR CONDUCTING FAIR AND ACCURATE APPRAISAL PROCESS,24.11.2023,202321072231,Published,View
Patents 2023,8,Mr. Satvik Jain,Faculty of Commerce & Management,A SYSTEM FOR SUGGESTING DYNAMIC PRICES OF PRODUCTS,24.11.2023,202321072232,Published,View
Patents 2023,9,Dr. Swapnil Jain,Faculty of Technology,COOL VEG HAVEN: SUSTAINABLE COOLING SOLUTION FOR RURAL INDIA,24.11.2023,202321072229,Published,View
Patents 2023,10,"Dr. Amit Joshi ,Ms. Jharna Maiti",Faculty of Science,A METHOD FOR ISOLATING BIOACTIVE COMPOUNDS FROM THE GINKGO BILOBA PLANT HAVING ANTICANCER PROPERTY,21.11.2023,202321072230,Published,View
Patents 2023,11,Dr. Dhananjay Kumar Jain,Faculty of Science,A SYSTEM AND METHOD FOR SUGGESTING YOGIC REMEDIES FOR PSYCHOPHYSIOLOGICAL GENITOURINARY DISORDERS,21.11.2023,202321030003,Published,View
Patents 2023,12,"Mr. Aman Kumar Gupta,Mr. Piyush Das",Faculty of Science & Technology,AN AI-BASED SYSTEM AND METHOD FOR GENERATING ARCHITECTURAL DESIGNS OF INSTITUTIONAL BUILDINGS,21.11.2023,202321030004,Published,View
Patents 2023,13,Dr. Sandip Prasad Tiwari,Faculty of Pharmacy,ARTIFICIAL INTELLIGENCE BASED DEVICE FOR FINGER PLETHYSMOGRAPH,06.11.2023,6324344,Grant,View
Patents 2023,14,Dr. Sanyogita Sahi,Faculty of Science,DEVICE FOR DETECTING CARBON POLLUTION,30.10.2023,393099-001,Grant Design,View
Patents 2023,15,Dr. Sandip Prasad Tiwari,Faculty of Pharmacy,DEVICE FOR DEVELOPING NANO CAPSULES FOR PEPTIC ULCER,25.10.2023,6321691,Published,View
Patents 2023,16,Mr. Om Prakash Dewangan,Faculty of IT,AI-ENABLED MOBILE DEVICE FOR LOGISTIC FACILITY MANAGEMENT,20.10.2023,392134-001,Published,View
Patents 2023,17,Dr. Lubhawani Tripathi,Faculty of Education,STUDENT PERFORMANCE PREDICTION DEVICE,18.10.2023,397906-001,Published,View
Patents 2023,18,Mrs. Nishtha Sharma,Faculty of Commerce & Management,INNOVATIVE TECHNIQUE TO EXPORT INDIAN COMMODITIES TO OTHER COUNTRIES BY IMPLEMENTING NOVEL SUPPLY CHAIN PROCESS.,18.10.2023,202321063192,Published,View
Patents 2023,19,Dr. Sanyogita Sahi,Faculty of Science,BIOSENSOR DEVICE FOR CANCER CELL DETECTION,16.10.2023,393041-002,Grant Design,View
Patents 2023,20,Dr. Sanyogita Shahi,Faculty of Science,DEVICE FOR DETECTING CARBON POLLUTION,12.10.2023,6317657,Grant,View
Patents 2023,21,"Dr. Sanyogita Shahi ,Dr. Vijaylaxmi Birdar ,Mr. Honey Gaur",Faculty of Science & Technology,BIOSENSOR DEVICE FOR CANCER CELL DETECTION,12.10.2023,6317655,Grant,View
Patents 2023,22,Dr. Sanyogita Sahi,Faculty of Science,DEVICE FOR DETECTING SOIL QUALITY,12.10.2023,6317656,Grant Design,View
Patents 2023,23,Dr. Sanyogita Shahi,Faculty of Science,DEVICE FOR DETECTING SOIL QUALITY,05.10.2023,393041-001,Published,View
Patents 2023,24,Dr. Sanyogita Shahi,Faculty of Science,CARDIOVASCULAR MECHANICAL DEVICE FOR HEART PATIENT,05.10.2023,393100-001,Published,View
Patents 2023,25,Mr. Om Prakash Dewangan,Faculty of IT,ADVANCED NETWORK SECURITY SYSTEM WITH AI-POWERED THREAT DETECTION,29.09.2023,202321050825,Published,View
Patents 2023,26,Dr. Amit Joshi,Faculty of Science,INFRARED TRACKING LIGHT USED FOR CANCER THERAPY,27-09-2023,392900-001,Published,View
Patents 2023,27,"Dr. Rajesh Kumar Manik,Dr. Shilpi Srivastava,Dr. Asha Ambhaikar,Dr. Faiz Bux,Dr. Dhananjay Jain,Dr. Alok Verma,Dr. Nimesh Joshi,Mr. Sheikh Abdul Kadir",Faculty of Science,SANDHI MITRA: AYURVEDIC SUPPORT FOR JOINT HEALTH,22.09.2023,202321051456,Published,View
Patents 2023,28,Ms. Anupa Sinha,Faculty of IT,ATTENDANCE MANAGEMENT SYSTEM USING BIOMETRICS,04.08.2023,387569-001,Published,View
Patents 2023,29,Dr. Sanyogita Sahi,Faculty of Science,BIOSENSOR DEVICE FOR MEASURING BIOLOGICAL OR CHEMICAL REACTIONS,03.08.2023,383549-001,Grant Design,View
Patents 2023,30,"Mr. Shailesh Deshmukh,Mr. Mahesh Ahuja",Faculty of Technology,DEVICE FOR ELECTRICITY GENERATION FROM WASTEWATER TREATMENT,07.07.2023,383343-001,Published,View
Patents 2023,31,Mr. Ravi Prakash Mahobia,Faculty of Technology,IOT BASED REMOTE ACCESS CONTROL IN WATER LEVEL MONITORING FOR WATER MANAGEMENT,04.07.2023,202341020621,Published,View
Patents 2023,32,Ms. Abhismita Roy,Faculty of Science,IOT BASED WEARABLE HEALTH MONITORING DEVICE,30.06.2023,383007-001,Published,View
Patents 2023,33,Dr. Sanyogita Shahi,Faculty of Science,BIOSENSOR DEVICE FOR MEASURING BIOLOGICAL OR CHEMICAL,28.06.2023,6291366,Grant,View
Patents 2023,34,"Mr. Shailesh Deshmukh,Anu G Pillai,Mr. Rahul Baghel,Mr. Mahesh Ahuja,Dr. Alok Verma",Faculty of Technology,WIRELESS POWER TRANSMISSION SYSTEM USING MAGNETIC RESONANCE COUPLING,23.06.2023,202321035069,Published,View
Patents 2023,35,Dr. Amit Joshi,Faculty of Science,RHODODENDRON ARBOREUM WITH ZINGIBER OFFICINALIS AS A TONIC OF IMMUNOGENICITY,16.06.2023,202321030965,Published,View
Patents 2023,36,Dr. Smita Premanand,Faculty of Science,TIE & DYE TECHNIQUE RECOGNITION SYSTEM (TDRS) FOR TRADITIONAL FABRICS,16.06.2023,202321033569,Published,View
Patents 2023,37,Dr. Ajay Kumar Shukla,Faculty of Arts & Humanities,SYSTEM AND METHOD FOR ANALYZING AND STUDYING CHHATTISGARHI AND BHOJPURI FOLK MUSIC,16.06.2023,202321033873,Published,View
Patents 2023,38,Mr. Nuresh Kumar Khunte,Faculty of Technology,BANANA AND GLASS FIBER REINFORCED HYBRID POLYMER COMPOSITE WITH ENHANCED STRENGTH AND STIFFNESS PROPERTIES,16.06.2023,202321033886,Published,View
Patents 2023,39,Mr. Avtar Kishan Kaul,Faculty of Arts & Humanities,SYSTEM AND METHOD FOR IMPLEMENTING CSRCCBM FOR INDIAN CORPORATIONS,16.06.2023,202321033905,Published,View
Patents 2023,40,Dr. A Vijayanand,Faculty of Arts & Humanities,SYSTEM ADDRESSING MIDDLE CLASS ISSUES ACCORDING TO CLIFFORD ODETS' WORK,16.06.2023,202321033942,Published,View
Patents 2023,41,Dr. A Vijayanand,Faculty of Arts & Humanities,VIRTUAL REALITY SYSTEM FOR EXPLORING LIFE IN INDIA DURING E.M. FORSTER'S 'A PASSAGE TO INDIA',16.06.2023,202321033944,Published,View
Patents 2023,42,"Dr. Sandip Tiwari,Ms. Rajni Yadav,Mr. Saurabh Sharma",Faculty of Pharmacy,CURCUMA ANGUSTIFOLIA POWDER BASED NUTRACEUTICAL BEVERAGE WITH HEALTH BENEFITS,16.06.2023,202321033952,Published,View
Patents 2023,43,Dr. A Vijayanand,Faculty of Arts & Humanities,AUTOMATED POETRY ANALYSIS SYSTEM,16.06.2023,202321033965,Published,View
Patents 2023,44,Ms. Neelam Ahirwar,Faculty of Science,TOXICOLOGICAL EVIDENCE IN FORENSIC PHARMACOLOGY,02.06.2023,202321030688,Published,View
Patents 2023,45,Dr. N. K. Chapekar,Faculty of Technology,IOT BASED WEARABLE MEDICAL MONITORING DEVICE,31.05.2023,387404-001,Published,View
Patents 2023,46,Dr. Sanyogita Sahi,Faculty of Science,DEVICE FOR DETECTING FRUIT QUALITY,23.05.2023,381302-001,Grant Design,View
Patents 2023,47,Ms. Ruchi Chandrakar,Faculty of Technology,"AN EXPERIMENTAL STUDY OF PARTIAL REPLACEMENT OF CEMENT IN CONCRETE WITH MARBALDUST POWDER AND RECKON FIBRE IS USED AS AN ADMIXTURE""",19.05.2023,202321006076,Published,View
Patents 2023,48,Ms. Riya Goel Dr. Sunayana Shukla,Faculty of Commerce & Management,MODEL FOR INFERRING PREFERENCE AND LIFESTYLE INFORMATION FROM IMAGES POSTED IN SOCIAL MEDIA,19.05.2023,202321006077,Published,View
Patents 2023,49,Ms. Priti Kumari,Faculty of Education,QUESTIONNAIRE FOR SURVEY: THE KNOWLEDGE OF VEDIC BELIEFS,19.05.2023,202321006080,Published,View
Patents 2023,50,Ms. Pooja P. Raj & Mrs. Swati Tiwari,Faculty of IT,REAL TIME LIP SYNCHRONIZATION IN TEXT TO SPEECH AND ROBOT MOUTH,19.05.2023,202321006070,Published,View
Patents 2023,51,Ms. Muskan Diwan & Ms. Neha Choithramani,Faculty of Commerce & Management,COST MANAGEMENT MODEL FOR REVIVAL OF PSUS,19.05.2023,202321006074,Published,View
Patents 2023,52,Mrs. Shilpa Sharma Dr. Abhishek Tripathi,Faculty of Commerce & Management,INVERTED ECONOMIC GROWTH MODEL DURING CRISIS.,19.05.2023,202321006073,Published,View
Patents 2023,53,Ms. Jasmine Joshi Ms. Mariyam Ahmed,Faculty of Commerce & Management,ACADEMIC HR PERFORMANCE MEASUREMENT USING BLOOM'S TAXONOMY,19.05.2023,202321006068,Published,View
Patents 2023,54,Mr. Om Prakash Dewangan Mr. Proshanta Sarkar,Faculty of IT,DEVICE TO TRACK THE PROBLEM IN THE OFFICE ENVIRONMENT AND TO OBTAIN SOLUTIONS USING THE MACHINE LEARNING ALGORITHM EMBEDDED INTO THE SYSTEM,19.05.2023,202321006088,Published,View
Patents 2023,55,Mr. Om Prakash Dewangan Mr. Proshanta Sarkar,Faculty of IT,THE ROLE OF THINGWORX AS INDUSTRIAL IOT IN INTERNET OF THINGS,19.05.2023,202321006083,Published,View
Patents 2023,56,Mr. Avtar Kishan Kaul,Faculty of Arts & Humanities,HUMAN RESOURCE MANAGEMENT PRACTICES AND CSR – A PRAGMATIC MODEL,19.05.2023,202321006085,Published,View
Patents 2023,57,Lt. Vibha Chandrakar,Faculty of Science,BODY IMAGE AND HIGH FASHION MODELS IN THE 21ST CENTURY,19.05.2023,202321006079,Published,View
Patents 2023,58,Dr. Vineeta Diwan,Faculty of Arts & Humanities,PRODUCTION OF VEGAN LEATHER FROM LOTUS TO PROMOTE AS SUSTAINABLE LEATHER INSTATE OF CHHATTISGARH,19.05.2023,202321006082,Published,View
Patents 2023,59,Dr. Vineeta Diwan,Faculty of Arts & Humanities,PRODUCTION OF FIBER FROM WATER HYACINTH AS AN INNOVATION IN HANDLOOM INDUSTRY AS A SOLUTION AGAINST WATER HYACINTH POLLUTION,19.05.2023,202321006086,Published,View
Patents 2023,60,Dr. Sushma Dubey,Faculty of Science,PRODUCTION OF BIOFUELS BIOETHANOL AND BIOGAS FROM WATER HYACINTH IN CHHATTISGARH,19.05.2023,202321006069,Published,View
Patents 2023,61,Dr. Sunayana Shukla & Ms. Riya Goel,Faculty of Commerce & Management,PSYCHOANALYTICAL MODEL DEPICTING THE EFFECT OF SUBLIMINAL MESSAGES IN ADVERTISEMENTS,19.05.2023,202321006072,Published,View
Patents 2023,62,Dr. Rajesh Kumar Manik,Faculty of Science,A PRACTICE OF PANCHA YOGABHYASA IN MANAGEMENT OF MIGRAINE HEADACHE,19.05.2023,202321006089,Published,View
Patents 2023,63,Dr. Paromita Banerjee,Faculty of Science,IDENTIFICATION OF MICROORGANISMS USING IOT/APP BASED METHODS,19.05.2023,202321006084,Published,View
Patents 2023,64,Dr. Deepa Biswas,Faculty of Science,PRODUCTION OF BIO-PESTICIDE BY LEMON GRASS PLANT (CYMBOPOGON CITRATUS),19.05.2023,202321006071,Published,View
Patents 2023,65,Dr. Amit Joshi Dr. Prashant Kumar,Faculty of Science,EPITOPE BASED VACCINE DESIGN AGAINST MONKEYPOX VIRUS BY DEPLOYING LATEST IMMUNOINFORMATICS APPROACH,19.05.2023,202321006081,Published,View
Patents 2023,66,Dr. Abhishek Tripathi Ms. Shinki K. Pandey,Faculty of Commerce & Management,VAR MODEL FOR MEASURING CRYPTOCURRENCY VOLATILITY,19.05.2023,202321006078,Published,View
Patents 2023,67,Dr. A Rajshekhar,Faculty of Arts & Humanities,HERBAL AGARBATTI (PROCESS PERCENT),19.05.2023,202321006087,Published,View
Patents 2023,68,Ms.Ruchi Chandrakar,Faculty of Technology,DEVICE TO ANALYSIS THE HEALTH OF CONCRETE BRIDGE,19.05.2023,379778-001,Published,View
Patents 2023,69,Dr. Prashant Kumar,Faculty of Science,TABLET DISSOLUTION TESTING APPARATUS,17.05.2023,379480-001,Published,View
Patents 2023,70,Dr. Asha Ambhaikar,Faculty of IT,MULTILAYERED TELE-HEALTHCARE DATA ANALYSIS SYSTEM,11.05.2023,202321033329,Published,View
Patents 2023,71,Dr. Sanyogita Shahi,Faculty of Science,DEVICE FOR MEASURING PH VALUE OF FLUID,08.05.2023,378180-001,Grant Design,View
Patents 2023,72,"Ms. Akanksha Mishra ,Ms Kirti Nahak ,Mrs. Divya ,Ms. Nikita Pathrotkar ,Ms. Anupa Sinha, Mr. Akash Pandey",Faculty of IT,MICROWAVE SENSOR BASED SOIL ANALYZER,01.05.2023,385422-001,Published,View
Patents 2023,73,Ms. Alka Pandey,Faculty of Commerce & Management,SYSTEM FOR REAL-TIME TRACKING AND MONITORING OF INVENTORY IN A SUPPLY CHAIN,28.04.2023,202321021542,Published,View
Patents 2023,74,Dr. Sanyogita Sahi,Faculty of Science,DEVICE FOR DETECTING FRUIT QUALITY,27.04.2023,6275901,Grant Design,View
Patents 2023,75,"Dr. Vijayalaxmi Biradar ,Mr. Anup Kumar Jana,Mr. Sarat Chandra Mohanty,Mrs. Anu G. Pillai,Mr. Pankaj Tiwari",Faculty of Technology,DIGITALIZATION OF EDUCATION- CHALLENGES AND MEASURES FOR PROMOTION INNOVATIVE TECHNOLOGY FOR DELIVERING EDUCATIONAL CONTENT IN A REMOTE LEARNING ENVIRONMENT,20.04.2023,202321028905,Published,View
Patents 2023,76,"Mr. Proshanta Sarkar, Mr. Om Prakash Dewangan, Ms. Pooja P. Raj, Mr. Kamlesh Kumar Yadav, Ms. Swati Tiwari, Mr. Pawan Kumar",Faculty of IT,MICROWAVE SENSOR BASED SOIL ANALYZER,28.03.2023,382437-001,Published,View
Patents 2023,77,Dr. Sanyogita Shahi,Faculty of Science,DEVICE FOR MEASURING PH VALUE OF FLUID,08.03.2023,6265148,Grant,View
Patents 2023,78,Dr. Abhishek Tripathi,Faculty of Commerce & Management,IMPACT OF DIGITAL ECONOMY GROWTH TOWARDS NON-DIGITAL SECTOR IN INDIA,27.01.2023,202321001222,Published,View
Patents 2023,79,Dr. Shraddha Verma,Faculty of Education,DEVICE FOR ANALYSING THE EMPLOYEE WORK CONTRIBUTION,27.01.2023,376509-001,Published,View
Patents 2023,80,Ms.Khushboo Gupta,Faculty of Pharmacy,NANOTECHNOLOGY APPROACH TO THE EFFECT OF TOPICAL CREAMS FOR TREATING BLOOD CANCER,20.01.2023,202311003020,Published,View
Patents 2023,81,"Dr. Shilpi Bhattacharya, Ms. Arunima Das",Faculty of Arts & Humanities,GENDER DECEPTION TRACKING DEVICE,18.01.2023,366069-001,Published,View
Patents 2023,82,Mrs. L Jyothi Reddy,Faculty of Arts & Humanities,AN ARTIFICIAL INTELLIGENCE (AI) BASED WATER RESOURCE MANAGEMENT SYSTEM,13.01.2023,202221075707,Published,View
Patents 2023,83,Ms. Abha Sahu,Faculty of Technology,"METHOD FOR CONVERTING A THREE-DIMENSIONAL LIDAR DATASET TO A PROJECTION SHAPE, AND A MULTI-CHANNEL TWO-DIMENSIONAL IMAGE FOR PERFORMING SEGMENTATION",13.01.2023,202241075293,Published,View
Patents 2022,1,Mr. Shailesh M Deshmukh Mr. Mahesh Ahuja,Faculty of Technology,AN IMPROVISED DESIGN AND DEVELOPMENT OF SOLAR CHARGING STATION FOR EV,30.12.2022,202241073518,Published,View
Patents 2022,2,Dr. Ranjeeta Singh,Faculty of Education,"LIBRARY AUTOMATION THROUGH RFID, IOT, AND AI: A SYSTEM AND METHOD FOR MANAGING BOOKS, ARTICLES, AND JOURNAL",16.12.2022,202211069521,Published,View
Patents 2022,3,Dr. Nishikant Chapekar Mr. Honey Gaur,Faculty of Technology,MICROSTRUCTURAL ANALYSIS OF RECYCLED AGGREGATE CONCRETE,14.10.2022,202221031563,Published,View
Patents 2022,4,Mr. Swapnil Shukla Mr. Kunal Dewangan,Faculty of Technology,DESIGN OF SUSTAINABLE LASER METAL DEPOSITION OF ALUMINIUM ALLOYS FOR ANTI-EROSION IN AUTOMOBILE INDUSTRY,02.10.2022,202211056598,Published,View
Patents 2022,5,Mr. Ravi Prakash Mohabia,Faculty of Technology,OFFICE POWER MANAGEMENT DEVICE,30.09.2022,363915-001,Published,View
Patents 2022,6,Ms. Priyanka Gupta Mr. Gaurav Tamrakar,Faculty of Science & Technology,ANALYSIS OF HEAVY METALS & PHYSICOCHEMICAL PROPERTIES IN GROUND WATER,12.08.2022,202221043674,Published,View
Patents 2022,7,Mr. Shailesh M Deshmukh,Faculty of Technology,SMART SOFT KEY DESIGN FOR ELECTRICAL SWITCHES,05.08.2022,202241041614,Published,View
Patents 2022,8,Dr. Asha Ambhaikar,Faculty of Technology,MULTIPROTOCOL SUPPORT MEDICAL EQUIPMENT INTEGRATION SYSTEM,15.07.2022,202221036157,Published,View
Patents 2022,9,Dr. Sanyogita Shahi,Faculty of Science,AN UNDECA SACCHARIDE RIBOSE STRUCTURE ISOLATED FROM GADDI SHEEP MILK,07.07.2022,202221039183,Published,View
Patents 2022,10,Dr. Khushboo Sahu,Faculty of Commerce & Management,CELEBRITY BRAND ENDORSEMENT AN EFFECTIVE STRATEGY TO GENERATE SALES,01.07.2022,202221033068,Published,View
Patents 2022,11,Dr. Krushna Chandra Dalai,Faculty of Law,LEGAL CLINIC TOOLS AND TECHNIQUES APPRAISAL,01.07.2022,202221033067,Published,View
Patents 2022,12,Mr. Kapil Kelkar,Faculty of Science,`INFLUENCE OF SOCIAL MEDIA ON FASHION INDUSTRY,01.07.2022,202221033066,Published,View
Patents 2022,13,Lt. Vibha Chandrakar,Faculty of Science,UNIQUE DEVICES USED IN FASHION INDUSTRY,01.07.2022,202221033069,Published,View
Patents 2022,14,Ms. Swati Agrawal,Faculty of Technology,ENVIRONMENTAL IMPACT OF LEACHATE POLLUTION OF GROUNDWATER SUPPLY,24.06.2022,202221032041,Published,View
Patents 2022,15,Dr. Asha Ambhaikar Dr. Rika Sharma,Faculty of Technology,IOT IN HEALTH CARE SYSTEMS,24.06.2022,202221031799,Published,View
Patents 2022,16,Dr. Byju John,Faculty of Commerce & Management,TRAINING NEED ANALYSIS,24.06.2022,202221032545,Published,View
Patents 2022,17,Dr. Byju John,Faculty of Commerce & Management,PERFORMANCE APPRAISAL SYSTEMS,24.06.2022,202221032546,Published,View
Patents 2022,18,Dr. R. Sridhar Ms. Rajni Yadav,Faculty of Commerce & Management,HERBAL GEL DIFFUSER FOR NASAL CONGESTION,24.06.2022,202221032552,Published,View
Patents 2022,19,Dr. Rika Sharma Dr. Asha Ambhaikar,Faculty of Technology,DATA SCIENCE IN CLIMATE CHANGE,24.06.2022,202221031800,Published,View
Patents 2022,20,Dr. Sandip Tiwari,Faculty of Pharmacy,DEVELOPMENT OF POLYMERIC NANOGEL FOR ATOPIC ECZEMA,24.06.2022,202221032550,Published,View
Patents 2022,21,Dr. Shilpi Bhattacharya,Faculty of Arts & Humanities,"BIOPOLITICS: A BLOT ON EXISTING REALITIES OF GENDER, CLASS,CASTE AND SEXUALITY WITH REFERENCE TO SALMAN RUSHDIE'S MIDNIGHT CHILDREN AND MAHASWETA DEVI’S MOTHER OF 1084",24.06.2022,202221032551,Published,View
Patents 2022,22,Dr. Vineeta Diwan Dr. Sushma Dubey,Faculty of Science,PRODUCTION AND PROMOTION OF LOTUS FIBER AS AN INNOVATION IN HANDLOOM SECTOR OF CHHATTISGARH,24.06.2022,202221032062,Published,View
Patents 2022,23,Mr. Akshit Lamba,Faculty of Technology,DESIGN AND SEISMIC ANALYSIS OF INTZE TYPE WATER TANK,24.06.2022,202221032040,Published,View
Patents 2022,24,Mr. Deependra Soni Dr. Sandip Prasad Tiwari,Faculty of Pharmacy,HERBAL AIR MICROBES STERILIZING STICK AND METHOD OF PREPARATION THEREOF,24.06.2022,202221032549,Published,View
Patents 2022,25,Mr. Honey Gaur,Faculty of Technology,REPLACEMENT OF COARSE AGGREGATES WITH JHAMA BRICKS FOR PREPARATION OF CONCRETE,24.06.2022,202221031798,Published,View
Patents 2022,26,Mr. Kushagra Pandey,Faculty of Technology,LOGISTIC MODEL FOR CHOICE BASED BEHAVIOR FOR AIRWAYS AND RAILWAYS TRAVELLERS IN INDIAN CONTEXT,24.06.2022,202221032058,Published,View
Patents 2022,27,Mr. Mahesh Ahuja,Faculty of Technology,INVENTION RELATES TO AN ARRANGEMENT AND A METHOD FOR IMPROVING POWER QUALITY USING DYNAMIC VOLTAGE RESTORER,24.06.2022,202221032553,Published,View
Patents 2022,28,Mr. Manas Rathore,Faculty of Technology,CONSTRUCTION PROJECT MANAGEMENT SYSTEM & METHOD,24.06.2022,202221032057,Published,View
Patents 2022,29,Mr. Omprakash Dewangan Mr. Kailash Prasad Dewangan,Faculty of Technology,MACHINE LEARNING ALGORITHM & USAGE,24.06.2022,202221032061,Published,View
Patents 2022,30,Mr. Shailesh M Deshmukh,Faculty of Technology,DESIGN OF MICROGRIDS FOR HYBRID ELECTRIC VEHICLES CHARGING STATIONS,24.06.2022,202221032059,Published,View
Patents 2022,31,Mr. Shashank Girhepunje Mrs. Avantika Singh,Faculty of Technology,NATURAL LANGUAGE PROCESSING ON SOCIAL MEDIA,24.06.2022,202221032547,Published,View
Patents 2022,32,Mrs. Kirti Sahu Tirpude Mr. Honey Gaur,Faculty of Technology,RESTORATION OF DISTRESSED FOUNDATION STRUCTURES,24.06.2022,202221032548,Published,View
Patents 2022,33,Mrs. Shikha Tiwari Dr. Guddi Singh,Faculty of Technology,DETECTION AND RECOGNITION OF DRONES BASED ON DEEP LEARNING,24.06.2022,202221032060,Published,View
Patents 2022,34,Mrs. Smita Premanand,Faculty of Science,SOLUTION OF WEAVER'S SURVIVAL PROBLEM IN THE HANDLOOM INDUSTRY,24.06.2022,202221032063,Published,View
Patents 2022,35,Ms. Rajni Yadav,Faculty of Pharmacy,DEVELOPMENT OF HYDROPHILIC HERBAL GEL FOR XEROSIS,17.06.2022,202221031565,Published,View
Patents 2022,36,Dr. Sanyogita Shahi,Faculty of Science,A NOVEL POLYSACCHARIDE STRUCTURE ISOLATED FROM GADDI SHEEP MILK,17.06.2022,202221031245,Published,View
Patents 2022,37,Dr. Sanyogita Shahi,Faculty of Science,A POLYSACCHARIDE RIBOSE STRUCTURE ISOLATED FROM GADDI SHEEP MILK,17.06.2022,202221031247,Published,View
Patents 2022,38,Dr. Namrata Shrivastava,Faculty of Arts & Humanities,IMPACT OF FDI INFLOWS AND EXPORTS ON INDIAN ECONOMY,17.06.2022,202221031401,Published,View
Patents 2022,39,Dr. Parakh Sehgal,Faculty of Science,GLOWY THE SOAPY-NATURALLY HERB BASED SKIN GLOW ENHANCER SOAP,17.06.2022,202221031561,Published,View
Patents 2022,40,Dr. Shilpi Bhattacharya Ms. Anurima Das,Faculty of Arts & Humanities,APPLICATION ACCEPTED CERTIFICATE OF DESIGN NOT GENERATED,15.06.2022,366069-001,Published,View
Patents 2022,41,Ms. Rajni Yadav,Faculty of Pharmacy,HERBAL COMPOSITION WITH ANTIMICROBIAL ACTIVITY,10.06.2022,202221030119,Published,View
Patents 2022,42,Mr. Sudeep Mandal,Faculty of Pharmacy,"PHYTOCHEMICAL SCREENING, ANTIMICROBIAL, AND ANTIOXIDANT FREE RADICAL SCAVENGING ACTIVITY OF ORTHOSIPHON PALLIDUS",15.04.2022,20011020408,Published,View
Patents 2022,43,Dr. Sushma Dubey,Faculty of Science,PRODUCTION AND CHARACTERIZATION OF ENZYME FROM DIFFERENT FUNGAL SPECIES ISOLATED FROM BIODETERIORATED PAINTING OF JOGIMARA CAVE: A BIOTECHNOLOGICAL ASPECT,14.01.2022,202121041555,Published,View
Patents 2022,44,Dr. Shilpi Shrivastava,Faculty of Science,HEAVY METAL CONTAMINATION DETECTING GLOVES,10.01.2022,356425-001,Published,View
Patents 2021,1,Dr. Asha Ambhaikar,Faculty of Technology,SECURE COMMUNICATION FOR IOT HEALTHCARE SYSTEM USING SIDECHAIN AND TRUST BASED ROUTING,10.12.2021,202121056329,Published,View
Patents 2021,2,Dr. Asha Ambhaikar,Faculty of Technology,AUGMENTATION OF E-VOTING INFORMATION IN SIDE CHAINS USING MACHINE LEARNING: A HIGH PERFORMANCE SYSTEM DESIGN,10.12.2021,202121056328,Published,View
Patents 2021,3,Dr. Shilpi Bhattacharya,Faculty of Arts & Humanities,INDIVIDUAL MORAL THINKING TOWARDS ENVIRONMENT ISSUES AND CONCERNS WITH SPECIAL REFERENCE TO THE NOVELS OF AMITAV CONCEPT THROUGH ATTAINMENT MODEL,26.11.2021,202121041552,Published,View
Patents 2021,4,Dr. Monika Sethi,Faculty of Commerce & Management,EXPERIENTIAL LEARNING FOR ENHANCING LEADERSHIP SKILLS IN GRADUATE AND UNDERGRADUATE STUDENTS OF MANAGEMENT,26.11.2021,202121041550,Published,View
Patents 2021,5,Dr. Monika Sethi,Faculty of Commerce & Management,TOTAL QUALITY MANAGEMENT (TQM)AND TOTAL PRODUCTIVE MAINTENANCE (TPM) IN LIVE PROJECTS OF GRADUATE STUDENTS OF MANAGEMENT,26.11.2021,202121041548,Published,View
Patents 2021,6,Dr. Monika Sethi,Faculty of Commerce & Management,EXPERIENTIAL LEARNING FOR CAREER DEVELOPMENT TRAINING FOR MANAGEMENT STUDENTS,26.11.2021,202121041558,Published,View
Patents 2021,7,Dr. R Sridhar,Faculty of Commerce & Management,DRIVING EXPERIENCE SIMULATION OF TWO WHEELER AND FOUR WHEELER,26.11.2021,202121041553,Published,View
Patents 2021,8,Dr. R Sridhar,Faculty of Commerce & Management,UNIQUE BUSINESS PROCESS,26.11.2021,202121041557,Published,View
Patents 2021,9,Dr. Byju John,Faculty of Commerce & Management,REVIEWING OF ORGANIZATION DEVELOPMENT INTERVENTIONS IN ORGANIZATIONS,26.11.2021,202121041559,Published,View
Patents 2021,10,Dr. Byju John,Faculty of Commerce & Management,STRATEGIC HUMAN RESOURCE MANAGEMENT,26.11.2021,202121041547,Published,View
Patents 2021,11,Mr. Sandeep Mishra,Faculty of Technology,IMAGE PROCESSING DETECT THE FACE AND DISPLAY THE REQUIRED OUTPUT INFORMATION,26.11.2021,202121041556,Published,View
Patents 2021,12,Mr. Honey Gaur,Faculty of Technology,DESIGN OF PERFORMANCE BASED CONCRETE USING SAND RECLAIMED FROM CONSTRUCTION AND DEMOLITION WASTE,26.11.2021,202121041551,Published,View
Patents 2021,13,Ms. Rajni Yadav,Faculty of Pharmacy,DEVELOPMENT OF COFFEE TABLET FOR ITS SKIN REJUVENATING EFFECT,26.11.2021,202121041554,Published,View
Patents 2021,14,Dr. Sanyogita Shahi,Faculty of Science,A NOVEL POLYSACCHARIDE STRUCTURE ISOLATED FROM GADDI SHEEP'S MILK (NATIONAL),19.11.2021,202121038593,Published,View
Patents 2021,15,Dr. Sanyogita Shahi,Faculty of Science,A NOVEL DECCA SACCHARIDE STRUCTURE ISOLATED FROM GADDI SHEEP'S MILK (NATIONAL),19.11.2021,202121035935,Published,View
Patents 2021,16,Dr. Sanyogita Shahi,Faculty of Science,A NOVEL POLYSACCHARIDE STRUCTURE ISOLATED FROM GADDI SHEEP'S MILK (NATIONAL),19.11.2021,202121035936,Published,View
Patents 2021,17,Dr.Sunil Kumar,Faculty of Technology,INTERNET ENABLED SINGLE LINE ELECTRICITY DISTRIBUTION & SYSTEM,03.09.2021,202121037967,Published,View
Patents 2021,18,Dr. Sanyogita Shahi,Faculty of Science,A NOVEL POLYSACCHARIDE STRUCTURE ISOLATED FROM GADDI SHEEP'S MILK (INTERNATIONAL),25.08.2021,2021107484,Grant,View
Patents 2021,19,Dr. Asha Ambhaikar,Faculty of Technology,SMART REFRIGERATOR USING IOT AND INTELLIGENT CLOUD FOR LIFE EXPEDIENCE,24.08.2021,2021106924,Grant,View
Patents 2021,20,Dr. Sanyogita Shahi,Faculty of Science,A NOVEL POLYSACCHARIDE STRUCTURE ISOLATED FROM GADDI SHEEP'S MILK (INTERNATIONAL),23.08.2021,2021106544,Grant,View
Patents 2021,21,Dr. Sanyogita Shahi,Faculty of Science,A NOVEL TRISACCHARIDE STRUCTURE ISOLATED FROM GADDI SHEEP'S MILK AND THEIR BIOACTIVE PROPERTIES (INTERNATIONAL),21.08.2021,2021106363,Grant,View
Patents 2021,22,Dr. Sanyogita Shahi,Faculty of Science,A NOVEL DECCA SACCHARIDE STRUCTURE ISOLATED FROM GADDI SHEEP'S MILK (INTERNATIONAL),09.08.2021,2021106439,Grant,View
Patents 2021,23,Dr. Sanyogita Shahi,Faculty of Science,A NOVEL TRISACCHARIDE STRUCTURE ISOLATED FROM GADDI SHEEP'S MILK (INTERNATIONAL),30.07.2021,2021106392,Grant,View
Patents 2021,24,Dr. Sanyogita Shahi,Faculty of Science,THE BIOLOGICAL IMPORTANCE OF GADDI SHEEP'S MILK OLIGOSACCHARIDES (INTERNATIONAL),29.07.2021,2021104729,Grant,View
Patents 2021,25,Dr. Sanyogita Shahi,Faculty of Science,A NOVEL TRISACCHARIDE STRUCTURE ISOLATED FROM GADDI SHEEP'S MILK AND THEIR BIOACTIVE PROPERTIES (NATIONAL),26.07.2021,202121033474,Published,View
Patents 2021,26,Dr. Sanyogita Shahi,Faculty of Science,A NOVEL TRISACCHARIDE STRUCTURE ISOLATED FROM GADDI SHEEP'S MILK (NATIONAL),26.07.2021,202121034415,Published,View
Patents 2021,27,Mr. Deependra Soni,Faculty of Pharmacy,NOVEL PHYTOACTIVE EXTRACTS BASED FORMULATIONS OF HELICTERES ISORA FOR MUSCULAR AND NERVINE DISORDERS,11.06.2021,201921050710,Published,View
Patents 2021,28,Dr. Asha Ambhaikar,Faculty of Technology,IOT BASED DEVICE FOR SOCIAL DISTANCING TO STOP SPREADING CORONAVIRUS,16.05.2021,2021102602,Grant,View
Patents 2021,29,Dr. Asha Ambhaikar,Faculty of Technology,"SCALABLE DATA PROCESSING FOR PREDICTION, BATCH COMPUTATION AND ANALYSIS AND RESPONSE TIMES USING GOOGLE BIGQUERY",16.04.2021,202121015868,Published,View
Patents 2021,30,Dr. Sanyogita Shahi,Faculty of Science,REMOVAL OF ENVIRONMENTAL POLLUTION BY ENHANCING GROWTH OF TRICHODERMA USING OLIGOSACCHARIDES EXTRACTED FROM GADDI SHEEP'S MILK,25.03.2021,2021101308,Grant,View
Patents 2021,31,Mr. Om Prakash Dewangan,Faculty of Technology,STRESS AND EMOTIONS DETECTING CAP,08.03.2021,340329-001,Published,View
Patents 2021,32,Dr. Asha Ambhaikar,Faculty of Technology,AES AND RSA-BASED HYBRID ALGORITHMS FOR MESSAGE ENCRYPTION & DECRYPTION,26.02.2021,202121007215,Published,View
Patents 2021,33,Dr. Asha Ambhaikar,Faculty of Technology,BIG DATA SECURITY ENHANCEMENT BASED INTRUSION DETECTION SYSTEM USING K-MEAN CLUSTERING OF DECOMPOSITED FEATURES,12.02.2021,202121004801,Published,View
Patents 2021,34,Dr. Paritosh Dube,Faculty of Commerce & Management,ADVANCED SUPPLY CHAIN LINK PERFORMANCE AND FINANCIAL STATEMENT ANALYZER,22.01.2021,202021055414,Published,View
Patents 2021,35,Mr. Rahul Mishra,Faculty of Technology,INTELLIGENT DATASET DISCOVERY IN DATA ANALYTICS AND MACHINE LEARNING ALGORITHM,22.01.2021,202021055415,Published,View
Patents 2021,36,Dr. Shilpi Shrivastava,Faculty of Science,INTELLIGENT METHOD AND PROCESS TO EXTRACTION OF SILICA FROM RICE HULLS,22.01.2021,202021055416,Published,View
Patents 2021,37,Mr. Sudeep Kumar,Faculty of Pharmacy,"HERBAL DISINFECTANT (LIQUID, POWDER, SEMI- LIQUID) FOR PANDEMIC CONDITION (COVID19)",22.01.2021,202021055417,Published,View
Patents 2021,38,Mrs. Shobha Singh Thakur,Faculty of Law,ANALYSIS OF THE VARIOUS SCHOOLS OF THOUGHT IN RELATION TO THE MEANING OF LAW,22.01.2021,202021055418,Published,View
Patents 2021,39,Mr. Rahul Chawda,Faculty of IT,ADVANCED MOBILE AD HOC NETWORK (MANET) PROVIDING CONNECTIVITY ENHANCEMENT SYSTEM,22.01.2021,202021055419,Published,View
Patents 2021,40,Dr. M.S. Mishra,Faculty of Arts & Humanities,HUMAN ACTIVITY RECOGNITION USING SMARTPHONE,22.01.2021,202021055420,Published,View
Patents 2021,41,Dr. Harsha Patil,Faculty of Education,ADVANCED QUANTUM COMPUTING INTEGRATED DEVELOPMENT EDUCATION ENVIRONMENT USING IOT-BASED SYSTEM,22.01.2021,202021055421,Published,View
Patents 2021,42,Dr. Sanyogita Shahi,Faculty of Science,THE BIOLOGICAL IMPORTANCE OF GADDI SHEEP'S MILK OLIGOSACCHARIDES (NATIONAL),01.01.2021,202021051972,Published,View
Patents 2021,43,Dr. Sanyogita Shahi,Faculty of Science,GADDI SHEEP'S MILK OLIGOSACCHARIDES; IMPLEMENTATION ON ENVIRONMENT,01.01.2021,202021051896,Published,View
Patents 2021,44,Suman Kumar Swarnkar,Faculty of Technology,OPTIMIZED CONVOLUTION NEURAL NETWORK (OCNN) FOR VOICE-BASED SIGN LANGUAGE RECOGNITION: OPTIMIZATION & REGULARIZATION,31.07.2020,202021030006,Published,View
patents-2025,1,"Dr. Rahul Mishra
 Dr. Ruchi Chandrakar",Faculty of Engineering,AI Based Humanoid Robot for Surveillance and Security,17.07.2025,455109-001,Grant Design,
patents-2025,2,Jharna Maiti,Faculty of Science,Biosensor-based Detection Device for Cancerous Cells,07.07.2025,6442561,Grant Design,
patents-2025,3,"Mr. Chandra Kumar Sahu
 Ms. Soma Rajwade",Faculty of Engineering,INTEGRATING MACHINE LEARNING WITH TRAVELING SALESMAN PROBLEM (TSP) FOR INTELLIGENT ROUTE OPTIMIZATION IN SMART CITIES,23.05.2025,202541041213,Published,
patents-2025,4,"Dr. Swapnil Shukla
 Shailesh Singh Thakur",Faculty of Engineering,FOLDABLE CRUCIBLE TRAY FOR SINTERING IN FURNACES,28.04.2025,423700-001,Grant Design,
patents-2025,5,"Mr. Ashutosh Pandey
 Dr. Swati Agrawal
 Ms. Soumya Pandey
 Ms. Madhu Sahu
 Dr. E V R Rao",Faculty of Engineering,AI-OPTIMIZED METHOD AND SYSTEM FOR RECYCLED AGGREGATE CONCRETE MIX DESIGN,18.04.2025,202521033496,Published,
patents-2025,6,Ms. Vaishali Sinha,Faculty of Science,SELF-EVOLVING MACHINE LEARNING ALGORITHMS FOR PERSONALIZED CYBERSECURITY THREAT DETECTION,04.04.2025,202531022070,Published,
patents-2025,7,Dr. Lubhawani Tripathi,Faculty of Education,AI BASED DISPLAY COMPUTER DEVICE FOR ONLINE LEARNING AND MANAGEMENT,31.03.2025,6418242,Grant Design,
patents-2025,8,Dr. Ashok Kumar,Faculty of Pharmacy,DEVICE FOR DEVELOPING TRANSDERMAL PATCHES FOR DIABETES,28.03.2025,447173-001,Grant Design,
patents-2025,9,Dr. Saroj Nayyar,Faculty of Education,BIOMETRIC ATTENDANCE DEVICE WITH TOUCH FREE BODY TEMPERATURE SCREENING,26.03.2025,446258-001,Grant Design,
patents-2025,10,Dr. Pradeep Kumar,Faculty of Science,Engineered Bacteria For Rapid Detection of Pathogenic Contaminants in Food,11.03.2025,202541022068,Published,
patents-2025,11,Dr. Abhishek Sahu,Faculty of Engineering,VERSATILE VIBRATION SETUP FOR MEASURING FREQUENCIES OF PLATES UNDER VARIOUS BOUNDARY CONDITIONS,27.01.2025,432063-001,Grant Design,
patents-2025,12,"Jayakumar Rajamani
 Dharneesh Kumar
 Cipra Sahu",Faculty of Science,Repurposing magnets from obsolete wired earphones as Magnetic concentrator to separate metals from other wastes in domestic environs.,24.01.2025,202421101611,Published,
patents-2025,13,Dr. Shraddha Varma,Faculty of Education,HIGHER EDUCATION INSTITUTION'S QUALITY ANALYZER DEVICE,23.01.2025,417655-001,Grant Design,
Patents Lists - 2021,1,Dr. Deepti Patnaik,"EVALUATING FOREIGN MARKET ENTRY MODES: COMPARATIVE ANALYSIS OF EXPORTING, JOINT VENTURES, AND DIRECT INVESTMENT",15.08.2025,202521000000,Published,,
Patents Lists - 2024,1,Dr. Deepti Patnaik,EFFECTIVE BUSINESS COMMUNICATION IN THE DIGITAL AGE: STRATEGIES FOR SUCCESS,30.08.2024,202421000000,Published,,
Patents Lists - 2024,2,Mrs. Nishtha Sharma,A METHOD FOR OPTIMIZING RESOURCE ALLOCATION USING MACHINE LEARNING ALGORITHMS,25.10.2024,202421000000,Published,,
Patents Lists - 2024,3,Dr. Shinki Katyayani Pandey,A SYSTEM OF PERSONALIZED MARKETING AUTOMATION PLATFORM FOR RETAIL BUSINESSES,18.10.2024,202421000000,Published,,
Patents Lists - 2024,4,Mrs. Nishtha Sharma,A SYSTEM OF AI-BASED FRAUD DETECTION AND PREVENTION IN FINANCIAL,18.10.2024,202421000000,Published,,
Patents Lists - 2024,5,"Dr. Deepti Patnaik
Mr. Rakshak Bharti",A SYSTEM OF DECENTRALIZED LEDGER TECHNOLOGY FOR TRANSPARENT AND TRUSTWORTHY FINANCIAL,18.10.2024,202421000000,Published,,
Patents Lists - 2024,6,Dr. Arvind Kumar Saxena,INTELLIGENT BUSINESS MANAGEMENT SYSTEM AND METHOD THEREOF,14.06.2024,202421000000,Published,,
Patents Lists - 2024,7,"Dawakit Lepcha
Mr. Rakshak Bharti",ANALYSIS OF SOCIAL MEDIA MARKETING IMPACT ON CONSUMER BEHAVIOUR,11.10.2024,202431000000,Published,,
Patents Lists - 2024,8,"Mr. Rakshak Bharti
Dr. Deepti Patnaik",AN INTELLIGENT ALGORITHMIC TRADING SYSTEM FOR ENHANCED FINANCIAL DECISION MAKING,11.10.2024,202421000000,Published,,
Patents Lists - 2024,9,Mrs. Nishtha Sharma,A SYSTEM OF SECURE MULTI-FACTOR AUTHENTICATION FRAMEWORK FOR FINANCIAL TRANSACTIONS,11.10.2024,202421000000,Published,,
Patents Lists - 2024,10,Dr. Shinki Katyayani Pandey,A SYSTEM OF BLOCKCHAIN-BASED TOKENIZATION OF ASSETS FOR EFFICIENT FINANCIAL TRANSACTIONS,11.10.2024,202421000000,Published,,
Patents Lists - 2024,11,Mrs. Kanchan Thakur,THE INFLUENCER MARKETING EFFECT ON GENERATION Z'S PRODUCT BUYING BEHAVIOR,09.10.2024,202431000000,Published,,
Patents Lists - 2024,12,Dr. Ankita Nihlani,AN AUTONOMOUS VEHICLE NAVIGATION SYSTEM WITH REAL-TIME OBSTACLE DETECTION AND ADAPTIVE ROUTE OPTIMIZATION,08.11.2024,202421000000,Published,,
Patents Lists - 2024,13,Dr. Ankita Nihlani,AN AI-DRIVEN TALENT ACQUISITION AND WORKFORCE OPTIMIZATION SYSTEM,08.11.2024,202421000000,Published,,
Patents Lists - 2024,14,Dr. Deepti Patnaik,ALGORITHM FOR REAL-TIME ECONOMIC FORECASTING AND ANALYSIS,04.06.2024,202441000000,Published,,
Patents Lists - 2023,1,Ms. Nishtha Sharma,THE IMPACT ADVERTISING RESEARCH PRACTICES ON THE ADVERTISING PERFORMANCE OF COMPANIES,22.12.2023,202321000000,Published,,
Patents Lists - 2023,2,Mrs. Nishtha Sharma,INNOVATIVE TECHNIQUE TO EXPORT INDIAN COMMODITIES TO OTHER COUNTRIES BY IMPLEMENTING NOVEL SUPPLY CHAIN PROCESS,20.10.2023,202321000000,Published,,
Patents Lists - 2023,3,Ms. Shinki K. Pandey,VAR MODEL FOR MEASURING CRYPTOCURRENCY VOLATILITY,19.05.2023,202321000000,Published,,
Patents Lists - 2021 -1,1,Dr. R Shridhar,DRIVING EXPERIENCE SIMULATION OF TWO WHEELERS AND FOUR WHEELER,26.11.2021,202121041553,Published,,
Patents Lists - 2021 -1,2,Dr. R Shridhar,UNIQUE BUSSINESS PROCESS,26.11.2021,202121041557,Published,,
Patents Lists - 2021 -1,3,Dr. Byju John,REVIEWING OF ORGANIZATION DEVELOPMENT INTERVENTIONS IN ORGANIZATIONS.,26.11.2021,202121041559,Published,,
Patents Lists - 2021 -1,4,Dr. Byju John,STRATEGIC HUMAN RESOURCE MANAGEMENT,26.11.2021,202121041547,Published,,
Patents Lists - 2021 -1,5,Dr. Paritosh Dube,ADVANCED SUPPLY CHAIN LINK PERFORMANCE AND FINANCIAL STATEMENT ANALYZER,22.01.2021,202021055414,Published,,
Patent list 2022,1,Dr. Byju John,PERFORMANCE APPRAISAL SYSTEMS,24.06.2022,202221032546,Published,,
Patent list 2022,2,Dr. Byju John,TRAINING NEED ANALYSIS,24.06.2022,202221032545,Published,,
Patent list 2022,3,Dr. R. Shridhar,HERBAL GEL DIFFUSER FOR NASAL DECONGESTION,24.06.2022,202221032552,Published,,
Patents List - 2025,1,Dr. Deepti Patnaik,"EVALUATING FOREIGN MARKET ENTRY MODES: COMPARATIVE ANALYSIS OF EXPORTING, JOINT VENTURES, AND DIRECT INVESTIMENT",15.08.2025,202521073661,Published,,
Patents List - 2024,1,Dr. Deepti Patnaik,EFFECTIVE BUSINESS COMMUNICATION IN THE DIGITAL AGE: STRATEGIES FOR SUCCESS,30.08.2024,202421059448,Published,,
Patents List - 2024,2,Mrs. Nishta Sharma,A METHOD FOR OPTIMIZING RESOURCE ALLOCATION USING MACHINE LEARNING ALGORITHMS,25.10.2024,202421069399,Published,,
Patents List - 2024,3,Dr. Shinki Katyayani Pandey,A SYSTEM OF PERSONALIZED MARKETING AUTOMATION PLATFORM FOR RETAIL BUSINESSES,18.10.2024,202421068222,Published,,
Patents List - 2024,4,Mrs. Nishtha Sharma,A SYSTEM OF AI-BASED FRAUD DETECTION AND PREVENTION IN FINANCIAL,18.10.2024,202421068223,Published,,
Patents List - 2024,5,"Dr. Deepti Patnaik
Mr. Rakshak Bharti",A SYSTEM OF DECENTRALIZED LEDGER TECHNOLOGY FOR TRANSPARENT AND TRUSTWORTHY FINANCIAL,18.10.2024,202421068224,Published,,
Patents List - 2024,6,Dr. Arvind Kumar Saxena,INTELLEGENT BUSINESS MANAGEMENT SYSTME AND METHOD THEREOF,14.06.2024,202421037523,Published,,
Patents List - 2024,7,"Dawakit Lepcha
Mr. Rakshak Bharti",ANALYSIS OF SOCIAL MEDIA MARKETING IMPACT ON CONSUMER BEHAVIOUR,11.10.2024,202431074477,Published,,
Patents List - 2024,8,"Mr. Rakshak Bharti
Dr. Deepti Patnaik",AN INTELLIGENT ALGORITHMIC TRADING SYSTEM FOR ENHANCED FINANCIAL DECISION MAKING,11.10.2024,202421067525,Published,,
Patents List - 2024,9,Mrs. NIshtha Sharma,A SYSTEM OF SECURE MULTI-FACTOR AUTHENTICATION FRAMEWORK FOR FINANCIAL TRANSACTIONS,11.10.2024,202421067530,Published,,
Patents List - 2024,10,Dr. Shinki Katyayani Pandey,A SYSTEM OF BLOCKCHAIN-BASED TOKENIZATION OF ASSETS FOR EFFICIENT FINANCIAL TRANSACTIONS,11.10.2024,202421067531,Published,,
Patents List - 2024,11,Mrs. Kanchan Thakur,THE INFLUENCER MARKETING EFFECT ON GENERATION Z'S PRODUCT BUYING BEHAVIOR,09.10.2024,202431076450,Published,,
Patents List - 2024,12,Dr. Ankita Nihlani,"AN AUTONOMOUS VEHICLE NAVIGATION SYSTEM WITH REAL-TIME OBSTACLE DETECTION AND ADAPTIVE ROUTE
OPTIMIZATION",08.11.2024,202421075437,Published,,
Patents List - 2024,13,Dr. Ankita Nihlani,AN AI-DRIVEN TALENT ACQUISITION AND WORKFORCE OPTIMIZATION SYSTEM,08.11.2024,202421075441,Published,,
Patents List - 2024,14,Dr. Deepti Patnaik,ALORITHM FOR REAL-TIME ECONOMIC FORECASTING AND ANALYISIS,04.06-2024,202441035498,Published,,
Patents list - 2023,1,Ms. Nishtha Sharma,THE IMPACT ADVERTISING RESEARCH PRACTICES ON THE ADVERTISING PERFORMANCE OF COMPANIES,22.12.2023,202321072106,Published,,
Patents list - 2023,2,Mrs. Nishtha Sharma,INNOVATIVE TECHNIQUE TO EXPORT INDIAN COMMODITIES TO OTHER COUNTRIES BY IMPLEMENTING NOVEL SUPPLY CHAIN PROCESS.,20.10.2023,202321063192,Published,,
Patents list - 2023,3,Ms. Shinki K. Pandey,VAR MODEL FOR MEASURING CRPTOCURRENCY VOLATILITY.,19.05.2023,202321006078,Published,,
patents list - 2022,1,Dr. Byju John,PERFORMANCE APPRAISAL SYSTEMS,24.06.2022,202221032546,,Published,
patents list - 2022,2,Dr. Byju John,TRAINING NEED ANALYSIS,24.06.2022,202221032545,,Published,
patents list - 2022,3,Dr. R. Shridhar,HERBAL GEL DIFFUSER FOR NASAL DECONGESTION,24.06.2022,202221032552,,Published,
patents list - 2021,4,Dr. Byju John,STRATEGIC HUMAN RESOURCE MANGEMENT,26.11.2021,202121041547,Published,,
New Updated Patents 2025,1,Dr. Shraddha Varma,Faculty of Education,HIGHER EDUCATION INSTITUTION'S QUALITY ANALYZER DEVICE,23.01.2025,417655-001,Grant Design,View
New Updated Patents 2025,2,Dr. Lubhawani Tripathi,Faculty of Education,AI BASED DISPLAY COMPUTER DEVICE FOR ONLINE LEARNING AND MANAGEMENT,31.03.2025,6418242,Grant Design,View
New Updated Patents 2025,3,"Mr. Ashutosh Pandey
Dr. Swati Agrawal
Ms. Soumya Pandey
Ms. Madhu Sahu
Dr. E V R Rao",Faculty of Engineering,AI-OPTIMIZED METHOD AND SYSTEM FOR RECYCLED AGGREGATE CONCRETE MIX DESIGN,18.04.2025,202521033496,Published,View
New Updated Patents 2025,4,"Dr. Swapnil Shukla
Shailesh Singh Thakur",Faculty of Engineering,FOLDABLE CRUCIBLE TRAY FOR SINTERING IN FURNACES,28.04.2025,423700-001,Grant Design,View
New Updated Patents 2025,5,"Jayakumar Rajamani
Dharneesh Kumar
Cipra Sahu",Faculty of Science,Repurposing magnets from obsolete wired earphones as Magnetic concentrator to separate metals from other wastes in domestic environs.,24.01.2025,202421101611,Published,View
New Updated Patents 2025,6,Dr. Pradeep Kumar,Faculty of Science,Engineered Bacteria For Rapid Detection of Pathogenic Contaminats in Food,11.03.2025,202541022068,Published,View
New Updated Patents 2025,7,Ms. Vaishali Sinha,Faculty of Science,SELF-EVOLVING MACHINE LEARNING ALGORITHMS FOR PERSONALIZED CYBERSECURITY THREAT DETECTION,04.04.2025,202531022070,Published,View
New Updated Patents 2025,8,Dr. Saroj Nayyar,Faculty of Education,BIOMETRIC ATTENDANCE DEVICE WITH TOUCH FREE BODY TEMPERATURE SCREENING,26.03.2025,446258-001,Grant Design,View
New Updated Patents 2025,9,Dr. Ashok Kumar,Faculty of Pharmacy,DEVICE FOR DEVELOPING TRANSDERMAL PATCHES FOR DIABETES,28.03.2025,447173-001,Grant Design,View
New Updated Patents 2025,10,Dr. Abhishek Sahu,Faculty of Engineering,VERSATILE VIBRATION SETUP FOR MEASURING FREQUENCIES OF PLATES UNDER VARIOUS BOUNDARY CONDITIONS,27.01.2025,432063-001,Grant Design,View
New Updated Patents 2025,11,"Mr. Chandra Kumar Sahu
Ms. Soma Rajwade",Faculty of Engineering,INTEGRATING MACHINE LEARNING WITH TRAVELING SALESMAN PROBLEM (TSP) FOR INTELLIGENT ROUTE OPTIMIZATION IN SMART CITIES,23.05.2025,202541041213,Published,View
New Updated Patents 2025,12,Jharna Maiti,Faculty of Science,Biosensor-based Detection Device for Cancerous Cells,07.07.2025,6442561,Grant Design,View
New Updated Patents 2025,13,"Dr. Rahul Mishra
Dr. Ruchi Chandrakar",Faculty of Engineering,AI Based Humanoid Robot for Surveillance and Security,17.07.2025,455109-001,Grant Design,View
New Updated Patents 2025,14,Mrs. Deepti Patnaik,Faculty of CS & IT,Algorithm for real time economic forecasting and analysis,04.05.2024,202441035498,Published,View
New Updated Patents 2025,15,Dr. Shraddha Verma          Dr. Lubhawani tripathi Hersha Sharma                   Mr. Gulshan Kumar Behra,Faculty of Education,Device to identify student altertness,18.04.2024,406453-001,Grant Design,View
New Updated Patents 2025,16,Saroj Nayyar,Faculty of CS & IT,DEVICE FOR ENHANCING COMPUTER NETWORK SAFETY,10.06.2024,410051-001,Grant Design,View
New Updated Patents 2025,17,Praveen Kumar Yadav,Faculty of Science,REMOTE HEALTH MONITORING WITH BLE CAPABILITY FOR COVID-19 DOCTORS MANAGEMENT,31.05.2024,202441040940,Grant Design,View
New Updated Patents 2025,18,Zubair Ahmed Khan           Dr. Asha Ambarkar,Faculty of CS & IT,IOT BASED WIRELESS SENSOR NODES FOR NETWORK SECURITY,09.05.2024,409715-001,Grant Design,View
New Updated Patents 2025,19,Saroj Nayyar,Faculty of CS & IT,ROBOTIC ARM FOR TEACHING PURPOSE,14.06.2024,418866-001,Grant Design,View
New Updated Patents 2025,20,Mr. Tushar Ranjan Barik,Faculty of Commerce & Management,An Analysis of Environmental Sustainability and Its Impact on Corporate Performance,18.10.2024,202411076923,Published,View
