source_table,S. No.,Name of the teacher,Department,Title of the book/chapters published,Title of the paper,Title of the proceedings of the conference,Name of the conference,National / International,Year of publication,ISBN/ISSN number of the proceeding,Affiliating Institute at the time of publication,Name of the publisher
book-chapter-25-26,1,Dr. D. Kalidoss,Faculty of Education,Ho'oponopono Unlocking the Path to Inner Peace and Universal Abundance,,,,National,2025,978-9-7217-6614-3,Kalinga University,Amazon- Kindle Direct Publishing
book-chapter-25-26,2,Dr. Lubhawani Tripathi,Faculty of Education,Ho'oponopono Unlocking the Path to Inner Peace and Universal Abundance,,,,National,2025,978-9-7217-6614-3,Kalinga University,Amazon- Kindle Direct Publishing
book-chapter-25-26,3,Mr. Gulsan Kumar Behera,Faculty of Education,Ho'oponopono Unlocking the Path to Inner Peace and Universal Abundance,,,,National,2025,978-9-7217-6614-3,Kalinga University,Amazon- Kindle Direct Publishing
book-chapter-25-26,4,Dr. Vijayalaxmi Biradar,Faculty of Technology,Intelligent Fuzzy Logic-Controlled DC Machine,,,,National,2025,978-981-96-3728-7,Kalinga University,Springer
book-chapter-25-26,5,Dr.Sushma Dubey,Faculty of Science,"RECENT ADVANCES IN BIOTECHNOLOGY,
 BIOENGINEERING AND AGRICULTURE",Biosynthesis of metal nanoparticles to enhance immunity against various disease causing microbes and in the same way enhancing plants nutraceutical and therapeutic properties by enhancing secondary metabolite production,,,National,2025,9798305522655,Kalinga University,"Kshitj scientific Publisher, Varanasi"
book-chapter-25-26,6,Dr Jyotsna Dwivedi,Faculty of Commerce & Management,FUNDAMENTALS OF ENTREPRENEURSHIP AND E-COMMERCE,,,,National,2025,978-9-3090-3696-5,Kalinga University,"Pothi.com, Bengaluru, India"
book-chapter-25-26,7,Ms. Aakansha Soy,Faculty of CS & IT,"Smart Agriculture 
 Harnessing Machine Learning for Crop Management",Enhancing crop yield prediction accuracy through the application of gradient descent optimization algorithms,,,National,2025,9781003508625,Kalinga University,CRC Press
book-chapter-25-26,8,Dr Saroj Nayyar,Faculty of Education,Beyond Bricks and Mortar: Well-being for Women in Construction,Women-Centric Urban Mobility: Bridging Gender Gaps with Smart and Sustainable Solutions,,,National,2025,978-93-6559-304-4,Kalinga University,Swaranjali Publication
book-chapter-25-26,9,Dr Saroj Nayyar,Faculty of Education,Mindroid,Transformative Role of AI in Education,,,National,2025,"Vol-3, Issue-2",Kalinga University,IEEE
book-chapter-25-26,10,Dr. Sanjeev Yadav,Faculty of Education,International Book Chapter:Interdisciplinary Studies of humanities of Science,Learning Process:Psychology,,,National,2025,978-93-5996-533-8,Kalinga University,"Tulip Publication, Shimla Himachal Pradesh"
book-chapter-25-26,11,Dr. Shraddha Verma,Faculty of Education,Souvenir - ICSSR Sponsored International Conference on Innovative Education Strategies: NEP2020 in Chhattisgarh and Beyond,Leveraging technology for transformative teaching and learning in alignment with NEP 2020,,,National,2025,978-81-970089-3-1,Kalinga University,
book-chapter-25-26,12,Dr Saroj Nayyar,Faculty of Education,Souvenir- ICSSR Sponsored International Conference on Innovative Education Strategies: NEP2020 in Chhattisgarh and Beyond,Education reform worldwide: Insight and Innovations from global best practices.,,,National,2025,978-81-970089-3-1,Kalinga University,
book-chapter-25-26,13,Dr. Shraddha Verma,Faculty of Education,Souvenir- ICSSR Sponsored International Conference on Innovative Education Strategies: NEP2020 in Chhattisgarh and Beyond,Beyond the Books: Igniting Innovation in Biotechnology through Practical Learning,,,National,2025,978-81-970089-3-1,Kalinga University,
book-chapter-25-26,14,Dr. Harsha Patil,Faculty of Education,Souvenir- ICSSR Sponsored International Conference on Innovative Education Strategies: NEP2020 in Chhattisgarh and Beyond,"Exploring Teacher Effectiveness and Job Satisfaction Across Different School Types: A Gender Based Study in Murshidabad District, West Bengal",,,National,2025,978-81-970089-3-1,Kalinga University,
book-chapter-25-26,15,Dr. Shraddha Verma,Faculty of Education,Souvenir- ICSSR Sponsored International Conference on Innovative Education Strategies: NEP2020 in Chhattisgarh and Beyond,Technological development of teachers in NEP2020: Issues and Challenges,,,National,2025,978-81-970089-3-1,Kalinga University,
book-chapter-25-26,16,Ms. Harsha Sharma,Faculty of Education,Souvenir- ICSSR Sponsored International Conference on Innovative Education Strategies: NEP2020 in Chhattisgarh and Beyond,Inclusive education and diversity: Ensuring access and equity,,,National,2025,978-81-970089-3-1,Kalinga University,
book-chapter-25-26,17,Mr. Gulsan Kumar Behera,Faculty of Education,Souvenir- ICSSR Sponsored International Conference on Innovative Education Strategies: NEP2020 in Chhattisgarh and Beyond,A study of the effectiveness of In-service Training programs in terms of professional development in Chhattisgarh,,,National,2025,978-81-970089-3-1,Kalinga University,
book-chapter-25-26,18,Dr. Lubhawani Tripathi,Faculty of Education,Souvenir- ICSSR Sponsored International Conference on Innovative Education Strategies: NEP2020 in Chhattisgarh and Beyond,"AI, NEP 2020 and the transformation of pedagogy",,,National,2025,978-81-970089-3-1,Kalinga University,
book-chapter-25-26,19,Dr. Harsha Patil,Faculty of Education,Souvenir- ICSSR Sponsored International Conference on Innovative Education Strategies: NEP2020 in Chhattisgarh and Beyond,"The role of nutrition in middle School career development: Addressing cognitive function, creativity and career maturity through the innovative intervention and mid day meal scheme",,,National,2025,978-81-970089-3-1,Kalinga University,
book-chapter-25-26,20,Dr. Shraddha Verma,Faculty of Education,Souvenir- ICSSR Sponsored International Conference on Innovative Education Strategies: NEP2020 in Chhattisgarh and Beyond,Revitalising indigenous knowledge system: A community-based education approach to preserving cultural heritage and promoting sustainable development,,,National,2025,978-81-970089-3-1,Kalinga University,
book-chapter-25-26,21,Dr. Shraddha Verma,Faculty of Education,Souvenir- ICSSR Sponsored International Conference on Innovative Education Strategies: NEP2020 in Chhattisgarh and Beyond,Functional academics as key areas of learning through co-curricular activities for children with intellectual disabilities,,,National,2025,978-81-970089-3-1,Kalinga University,
book-chapter-25-26,22,Dr. Shraddha Verma,Faculty of Education,Souvenir- ICSSR Sponsored International Conference on Innovative Education Strategies: NEP2020 in Chhattisgarh and Beyond,Bridging the gap: Needs of inclusive education in India,,,National,2025,978-81-970089-3-1,Kalinga University,
book-chapter-25-26,23,Dr. Lubhawani Tripathi,Faculty of Education,Souvenir- ICSSR Sponsored International Conference on Innovative Education Strategies: NEP2020 in Chhattisgarh and Beyond,The impact of AI powered personalized learning on student engagement and academic performance in secondary Education,,,National,2025,978-81-970089-3-1,Kalinga University,
book-chapter-25-26,24,Mr. Gulsan Kumar Behera,Faculty of Education,Souvenir- ICSSR Sponsored International Conference on Innovative Education Strategies: NEP2020 in Chhattisgarh and Beyond,The role of skill development initiative in reducing unemployment rates,,,National,2025,978-81-970089-3-1,Kalinga University,
book-chapter-25-26,25,Mr. Gulsan Kumar Behera,Faculty of Education,Souvenir- ICSSR Sponsored International Conference on Innovative Education Strategies: NEP2020 in Chhattisgarh and Beyond,Role of digital education in promoting SDGs: Bridging the gap in access and equity,,,National,2025,978-81-970089-3-1,Kalinga University,
book-chapter-25-26,26,Dr. Shraddha Verma,Faculty of Education,Souvenir- ICSSR Sponsored International Conference on Innovative Education Strategies: NEP2020 in Chhattisgarh and Beyond,A Study on the impact of special education for teaching reading skills to children with intellectual disabilities,,,National,2025,978-81-970089-3-1,Kalinga University,
book-chapter-25-26,27,Mr. Gulsan Kumar Behera,Faculty of Education,Souvenir- ICSSR Sponsored International Conference on Innovative Education Strategies: NEP2020 in Chhattisgarh and Beyond,Sustainable development goals and education: Creating cohesive policies for long term change,,,National,2025,978-81-970089-3-1,Kalinga University,
book-chapter-25-26,28,Dr Saroj Nayyar,Faculty of Education,Souvenir- ICSSR Sponsored International Conference on Innovative Education Strategies: NEP2020 in Chhattisgarh and Beyond,गणित शिक्षण में नवाचार: बहु विषय पाठ्यक्रम और शिक्षण की भूमिका,,,National,2025,978-81-970089-3-1,Kalinga University,
book-chapter-25-26,29,Dr. Shraddha Verma,Faculty of Education,Souvenir- ICSSR Sponsored International Conference on Innovative Education Strategies: NEP2020 in Chhattisgarh and Beyond,Next-Gen communication: leveraging technology to enhance English proficiency among Indian students,,,National,2025,978-81-970089-3-1,Kalinga University,
book-chapter-25-26,30,Dr Saroj Nayyar,Faculty of Education,Souvenir- ICSSR Sponsored International Conference on Innovative Education Strategies: NEP2020 in Chhattisgarh and Beyond,Multi disciplinary approach in mathematics pedagogy: curriculum design and teaching methods,,,National,2025,978-81-970089-3-1,Kalinga University,
book-chapter-25-26,31,Dr Saroj Nayyar,Faculty of Education,Souvenir- ICSSR Sponsored International Conference on Innovative Education Strategies: NEP2020 in Chhattisgarh and Beyond,राष्ट्रीय शिक्षा नीति 2020: समावेशी शिक्षा की दिशा में एक महत्वपूर्ण पहल,,,National,2025,978-81-970089-3-1,Kalinga University,
book-chapter-25-26,32,Dr Saroj Nayyar,Faculty of Education,Souvenir- ICSSR Sponsored International Conference on Innovative Education Strategies: NEP2020 in Chhattisgarh and Beyond,किशोरों के समायोजन का उनके व्यक्तित्व पर प्रभाव का अध्ययन,,,National,2025,978-81-970089-3-1,Kalinga University,
book-chapter-25-26,33,Dr. Shraddha Verma,Faculty of Education,Souvenir- ICSSR Sponsored International Conference on Innovative Education Strategies: NEP2020 in Chhattisgarh and Beyond,National Curriculum framework 2005 NCF,,,National,2025,978-81-970089-3-1,Kalinga University,
book-chapter-25-26,34,Dr. Shraddha Verma,Faculty of Education,Souvenir- ICSSR Sponsored International Conference on Innovative Education Strategies: NEP2020 in Chhattisgarh and Beyond,Transformative Educational paradigms in contemporary pharmaceutical Education:A Comprehensive Analysis of Innovative Learning Strategies,,,National,2025,978-81-970089-3-1,Kalinga University,
book-chapter-25-26,35,"Ms. Soma Rajwade, Mr. Rajendra Kumar, Mr. Chandra Kumar Sahu, Dr. Praveen Kumar Yadaw, Mr. Akash Ingle, Mr. Sandeep Roy",Faculty of Technology,Beyond Bricks and Mortar Well being for Women in Construction,Balancing Acts: Government Policies and Industry Regulations,,,National,2025,978-93-6559-304-4,Kalinga University,Swaranjali Publications
book-chapter-25-26,36,Mr. Rajendra Kumar,Faculty of Technology,Beyond Bricks and Mortar Well being for Women in Construction,Navigating Gender Dynamics in the Construction Industry,,,National,2025,978-93-6559-304-4,Kalinga University,Swaranjali Publications
book-chapter-25-26,37,DR. Deepti Patnaik,Faculty of Commerce & Management,,Unleashing the Human Development Through Prescriptive Analytics Based on the Principle of Vasudhaiva Kutumbakam,,,National,2025,"Print ISBN
 978-3-031-72865-5
 
 Online ISBN
 978-3-031-72866-2",Kalinga University,Springer
book-chapter-25-26,38,Ms. Dawakit Lepcha,Faculty of Commerce & Management,Fundamentals of Entrepreneurship and E-Commerce,,,,National,2025,978-9-3090-3696-5,Kalinga University,Pothi.com
book-chapter-25-26,39,Ms. Kanchan Thakur,Faculty of Commerce & Management,Fundamentals of Entrepreneurship and E-Commerce,,,,National,2025,978-9-3090-3696-5,Kalinga University,Pothi.com
book-chapter-25-26,40,Dr. Sandip Prasad Tiwari,Faculty of Pharmacy,The Essence of Life: A Biological Exploration,Beyond Serendipity: The Rise of Rational Drug Design and Its Impact on Modern Medicine,,,National,2025,978-81-979743-5-9,Kalinga University,DOORS PUBLICATION
book-chapter-25-26,41,Mr. Pranjul Shrivastava,Faculty of Pharmacy,The Essence of Life: A Biological Exploration,Beyond Serendipity: The Rise of Rational Drug Design and Its Impact on Modern Medicine,,,National,2025,978-81-979743-5-9,Kalinga University,DOORS PUBLICATION
book-chapter-25-26,42,Ms. Khushboo Gupta,Faculty of Pharmacy,The Essence of Life: A Biological Exploration,Beyond Serendipity: The Rise of Rational Drug Design and Its Impact on Modern Medicine,,,National,2025,978-81-979743-5-9,Kalinga University,DOORS PUBLICATION
book-chapter-25-26,43,Dr. Sandip Prasad Tiwari,Faculty of Pharmacy,The Essence of Life: A Biological Exploration,"Nanotechnology: As State of the
 Art in Diabetes Diagnosis and
 Management",,,National,2025,978-81-979743-5-9,Kalinga University,DOORS PUBLICATION
book-chapter-25-26,44,Mr. Pranjul Shrivastava,Faculty of Pharmacy,The Essence of Life: A Biological Exploration,"Nanotechnology: As State of the
 Art in Diabetes Diagnosis and
 Management",,,National,2025,978-81-979743-5-9,Kalinga University,DOORS PUBLICATION
book-chapter-25-26,45,Dr. Sandip Prasad Tiwari,Faculty of Pharmacy,The Essence of Life: A Biological Exploration,"Biomedicine Unveiled: Journeying
 Into the Future of Health Through
 Ethical Advancements",,,National,2025,978-81-979743-5-9,Kalinga University,DOORS PUBLICATION
book-chapter-25-26,46,Mr. Pranjul Shrivastava,Faculty of Pharmacy,The Essence of Life: A Biological Exploration,"Biomedicine Unveiled: Journeying
 Into the Future of Health Through
 Ethical Advancements",,,National,2025,978-81-979743-5-9,Kalinga University,DOORS PUBLICATION
book-chapter-25-26,47,Ms. Khushboo Gupta,Faculty of Pharmacy,The Essence of Life: A Biological Exploration,"Biomedicine Unveiled: Journeying
 Into the Future of Health Through
 Ethical Advancements",,,National,2025,978-81-979743-5-9,Kalinga University,DOORS PUBLICATION
book-chapter-25-26,48,Dr. Sandip Prasad Tiwari,Faculty of Pharmacy,The Essence of Life: A Biological Exploration,"Exploring the Multifaceted Roles
 of Antiseptics and Disinfectants
 as Essential Antimicrobials",,,National,2025,978-81-979743-5-9,Kalinga University,DOORS PUBLICATION
book-chapter-25-26,49,Mr. Pranjul Shrivastava,Faculty of Pharmacy,The Essence of Life: A Biological Exploration,"Exploring the Multifaceted Roles
 of Antiseptics and Disinfectants
 as Essential Antimicrobials",,,National,2025,978-81-979743-5-9,Kalinga University,DOORS PUBLICATION
book-chapter-25-26,50,Dr. Sandip Prasad Tiwari,Faculty of Pharmacy,The Essence of Life: A Biological Exploration,"Past, Present and Future Aspects
 of Drug Design",,,National,2025,978-81-979743-5-9,Kalinga University,DOORS PUBLICATION
book-chapter-25-26,51,Dr. Sandip Prasad Tiwari,Faculty of Pharmacy,The Essence of Life: A Biological Exploration,"Cytotoxic and Antidiabetic
 Properties of Acorus Calamus
 Leaf Extract Using Dimethyl
 Sulfoxide",,,National,2025,978-81-979743-5-9,Kalinga University,DOORS PUBLICATION
book-chapter-25-26,52,Mr. Pranjul Shrivastava,Faculty of Pharmacy,AI and Machine Learning in Radiopharmaceutical Development,,,,National,2025,978-620-8-41827-4,Kalinga University,LAP Lambert Academic Publishing
book-chapter-25-26,53,Ms. Khushboo Gupta,Faculty of Pharmacy,AI and Machine Learning in Radiopharmaceutical Development,,,,National,2025,978-620-8-41827-4,Kalinga University,LAP Lambert Academic Publishing
book-chapter-25-26,54,Mr. Pranjul Shrivastava,Faculty of Pharmacy,Indigenous Medicinal Plants and Formulation,PHYTOCHEMISTRY AND ETHNOBOTANY OF PASSIFLORA FOETIDA LINN,,,National,2025,978-1-68576-533-0,Kalinga University,I I P Iterative International Publishers
book-chapter-25-26,55,Dr. Sandip Prasad Tiwari,Faculty of Pharmacy,Indigenous Medicinal Plants and Formulation,PHYTOCHEMISTRY AND ETHNOBOTANY OF PASSIFLORA FOETIDA LINN,,,National,2025,978-1-68576-533-0,Kalinga University,I I P Iterative International Publishers
book-chapter-25-26,56,Ms. Monika Vishwakarma,,"Inflammatory Bowel
 Disease and Gut Microbiota
 Current Strategies and Future
 Prospects in Nanomedicine",Management of Gut Microbiota-Derived Bacterial Metabolites-Induced IBD,,,National,2025,978-1-77491-936-1,Kalinga University,CRC press
book-chapter-25-26,57,Ms. Monika Vishwakarma,,Inulin for Pharmaceutical Applications,Extraction and Purification of Inulin,,,National,2025,978-981-97-9055-5,Kalinga University,Springer Nature
book-chapter-25-26,58,Dr. Saroj Nayyar,Faculty of Education,Challenges and role of NEP-2020:Modern knowledge Society,Challenges and role of NEP-2020:Modern knowledge Society,,,National,2025,978-93-6674-905-1,Kalinga University,Scientific International Publishing House
book-chapter-25-26,59,Reena Ranga(Scholar) and Dr.Ajay Kumar Shukla,Faculty of Arts & Humanities,Cultural Shifts and Their Influence on Contemporary Generations : A Study Of The Adoption And Prevention of Western Practices Within Indigenous Youth Programs,,,,National,2025,978-93-5857-249-0,Kalinga University,"Nitya Publications, Bhopal (MP)"
book-chapter-25-26,60,Ms. Moumita Pal,Faculty of Arts & Humanities,Sand Dune Dynamics and Restoration Management - A Case Study on Littoral Tract of Eastern India,,,,National,2025,978-93-5857-249-0,Kalinga University,"Nitya Publications, Bhopal (MP)"
book-chapter-25-26,61,Ms. Mouli Chakraborty,Faculty of Arts & Humanities,Exploring Indian Governance from Macro to Microscopic Lens : How Transparency Yet to Become a Reality,,,,National,2025,978-93-5857-249-0,Kalinga University,"Nitya Publications, Bhopal (MP)"
book-chapter-25-26,62,Dr Papri Mukhopadhyay,Faculty of Arts & Humanities,"Viksit Bharat @2047: Progress and Development 
 Progress and Development",Book,,,National,2025,978-93-5857-249-0,Kalinga University,"Nitya Publications, Bhopal (MP)"
book-chapter-25-26,63,Malabika Mishra and Dr Papri Mukhopadhyay,Faculty of Arts & Humanities,From Ignorance to Wisdom : The Process of Development with Reference to Jayanta Mahapatra's Poems,,,,National,2025,978-93-5857-249-0,Kalinga University,"Nitya Publications, Bhopal (MP)"
book-chapter-25-26,64,Dr Esha Chatterjee,Faculty of Arts & Humanities,Gender & Society,Book,,,National,2025,978-81-9848-125-2,Kalinga University,Textual Publications
book-chapter-25-26,65,Mrs.L.Jyoti Reddy & Dr.A.Rajshekhar,Faculty of Arts & Humanities,Breaking Barriers: The Role of Education in Achieving Gender Equality,,,,National,2025,978-93-5857-249-0,Kalinga University,"Nitya Publications, Bhopal (MP)"
book-chapter-25-26,66,Mrs. L Jyoti Reddy,Faculty of Arts & Humanities,"Viksit Bharat @2047: Progress and Development 
 Progress and Development",Book,,,National,2025,978-93-5857-249-0,Kalinga University,"Nitya Publications, Bhopal (MP)"
book-chapter-25-26,67,Dr. Shilpi Bhattacharya,Faculty of Arts & Humanities,"Viksit Bharat @2047: Progress and Development 
 Progress and Development",Book,,,National,2025,978-93-5857-249-0,Kalinga University,"Nitya Publications, Bhopal (MP)"
book-chapter-25-26,68,"Ms. Megha Chaturvedi, Dr. R.Jayakumar",Faculty of Science,Next- Generation Biotechnology,,,,National,2025,978-93-342-5373-3,Kalinga University,Pothi
book-chapter-25-26,69,Dr. Shilpi Shrivastava,Faculty of Science,Emerging trends in pharmaceutical science research volume IV,,,,National,2025,987-93-48620-60-6,Kalinga University,"Bhumi Publishing, India"
book-chapter-25-26,70,Dr Chandra Bhooshan Singh,Faculty of Commerce & Management,Technical Analysis-Tools and Strategies for Successful Trading,,,,National,2025,978-93-342-5073-2,Kalinga University,"Pothi.com, Bengaluru, India"
book-chapter-25-26,71,Ms. Archana Mishra,Faculty of CS & IT,Applied Machine Learning Algorithms & Real World Applications,,,,National,2025,978-81-982697-7-5,Kalinga University,"A2Z EdulearningHub LLP, India"
book-chapter-25-26,72,Ms. Manjulata Bhoi,Faculty of CS & IT,Applied Machine Learning Algorithms & Real World Applications,,,,National,2025,978-81-982697-7-5,Kalinga University,"A2Z EdulearningHub LLP, India"
book-chapter-25-26,73,Ms. Vaishali Sinha,Faculty of Science,Emerging Trends & Consequences of Disruptive technologies in Financial Institution,,,,National,2025,978-93-48413-80-2,Kalinga University,Center for Research and Publication Dr. D.Y. Patil B-School
book-chapter-25-26,74,Dr. Deepti Patnaik,Faculty of Commerce & Management,Technical Analysis-Tools and Strategies for Successful Trading,,,,National,2025,978-93-342-5073-2,Kalinga University,"Pothi.com, Bengaluru, India"
book-chapter-25-26,75,Dr. Amit Joshi,Faculty of Science,"WISDOM OF THE AGES
 The Shrimad Bhagavatam’s Philosophy",,,,National,2025,978-5-9660-3997-4,Kalinga University,"Pothi.com, Bengaluru, India"
book-chapter-25-26,76,Mr Ashutosh Pandey,Faculty of Technology,Railway Engineering,,,,National,2025,9786208432645,Kalinga University,Lambert Academic Publishing
book-chapter-25-26,77,Dr. Akshit Lamba,Faculty of Technology,Railway Engineering,,,,National,2025,9786208432645,Kalinga University,Lambert Academic Publishing
book-chapter-25-26,78,Dr. Swati Agrawal,Faculty of Technology,Railway Engineering,,,,National,2025,9786208432645,Kalinga University,Lambert Academic Publishing
book-chapter-25-26,79,Dr. Ruchi Chandrakar,Faculty of Technology,Railway Engineering,,,,National,2025,9786208432645,Kalinga University,Lambert Academic Publishing
book-chapter-25-26,80,Dr satvik jain,Faculty of Commerce & Management,"Harnessing Artificial Intelligence for Personalized
 Consumer Insights: A Strategic Approach to
 Enhancing Marketing Effectiveness",,,,National,2025,978-93-6557-563-7,Kalinga University,Vision book house
book-chapter-25-26,81,Dr Saroj Nayyar,Faculty of Education,Self Counseling: Empowering Personal Growth,,,,National,2025,978-93-6135-027-6,Kalinga University,"Aikinik Publications, New Delhi"
book-chapter-25-26,82,Mr. Md Alim,Faculty of Science,Big Data in Preventive Forensic,,,,National,2025,9789350000000,Kalinga University,Literatures Light Publishing House
book-chapter-25-26,83,Mr. Savion Shakeer,Faculty of Science,Forensic Trace Evidence: Microscopic Analysis of Fiber Glass and Paint,,,,National,2025,9789350000000,Kalinga University,Literatures Light Publishing House
book-chapter-25-26,84,Ms. Somita Chakraborty,Faculty of Science,Forensic Trace Evidence: Microscopic Analysis of Fiber Glass and Paint,,,,National,2025,9789350000000,Kalinga University,Literatures Light Publishing House
book-chapter-25-26,85,Dr Pradeep Kumar,Faculty of Science,Metabolic/Genetic Engineering Approaches for Efficient Lignocellulolytic Enzyme production,,,,National,2025,978-981-96-3037-0,Kalinga University,Springer
book-chapter-25-26,86,Dr Pradeep Kumar,Faculty of Science,Microbial Enzymes Acting on Lignocellulosic Biomass: An overview,,,,National,2025,978-981-96-3037-0,Kalinga University,Springer
book-chapter-25-26,87,Dr Priyambada Singh,Faculty of Science,"Next generation sequencing: disease detection, research and treatment",,,,National,2025,978-0-7503-4987-1,Kalinga University,"IOP Publishing,Bristol,UK"
book-chapter-25-26,88,Dr. Sandip Prasad Tiwari,Faculty of Pharmacy,EXAM HAND BOOK PHARMACIST AND DRUG INSPECTOR,,,,National,2025,978-9364261357,Kalinga University,CROWN PUBLISHING
book-chapter-25-26,89,Mr. Snehashish Sarkar,Faculty of Arts & Humanities,The Causes and Consequences of Marital Discords and Separated Women: A Critical Analysis,,,,National,2025,ISBN: 978-93-92459-78-8,Kalinga University,Malik and Sons Publishers (2025)
book-chapter-25-26,90,Mr. Snehashish Sarkar,Faculty of Arts & Humanities,"From Innocence to Experience: A Critical Analysis of Growth, Coping with Loss,Morality, and Relationships in Hansel and Gretel and Snow White",,,,National,2025,ISBN 978-93-6095-508-3,Kalinga University,"Authorspress, New Delhi."
book-chapter-25-26,91,Ms.Jesika Minj,Faculty of Arts & Humanities,Independence Over 'I Do' Why Some Divorced Women Skip a Second Marriage,,,,National,2025,ISBN: 978-93-92459-78-8,Kalinga University,Malik and Sons Publishers (2025)
book-chapter-25-26,92,Dr Esha Chatterjee,Faculty of Arts & Humanities,Constructing Gender Identity: Fairy Tales as Tools for Socialization- A Sociological Perspective,,,,National,2025,ISBN:978-93-6095-508-3,Kalinga University,"Authorspress, New Delhi."
book-chapter-25-26,93,Dr Papri Mukhopadhyay,Faculty of Arts & Humanities,Whispers of Wonderland: A Timeless Voyage through Children's Literature,,,,National,2025,ISBN:978-93-6095-508-3,Kalinga University,"Authorspress, New Delhi."
book-chapter-25-26,94,Dr. Ajay Kumar Shukla,Faculty of Arts & Humanities,संघर्ष की गाथा: भारतीय स्वतंत्रता के विभिन्न रंग,,,,National,2025,978-81-978134-9-8,Kalinga University,वी एल मीडिया साल्यूएशन्स
book-chapter-25-26,95,Dr. Shilpi Shrivastava,Faculty of Science,Metal oxide nanoparticles in wastewater treatment,,,,National,2025,978-81-986645-6-3,Kalinga University,Sai Mahavidyalaya (sai college)
book-chapter-25-26,96,Dr. Omprakash Dewangan,Faculty of CS & IT,Health Risk Prediction in IoT-Based Environment Using Gradient Boosting Machines,,,,National,2025,978-981-96-3337-1,Kalinga University,Springer
book-chapter-25-26,97,Ms. Aakansha Soy,Faculty of CS & IT,Health Risk Prediction in IoT-Based Environment Using Gradient Boosting Machines,,,,National,2025,978-981-96-3337-1,Kalinga University,Springer
book-chapter-25-26,98,Mr. Kamlesh Kumar Yadav,Faculty of CS & IT,Health Risk Prediction in IoT-Based Environment Using Gradient Boosting Machines,,,,National,2025,978-981-96-3337-1,Kalinga University,Springer
book-chapter-25-26,99,Dr. Anupa Sinha,Faculty of CS & IT,Health Risk Prediction in IoT-Based Environment Using Gradient Boosting Machines,,,,National,2025,978-981-96-3337-1,Kalinga University,Springer
book-chapter-25-26,100,Ms. Aakansha Soy,Faculty of CS & IT,Optimizing Crop Yield Prediction and Disease Detection in Precision Agriculture Using Machine Learning Techniques,,,,National,2025,978-981-96-3337-1,Kalinga University,Springer
book-chapter-25-26,101,Dr. Harsha Sharma,Faculty of Education,As per B. Ed.1st Semester Syllabus,,,,National,2025,ISBN: 9783496677505,Kalinga University,Pothi.Com
book-chapter-25-26,102,Dr . Lubhawani Tripathi,Faculty of Education,As per B. Ed.1st Semester Syllabus,,,,National,2025,ISBN: 9783496677506,Kalinga University,Pothi.Com
book-chapter-25-26,103,Dr. Saroj Nayyar,Faculty of Education,Empowering Learners: The role of Inclusive Pedagogies in Educational Reforms,,,,National,2025,978-93-6349-383-4,Kalinga University,Writers Row Publications
book-chapter-25-26,104,Dr. Saroj Nayyar,Faculty of Education,Dr. B.R. Ambedkar's vision for Education:A Philosophy of Empowerment and Social Justice,,,,National,2025,978-93-94674-24-0,Kalinga University,The Universal Times Publisher
book-chapter-25-26,105,Dr. Anita Samal,Faculty of Arts & Humanities,Chapter on Bharat ke gram panchayaton me shasakiya yojnayon ke kriyanwoyan me suchna ebam sanchar pradyogiki ki bhumika,,,,National,2025,ISBN: 978-93-93322-90-6,Kalinga University,Kanishka Publishing House
book-chapter-25-26,106,Mr. Snehashish Sarkar,Faculty of Arts & Humanities,Beyond the Womb:-Reimagining Womanhood in Flora Nwapa’s Literary world,,,,National,2025,ISBN: 978-93-7139-889-3,Kalinga University,BlueRose Publication Pvt.Ltd
book-chapter-25-26,107,Dr. Shilpi Bhattacharya,Faculty of Arts & Humanities,Beyond the Womb:-Reimagining Womanhood in Flora Nwapa’s Literary world,,,,National,2025,ISBN: 978-93-7139-889-3,Kalinga University,BlueRose Publication Pvt.Ltd
book-chapter-25-26,108,1 Amina Uba Usman (student) 2 Archana Nagwanshi (faculty),Faculty of Arts & Humanities,"Chapter on An Integrated Assessment of Healthcare Infrastructure, Self-Examination, and Clinical Screening in Reducing Breast Cancer Mortality among Women in Northern Nigeria: A Case Study of Kano State",,,,National,2025,ISBN: 978-81-985912-3-4,Kalinga University,The Hill Publication
book-chapter-25-26,109,Dr. Preeti Pandey,Faculty of Science,Examining the microstructural and nanostructural properties of dental materials using raman spectroscopy,,,,National,2025,978-1-032-82582-3,Kalinga University,"CRC Press, taylor & Francis Group"
book-chapter-25-26,110,Dr. Anushree Saha,Faculty of Science,Graphene based nanocomposite:Methods of synthesis and its environmental applications,,,,National,2025,978-93-84985-61-5,Kalinga University,Vibhavari Publication
book-chapter-25-26,111,Dr Satvik Jain,Faculty of Commerce & Management,Sustainable Strategies for Growing Online Businesses: Minimizing Environmental Impact in the Digital Economy,,,,National,2025,ISBN13: 9798337315348,Kalinga University,"IGI Global
 Digital Technologies and Transformations in Public Administration, Engineering, and Sustainable Business"
book-chapter-25-26,112,Dr. Omprakash Dewangan,Faculty of CS & IT,Smart Farming: Integrating Remote sensing Data and Machine Learning for Real-Time Crop Monitoring and Decision support,,,,National,2025,978-981-96-1918-4,Kalinga University,Springer
book-chapter-25-26,113,Dr.Lubhawani Tripathi,Faculty of Education,Reimagining marital bonds for a just future,,,,National,2025,978-93-92459-78-8,Kalinga University,Malik & Sons
book-chapter-25-26,114,Dr. Swapnil Jain,Faculty of Technology,Smart farming Integrating remote sensing data and machine learning for Real time crop monitoring and Decision Support,,,,National,2025,2367-3370,Kalinga University,Springer
book-chapter-25-26,115,"Vaishnavee Balaji, Amresh Kumar Sharma, Shivani Tyagi,",Faculty of Science,Advances in STEM and Beyond,Introduction to Bioinformatics and Computational Biology,,,National,2025,ISBN: 978-93-342-5709-0,Kalinga University,Unique Publication
book-chapter-25-26,116,Vaishnavee Balaji and Amresh Kumar Sharma,Faculty of Science,Advances in STEM and Beyond,Advances in Marine Metagenomics: Exploring Microbial Diversity in Indian Waters,,,National,2025,ISBN: 978-93-342-5709-0,Kalinga University,Unique Publication
book-chapter-25-26,117,Dr.Ajay Kumar Shukla,Faculty of Arts & Humanities,"Emerging Technology in Sustainable innovation, management and development",Building Relations with Common Appetite: India's Culinary Diplomacy with South Asia and World,,,National,2025,ISBN- 9781041162797,Kalinga University,Routledge: Taylor and Francis Group
book-chapter-25-26,118,Ms. Mouli Chakraborty,Faculty of Arts & Humanities,"Emerging Technology in Sustainable innovation, management and development",Building Relations with Common Appetite: India's Culinary Diplomacy with South Asia and World,,,National,2025,ISBN- 9781041162797,Kalinga University,Routledge: Taylor and Francis Group
book-chapter-25-26,119,Dr. Shilpi Bhattacharya,Faculty of Arts & Humanities,"Emerging Technology in Sustainable innovation, management and development",Building Relations with Common Appetite: India's Culinary Diplomacy with South Asia and World,,,National,2025,ISBN- 9781041162797,Kalinga University,Routledge: Taylor and Francis Group
book-chapter-25-26,120,Dr. Amit Joshi,Faculty of Science,Intelligent Vision and Computing,Advanced Machine Learning Techniques for Energy Optimization in Cloud Data Centers,,,National,2025,978-981-96-4721-7,Kalinga University,"Springer, Singapore"
book-chapter-25-26,121,Dr. Deepa Biswas,Faculty of Science,Advances in STEM and Beyond,Ethnobotanical Documentation and Scientific Validation of Antimalarial Plants Used by Tribal Communities in Balodabazar Bhatapara Chhattisgarh India,,,National,2025,978-93-342-5709-0,Kalinga University,Unique Publication
book-chapter-25-26,122,Dr. Shilpi Shrivastava,Faculty of Science,"Medicinal Chemistry-Drug discovery and design, pharmacokinetics and pharmacodynamics, natural products and phytochemistry",,,,National,2025,978-620-7-65124-5,Kalinga University,Lap lambert academic Publication
book-chapter-25-26,123,Dr. Shilpi Shrivastava,Faculty of Science,Advances in STEM and beyond,,,,National,2025,978-93-342-5709-0,Kalinga University,Unique Publication
book-chapter-25-26,124,Dr. Shilpi Shrivastava,Faculty of Science,,"Nanotechnology in wastewater treatment: an emerging Paradigm
 for environmental remediation",,,National,2025,978-93-342-5709-0,Kalinga University,Unique Publication
book-chapter-25-26,125,Dr. Shilpi Shrivastava,Faculty of Science,,"Medicinal properties and therapeutic applications of eucalyptus
 globulus Leaves: A phytopharmacological perspective",,,National,2025,978-93-342-5709-0,Kalinga University,Unique Publication
book-chapter-25-26,126,Dr. Shilpi Shrivastava,Faculty of Science,,"Optimizing cement plant operations with AI and embedded control
 system",,,National,2025,978-93-342-5709-0,Kalinga University,Unique Publication
book-chapter-25-26,127,Dr. Shilpi Shrivastava,Faculty of Science,,"Medicinal chemistry in the 21st century integration of chemistry
 biology and AI",,,National,2025,978-93-342-5709-0,Kalinga University,Unique Publication
book-chapter-25-26,128,Dr. Shilpi Shrivastava,Faculty of Science,,"Electrochemical foundations and innovations in energy storage
 devices",,,National,2025,978-93-342-5709-0,Kalinga University,Unique Publication
book-chapter-25-26,129,Dr. Shilpi Shrivastava,Faculty of Science,,"Black Haldi: A phytochemical treasure in traditional and modern
 medicine",,,National,2025,978-93-342-5709-0,Kalinga University,Unique Publication
book-chapter-25-26,130,Dr. Shilpi Shrivastava,Faculty of Science,,"Sustainable wastewater treatment technologies and global
 practices",,,National,2025,978-93-342-5709-0,Kalinga University,Unique Publication
book-chapter-25-26,131,Dr. Shilpi Shrivastava,Faculty of Science,,"A Comprehensive Review of the bioactive constituents and
 pharmacology of curcuma longifera",,,National,2025,978-93-342-5709-0,Kalinga University,Unique Publication
book-chapter-25-26,132,Dr. Shilpi Shrivastava,Faculty of Science,,Medicinal chemistry and personalized therapeutics,,,National,2025,978-93-342-5709-0,Kalinga University,Unique Publication
book-chapter-25-26,133,Dr. Akshit Lamba,Faculty of Technology,Sustainable Construction Methods,-,,,National,2025,978-620-8-44391-7,Kalinga University,Lap Lambert Academic Publishing
book-chapter-25-26,134,Dr. Swati Agrawal,Faculty of Technology,Sustainable Construction Methods,-,,,National,2025,978-620-8-44391-7,Kalinga University,Lap Lambert Academic Publishing
book-chapter-25-26,135,Mr. Kamlesh Kumar Yadav,Faculty of CS & IT,"Emerging Technologies in Sustainable Innovation, Management and Development",Sustainable edge AI for smart cities and renewable energy management using spiking neural networks,,,National,2025,9781040000000,Kalinga University,Routledge( Tylor & Francis Group)
book-chapter-25-26,136,Mr. Kamlesh Kumar Yadav,Faculty of CS & IT,"Emerging Technologies in Sustainable Innovation, Management and Development",Empowering large-scale data analysis with AutoML: Boosting processing speed and analytical adaptability,,,National,2025,9781040000000,Kalinga University,Routledge( Tylor & Francis Group)
book-chapter-25-26,137,Dr. Omprakash Dewangan,Faculty of CS & IT,"Emerging Technologies in Sustainable Innovation, Management and Development",Sustainable edge AI for smart cities and renewable energy management using spiking neural networks,,,National,2025,9781040000000,Kalinga University,Routledge( Tylor & Francis Group)
book-chapter-25-26,138,Ms. Aakansha Soy,Faculty of CS & IT,"Emerging Technologies in Sustainable Innovation, Management and Development",Sustainable edge AI for smart cities and renewable energy management using spiking neural networks,,,National,2025,9781040000000,Kalinga University,Routledge( Tylor & Francis Group)
book-chapter-25-26,139,Mrs. Ashu Nayak,Faculty of CS & IT,"Emerging Technologies in Sustainable Innovation, Management and Development",Sustainable edge AI for smart cities and renewable energy management using spiking neural networks,,,National,2025,9781040000000,Kalinga University,Routledge( Tylor & Francis Group)
book-chapter-25-26,140,Dr. Anupa Sinha,Faculty of CS & IT,"Intelligent Vision and Computing,Studies in Smart Technologies",Advanced Machine Learning Techniques for Energy Optimization in Cloud Data Centers,,,National,2025,9789820000000,Kalinga University,Springer Nature Singapore Pte Ltd.
book-chapter-25-26,141,Dr. Shraddha Verma,Faculty of Education,Mental Heath and Indian Knowledge System,"Ancient Wisdom, Modern Minds: Indian Knowledge Systems and Mental Health",,,National,2025,978-93-6249-121-3,Kalinga University,Dreambook Publishing
book-chapter-25-26,142,Dr. Shraddha Verma,Faculty of Education,Mental Heath and Indian Knowledge System,Meditation for Cognitive Wellness and Mental Health,,,National,2025,978-93-6249-121-3,Kalinga University,Dreambook Publishing
book-chapter-25-26,143,Dr. Saroj Nayyar,Faculty of Education,Mental Heath and Indian Knowledge System,"Ancient Wisdom, Modern Minds: Indian Knowledge Systems and Mental Health",,,National,2025,978-93-6249-121-3,Kalinga University,Dreambook Publishing
book-chapter-25-26,144,Dr. Saroj Nayyar,Faculty of Education,Mental Heath and Indian Knowledge System,Meditation for Cognitive Wellness and Mental Health,,,National,2025,978-93-6249-121-3,Kalinga University,Dreambook Publishing
book-chapter-25-26,145,Dr. Shraddha Verma,Faculty of Education,Emerging Technologies for Sustainable Innovation and Management Development,Preliminary study of the implementation of PAPEDA framework based on Ethno-STEM in supporting holistic science learning,,,National,2025,9781041162797,Kalinga University,Routledge Taylor & Francis Group
book-chapter-25-26,146,Dr. Shraddha Verma,Faculty of Education,Emerging Technologies for Sustainable Innovation and Management Development,"Skill development and empowerment of women: A case study of Nituria CD block, Purulia, West Bengal",,,National,2025,9781041162797,Kalinga University,Routledge Taylor & Francis Group
book-chapter-25-26,147,Dr.D.Kalidoss,Faculty of Education,Emerging Technologies for Sustainable Innovation and Management Development,Evaluating the influence of multinational leadership on business success in global teams,,,National,2025,9781041162797,Kalinga University,Routledge Taylor & Francis Group
book-chapter-25-26,148,Dr. Saroj Nayyar,Faculty of Education,Emerging Technologies for Sustainable Innovation and Management Development,"Navigating Choices: Peer Pressure, anxiety and decision-making in NCC cadets",,,National,2025,9781041162797,Kalinga University,Routledge Taylor & Francis Group
book-chapter-25-26,149,Dr. Sanjeev Kumar Yadav,Faculty of Education,International Handbook of Fitness and Wellness,,,,National,2025,978-93-5978-413-7,Kalinga University,Friends Publications India
book-chapter-25-26,150,Dr. Anu G Pillai,Faculty of Technology,Digital Image Processing,,,,National,2025,978-81-988763-9-3,Kalinga University,"REST Publishers Ltd, India"
book-chapter-25-26,151,Ms. Ekta Chandrakar,Faculty of Law,Between Law and Silence: Marital Rape in India,,,,National,2025,978-93-5857-542-2,Kalinga University,Nitya Publications
book-chapter-25-26,152,Dr. Nuresh Khunte,Faculty of Technology,A Textbook on sustainable building integration civil and mechanical engineering perspective,,,,National,2025,978-93-6013-226-2,Kalinga University,Avani publication
book-chapter-25-26,153,Dr. Aloke Verma,Faculty of Science,Rivers of Chhattisgarh,,,,National,2025,978-93-343-2638-3,Kalinga University,Unique Publication
book-chapter-25-26,154,Dr. Aloke Verma,Faculty of Science,Advances in STEM and Beyond,,,,National,2025,978-93-342-5709-0,Kalinga University,Unique Publication
book-chapter-25-26,155,Dr. Aloke Verma,Faculty of Science,Advances in STEM and Beyond,Study of Novel Doping Techniques to Enhance the Durability of Nano-Materials,,,National,2025,978-93-342-5709-0,Kalinga University,Unique Publication
book-chapter-25-26,156,Dr. Aloke Verma,Faculty of Science,Advances in STEM and Beyond,Synthesis and Characterization of Thermally Stable Eu3+/Tb3+ Co-Dopped Aluminate Phosphors for Enhanced Up-Conversion Luminescence in Display Application,,,National,2025,978-93-342-5709-0,Kalinga University,Unique Publication
book-chapter-24-25,1,Dr. R Shridhar,Faculty of Commerce & Management,Hand Book on Hospital Administration,,,,National,2024,978-93-92568-61-9,Kalinga University,Aditi Publication
book-chapter-24-25,2,Mrs. Priyanka Gupta,Faculty of Science,Advancement in Engineering: Exploring Frontiers in Biomechanics Nanotechnology And Energy Systems,,,,National,2024,978-81-970326-1-8,Kalinga University,Saar Publication
book-chapter-24-25,3,Mr. Gaurav Tamrakar,Faculty of Technology,Advancement in Engineering: Exploring Frontiers in Biomechanics Nanotechnology And Energy Systems,,,,National,2024,978-81-970326-1-8,Kalinga University,Saar Publication
book-chapter-24-25,4,Dr. G.V.V. Jagannadha Rao,Faculty of Science,Public and private Sector Bank Employee Engagement Practices A Study Conducted in Chhattisgarh,,,,National,2024,978-93-92568-63-3,Kalinga University,Aditi Publication
book-chapter-24-25,5,Dr. Asha Ambhaikar,Faculty of CS & IT,Surgical Phase Recognition Using Videos: Deep Neural Network Approach,,,,International,2024,978-100084427-6,Kalinga University,IEEE Explorer
book-chapter-24-25,6,Ms. Madhu bhushan,Faculty of Technology,Symbiosis of innovation-oriented leadership and start-ups: Focused on India,,,,International,2024,979-836932078-5,Kalinga University,IEEE Explorer
book-chapter-24-25,7,Abhinesh Kumar Tantan,Faculty of Science,Advancement in Engineering: Exploring Frontiers in Biomechanics Nanotechnology And Energy Systems,,,,National,2024,978-81-970323-1-8,Kalinga University,Saar Publication
book-chapter-24-25,8,Ms. Deepti Patnaik,Faculty of Commerce & Management,Ignite and Thrive A Guide to Entrepreneurship & Developing Small- Scale Business,,,,National,2024,535771,Kalinga University,Notion Press
book-chapter-24-25,9,Bipin Bihari Pradhan,Faculty of Commerce & Management,Ignite and Thrive A Guide to Entrepreneurship & Developing Small- Scale Business,,,,National,2024,535771,Kalinga University,Notion Press
book-chapter-24-25,10,Tushar Ranjan Barik,Faculty of Commerce & Management,Ignite and Thrive A Guide to Entrepreneurship & Developing Small- Scale Business,,,,National,2024,535771,Kalinga University,Notion Press
book-chapter-24-25,11,Alpana Sharma,Faculty of Commerce & Management,Soulful Leadership A Spiritual Approach to Organizational Success,,,,National,2024,538649,Kalinga University,Notion Press
book-chapter-24-25,12,Bipin Bihari Pradhan,Faculty of Commerce & Management,Soulful Leadership A Spiritual Approach to Organizational Success,,,,National,2024,538649,Kalinga University,Notion Press
book-chapter-24-25,13,Deepti Patnaik,Faculty of Commerce & Management,Soulful Leadership A Spiritual Approach to Organizational Success,,,,National,2024,538649,Kalinga University,Notion Press
book-chapter-24-25,14,Bipin Bihari Pradhan,Faculty of Commerce & Management,The Impact of Influencer Marketing on The Indian Fashion Industry,,,,National,2024,978-620-7-47383-0,Kalinga University,LAP LAMBART Academic Publishing
book-chapter-24-25,15,Deepti Patnaik,Faculty of Commerce & Management,The Impact of Influencer Marketing on The Indian Fashion Industry,,,,National,2024,978-620-7-47383-0,Kalinga University,LAP LAMBART Academic Publishing
book-chapter-24-25,16,Tushar Ranjan Barik,Faculty of Commerce & Management,The Impact of Influencer Marketing on The Indian Fashion Industry,,,,National,2024,978-620-7-47383-0,Kalinga University,LAP LAMBART Academic Publishing
book-chapter-24-25,17,Dr. Shraddha Verma,Faculty of Education,Childhood and Development - Nurturing Resilience and Potential,,,,National,2024,978-93-92459-43-6,Kalinga University,Malik & Sons Publishers & Distributors
book-chapter-24-25,18,Dheeraj Daniel,Faculty of Commerce & Management,E-Banking,,,,National,2024,979-889363061-9,Kalinga University,Nation Press
book-chapter-24-25,19,Rakshak Bharti,Faculty of Commerce & Management,E-Banking,,,,National,2024,979-889363061-9,Kalinga University,Nation Press
book-chapter-24-25,20,Satvik Jain,Faculty of Commerce & Management,E-Banking,,,,National,2024,979-889363061-9,Kalinga University,Nation Press
book-chapter-24-25,21,Dr. Amit Joshi,Faculty of Science,Plant functional for improving productivity,,,,International,2024,978-981-97-1509-1,Kalinga University,Springer Nature Singapore
book-chapter-24-25,22,Jharna Maiti,Faculty of Science,Plant functional for improving productivity,,,,International,2024,978-981-97-1509-1,Kalinga University,Springer Nature Singapore
book-chapter-24-25,23,Ms. Jharna Maiti,Faculty of Science,Plant functional for improving productivity,,,,International,2024,978-981-97-1509-1,Kalinga University,Springer Nature Singapore
book-chapter-24-25,25,Dr. Saroj Nayyar,Faculty of Education,Adopting to AI: Navigating organizational resilience through upskilling & skilling strategies,,,,National,2024,978-93-5879-742-8,Kalinga University,Red Shine Publication Pvt. LTD.
book-chapter-24-25,26,Mrs. Harsha Sharma,Faculty of Education,Future of special education in india,,,,National,2024,978-93-5879-742-8,Kalinga University,Red Shine Publication Pvt. LTD.
book-chapter-24-25,27,Mr. Gulshan Kumar Behera,Faculty of Education,The ascendance of remote learning in higher education a lan temporary landscape,,,,National,2024,978-93-5879-742-8,Kalinga University,Red Shine Publication Pvt. LTD.
book-chapter-24-25,28,Dr. Sohini Bhattacharyya,Faculty of Science,"A contribution to the earthworm (Annelida, Clitellata, Megadrili) Fauna of the central Indian state Chhattisgarh, India",,,,,2024,2063-1588,Kalinga University,
book-chapter-24-25,29,Dr. Ajay Kumar Harit,Faculty of Science,"A contribution to the earthworm (Annelida, Clitellata, Megadrili) Fauna of the central Indian state Chhattisgarh, India",,,,,2024,2063-1588,Kalinga University,
book-chapter-24-25,30,Dr. Manoj Singh,Faculty of Science,"A contribution to the earthworm (Annelida, Clitellata, Megadrili) Fauna of the central Indian state Chhattisgarh, India",,,,,2024,2063-1588,Kalinga University,
book-chapter-24-25,31,Ms. Priya Paul,Faculty of Science,Current strategies and initiative in environmental science and technology,Environment education overview and significance,,,,2024,978-81-930000-0-0,Kalinga University,Genic Book Publishers PVT. LMT.
book-chapter-24-25,32,Mr.Ravi Prakash Mahobia,Faculty of Technology,Analysis of a Co-Ordinated Designed PID and UPFC-Based Stabilizer,,,,National,2024,978-620-6-16159-2,Kalinga University,Lap
book-chapter-24-25,33,Mr.Shubham Rai,Faculty of Science,Multidisciplinary approach in Research Emerging Paradigms,Detection of Abused drugs:Advanced Aptasensor Technology,,,,2024,978-93-5879-804-3,Kalinga University,Red Shine Publication private limited
book-chapter-24-25,34,Shubham Rai,Faculty of Science,Multidisciplinary approach in Research Emerging Paradigms,Insects:The key to evidence-Driven crime investigations,,,,2024,978-93-5879-804-4,Kalinga University,Red Shine Publication private limited
book-chapter-24-25,35,Shubham Rai,Faculty of Science,Multidisciplinary approach in Research Emerging Paradigms,"Wildlife conservation: concerns about growth, international conflict, and high-value natural resources",,,,2024,978-93-5879-804-5,Kalinga University,Red Shine Publication private limited
book-chapter-24-25,36,Ms. Meenakshi Rani Agarwal,Faculty of Law,International Conference on Constitutionalism and the Present Democracy(The Challenges Ahead),,,,,2024,978-93-5857-333-6,Kalinga University,Nitya Publications
book-chapter-24-25,37,Ms. Harleen Kaur,Faculty of Law,International Conference on Constitutionalism and the Present Democracy(The Challenges Ahead),,,,,2024,978-93-5857-333-6,Kalinga University,Nitya Publications
book-chapter-24-25,38,Mrs. Saloni Tyagi Srivastava,Faculty of Law,International Conference on Constitutionalism and the Present Democracy(The Challenges Ahead),,,,,2024,978-93-5857-333-6,Kalinga University,Nitya Publications
book-chapter-24-25,39,Dr. Sandip prasad tiwari,Faculty of Pharmacy,Microbiome to medicine: pioneering research in transforming healthcare,Micro-organism and its impact on the pharmaceutical industry,,,,2024,978-93-94766-72-3,Kalinga University,SCIENG Publications
book-chapter-24-25,40,Dr. Sandip prasad tiwari,Faculty of Pharmacy,"Microbiome to medicine: pioneering research in transforming healthcare,",Comprehensive list of edible mushrooms: varieties of culinary delights,,,,2024,978-93-94766-72-3,Kalinga University,SCIENG Publications
book-chapter-24-25,41,Dr. Mayuri Gaurav,Faculty of Pharmacy,Nutritional Management of endocrine and nervous system diseases,,,,,2024,978-81-964365-3-7,Kalinga University,Academic Decipher Press
book-chapter-24-25,42,Ms. Khushboo Gupta,Faculty of Pharmacy,Nutritional Management of endocrine and nervous system diseases,,,,,2024,978-81-964365-3-7,Kalinga University,Academic Decipher Press
book-chapter-24-25,43,Dr. Sandip prasad tiwari,Faculty of Pharmacy,Nutritional Management of endocrine and nervous system diseases,,,,,2024,978-81-964365-3-7,Kalinga University,Academic Decipher Press
book-chapter-24-25,44,Mrs. M.K. Vijayalakshmi,Faculty of Pharmacy,Nutritional Management of various diseases,Nutritional Management in Skin Cancer Chronic Kidney Diseases and Its Nutritional Management,,,,2024,978-81-964365-7-5,Kalinga University,Academic Decipher Press
book-chapter-24-25,45,Mr. Pranjul Shrivastava,Faculty of Pharmacy,Nutritional Management of various diseases,Nutritional Management in Skin Cancer Chronic Kidney Diseases and Its Nutritional Management,,,,2024,978-81-964365-7-5,Kalinga University,Academic Decipher Press
book-chapter-24-25,46,Dr. Sandip prasad tiwari,Faculty of Pharmacy,Nutritional Management of various diseases,Nutritional Management in Skin Cancer Chronic Kidney Diseases and Its Nutritional Management,,,,2024,978-81-964365-7-5,Kalinga University,Academic Decipher Press
book-chapter-24-25,47,Mrs. L Jyoti Reddy,Faculty of Arts & Humanities,Ajanta,NEP 2020 can Become a Bridge For Innovation and Quality Research,,,,2024,2277-5730,Kalinga University,Ajanta Prakashan
book-chapter-24-25,48,Dr. Amit Joshi,Faculty of Science,Advances in Bioinformatics,Functional Genomics and Network Biology (In Book Advances in Bioinformatics),,,,2024,978-981-99-8400-8,Kalinga University,Springer Singapore
book-chapter-24-25,49,Dr. Amit Joshi,Faculty of Science,Advances in Bioinformatics,Role of Bioinformatics in Genome Editing (In Book Advances in Bioinformatics),,,,2024,978-981-99-8400-8,Kalinga University,Springer Singapore
book-chapter-24-25,50,Dr. Sushma Dubey,Faculty of Science,,Role of Bioinformatics in Genome Editing,,,,2024,978-981-99-8400-8,Kalinga University,Springer
book-chapter-24-25,51,Dr. Deepa Biswas,Faculty of Science,Medicinal Plants Used by Traditional Healers of Bastar,,,,,2024,978-819-53-8988-9,Kalinga University,Chhattisgarh State Biodiversity Board
book-chapter-24-25,52,Lt. Vibha Chandrakar,Faculty of Science,"Student Empowerment in Higher Education Tech, Commerce, and Management Perspectives",Tailoring Education: Nurturing Student Empowerment Through Personalized Learning And Student-Centric Approaches,,,,2024,978-81-967798-5-6,Kalinga University,A2ZLearningHub LLP
book-chapter-24-25,53,Vaishali Sinha,Faculty of Science,G20-GH: ICSSR Sponsored National Seminar On G-20 and Global Health: Strengthening Pandemic Preparedness and Health Systems,Title: Securing Global Health: G-20’s Imperative Role in Fortifying Pandemic Preparedness and Health Systems against Biowarfare Threats through Forensic Science Integration,,,,2024,978-93-94795-79-2,Kalinga University,KCC Institute of Legal and Higher Education (KCCILHE)
book-chapter-24-25,54,Dr. Aloke Verma,Faculty of Science,Enhancing Perovskite Solar Cell (PSCs) Efficiency by Self-Assembled Bilayer (SAB) Technique,Nil,,,,2024,978-620-7-46348-0,Kalinga University,Lambert Academic Publication
book-chapter-24-25,55,Dr. Ajay Kumar Harit,Faculty of Science,Current Strategies and Initiative in Environmental Science and Technology,Microplastics Contamination in Fresh Water and Bottle Water: A Mini Review,,,,2024,978-81-967662-4-5,Kalinga University,"GENIC BOOKS PUBLISHERS PVT.LTD. Arga, UP"
book-chapter-24-25,56,Dr. Ajay Kumar Harit,Faculty of Science,Current Strategies and Initiative in Environmental Science and Technology,Organic Farming for Suitable Environment Conservation,,,,2024,978-81-967662-4-5,Kalinga University,"GENIC BOOKS PUBLISHERS PVT.LTD. Arga, UP"
book-chapter-24-25,57,Ms. Lipsa Dash,Faculty of Science,Current Strategies and Initiative in Environmental Science and Technology,Organic Farming for Suitable Environment Conservation,,,,2024,978-81-967662-4-5,Kalinga University,"GENIC BOOKS PUBLISHERS PVT.LTD. Arga, UP"
book-chapter-24-25,58,Dr. Manoj Singh,Faculty of Science,Current Strategies and Initiative in Environmental Science and Technology,Impacts of Agricultural Chemicals on Environment and Soil Health,,,,2024,978-81-967662-4-5,Kalinga University,"GENIC BOOKS PUBLISHERS PVT.LTD. Arga, UP"
book-chapter-24-25,59,Dr. Abhishek Agrawal,Faculty of Arts & Humanities,Innocence Unveiled-The Right of Sex Workers Children,"""Unveiling Shadows: A Comprehensive Analysis of Sexual Abuse and Women Trafficking in India- Understanding. Addressing. And Trasforming",,,,2024,978-93-92459-43-6,yes,"Malik and Sons Publishers & Distributors, New Delhi"
book-chapter-24-25,60,Mrs. L Jyoti Reddy,Faculty of Arts & Humanities,Innocence Unveiled-The Right of Sex Workers Children,Understanding And Addressing the Complex Dynamics of Child Labour Among The Children of Sex Workers,,,,2024,978-93-92459-43-6,yes,"Malik and Sons Publishers & Distributors, New Delhi"
book-chapter-24-25,61,Dr Esha Chatterjee,Faculty of Arts & Humanities,IIP Series Vol 3 Book 5 Part 2 Chap 4,Negotiating 'Respectable Femininity': A Study of Women Software Professionals in Kolkata,,,,2024,978-93-5747-493-1,Yes,IIP Publishers
book-chapter-24-25,62,Dr.Aakriti Dewangan,Faculty of Arts & Humanities,Legal Discourse On Women & Witch Hunting,Ensnared in Superstitions: Witch Hunts and the Plight of Widows in Contemporary India,,,,2024,978-93-88361-99-6,Yes,Rudra Publishers & Distributors
book-chapter-24-25,63,Ms. Tuhina Choubey,Faculty of Arts & Humanities,Legal Discourse On Women & Witch Hunting,Ensnared in Superstitions: Witch Hunts and the Plight of Widows in Contemporary India,,,,2024,978-93-88361-99-6,Yes,Rudra Publishers & Distributors
book-chapter-24-25,64,Dr.Aakriti Dewangan,Faculty of Arts & Humanities,Innocence Unveiled-The Right of Sex Workers Children,Book,,,,2024,978-93-92459-43-6,yes,"Malik and Sons Publishers & Distributors, New Delhi"
book-chapter-24-25,65,Dr. Anushree Saha,Faculty of Science,G-20 and global health: Strengthening pandemic preparedness and health systems,Securing global health: G-20's imperative role in fortifying pandemic preparedness and health systems against biowarfare threats through forensic science integration,,,,2024,978-93-94795-79-2,Yes,"KCC Institute of legal & higher education, Greater Noida, UP"
book-chapter-24-25,66,Dr. Chandra Bhooshan Singh,Faculty of Commerce & Management,Marketing Innovation 5.0,Consumer perspective on luxury brand consumption: Conceptual study on consumer behaviour and Consumer perceived value,,,,2024,978-620-7-47383-0,Yes,LAP Lambert Academic Publishing
book-chapter-24-25,67,Satvik Jain,Faculty of Commerce & Management,Marketing Innovation 5.0,Consumer perspective on luxury brand consumption: Conceptual study on consumer behaviour and Consumer perceived value,,,,2024,978-620-7-47383-0,Yes,LAP Lambert Academic Publishing
book-chapter-24-25,68,Mr. Kamlesh Kumar Yadav,Faculty of CS & IT,Innocence Unveiled,Promoting Understanding and advocacy for child rights and fundamental freedom in India,,,National,2024,978-93-92459-43-6,Yes,Malik and Sons
book-chapter-24-25,69,Dr Shraddha Verma,Faculty of Education,Innocence Unveiled,Childhood and development-Nurturing Resilience and potential,,,,2024,978-93-92459-43-4,yes,Malik and sons
book-chapter-24-25,70,Dr. Lubhawani Tripathi,Faculty of Education,Innocence Unveiled,"Social Securities, Social Assistance and Social Services for the rights of Sex Workers' children",,,,2024,978-93-92459-43-5,yes,Malik and sons
book-chapter-24-25,71,Lt. Vibha Chandrakar,Faculty of Science,Innocence Unveiled: The Right of Sex Workers Children,Stigmatization and Discrimination,,,,2024,978-93-92459-43-6,Yes,"Dr. Archana Yadav 
 Lt. Ashutosh Pande
 Dr. Aakriti Dewangan"
book-chapter-24-25,72,Vaishali Sinha,Faculty of Science,Innocence Unveiled : The Right of Sex Workers Children,The Intersection of Forensic science and challenges faced by Children of Sex Workers,,,,2024,978-93-92459-43-6,yes,Malik and sons publishers and distributors
book-chapter-24-25,73,Vaishali Sinha,Faculty of Science,Innocence Unveiled : The Right of Sex Workers Children,Combating the Exploitation of Minors:Eradicating Child Sexual Exploitation Imagery,,,,2024,978-93-92459-43-7,yes,Malik and sons publishers and distributors
book-chapter-24-25,74,Shubham Rai,Faculty of Science,Innocence Unveiled : The Right of Sex Workers Children,Recidivism of Sex Crimes in consumers of child pornography,,,,2024,978-93-92459-43-8,yes,Malik and sons publishers and distributors
book-chapter-24-25,75,Paheli Sharma,Faculty of Science,Innocence Unveiled : The Right of Sex Workers Children,Legal and Forensic Crime scene investigation of child sexual abuse cases-The need of an hour,,,,2024,978-93-92459-43-9,yes,Malik and sons publishers and distributors
book-chapter-24-25,76,Ms. Nishtha Sharma,Faculty of Commerce & Management,Entrepreneurial Tapestry_From Ideas to Enterprises,,,,,2024,978-9358838992,Yes,Pencil
book-chapter-24-25,77,Ms. Shinki K Pandey,Faculty of Commerce & Management,Entrepreneurial Tapestry_From Ideas to Enterprises,,,,,2024,978-9358838992,Yes,Pencil
book-chapter-24-25,78,Ms. Mariyam Ahmed,Faculty of Commerce & Management,Entrepreneurial Tapestry_From Ideas to Enterprises,,,,,2024,978-9358838992,Yes,Pencil
book-chapter-24-25,79,Dr.Ajay Kumar Shukla,Faculty of Arts & Humanities,Highlighting Electronic Interface in Current Education and Business Perspective,How the national education policy in India enhances the Achieving of United Nations Sustainable Development Goals,,,,2024,978-81-946-772-3-9,Yes,ASPIRE-2024
book-chapter-24-25,80,Dr. Amit Joshi,Faculty of Science,Plant Functional Traits for Improving Productivity,Scientific Advancement in Trait Measurement and Quantification,,,,2024,978-981-97-1509-1,Yes,Springer Nature
book-chapter-24-25,81,Ms. Jharna Maiti,Faculty of Science,Plant Functional Traits for Improving Productivity,Scientific Advancement in Trait Measurement and Quantification,,,,2024,978-981-97-1509-1,Yes,Springer Nature
book-chapter-24-25,82,Dr. Amit Joshi,Faculty of Science,Plant Functional Traits for Improving Productivity,Trait-Based Approaches to Improve Nutrient Uptake Efficiency in Crops,,,,2024,978-981-97-1509-1,Yes,Springer Nature
book-chapter-24-25,83,Ms. Jharna Maiti,Faculty of Science,Plant Functional Traits for Improving Productivity,Trait-Based Approaches to Improve Nutrient Uptake Efficiency in Crops,,,,2024,978-981-97-1509-1,Yes,Springer Nature
book-chapter-24-25,84,Mrs. Sarvaree Bano,Faculty of Science,Metal Organic Framework,Metal Organic Frameworks: computational modeling in ionic compounds,,,,2024,9780-0433-152597,Yes,Elsevier
book-chapter-24-25,85,Dr. Shilpi Shrivastava,Faculty of Science,Metal Organic Framework,Metal Organic Frameworks: biomacromolecules for biomedical applications,,,,2024,9780-0433-152597,Yes,Elsevier
book-chapter-24-25,86,Ms. Madhu Sahu,Faculty of Technology,,"Assessment, Adaptation, And Resilience Strategies for Climate Change Impacts on Water Resources in Central India",,,National,2024,978-81-946-772-3-9,Yes,Global Education Ltd.
book-chapter-24-25,87,Mr. Shubham Shrivastava,Faculty of Technology,,"Assessment, Adaptation, And Resilience Strategies for Climate Change Impacts on Water Resources in Central India",,,National,2024,978-81-946-772-3-9,Yes,Global Education Ltd.
book-chapter-24-25,88,Mr. Manas Rathore,Faculty of Technology,,"Finite Element Analysis of Geogrid-Reinforced Highway
 Embankments: A Performance Evaluation",,,National,2024,978-81-946-772-3-9,Yes,Global Education Ltd.
book-chapter-24-25,89,Mr. Manas Rathore,Faculty of Technology,,"Finite Element Simulation of Stone Asphalt Matrix Concrete Pavement
 Incorporating Coconut Shell Charcoal as Filler",,,National,2024,978-81-946-772-3-9,Yes,Global Education Ltd.
book-chapter-24-25,90,Dheeraj Daniel,Faculty of Commerce & Management,E- Banking,,,,,2024,9798890000000,Yes,Notion Press
book-chapter-24-25,91,Satvik Jain,Faculty of Commerce & Management,E- Banking,,,,,2024,9798890000000,Yes,Notion Press
book-chapter-24-25,92,Omprakash Dewangan,Faculty of CS & IT,Futuristic Trends in Information technology,Multimodal Data Sources in Sentiment Analysis,,,International,2024,978-93-6252-516-1,Yes,"I I P Iterative International 
 Publishers"
book-chapter-24-25,93,Omprakash Dewangan,Faculty of CS & IT,Futuristic Trends in Information technology,Natural Language Processing: Unlocking the Power of Human Language for,,,International,2024,978-93-6252-516-1,Yes,"I I P Iterative International 
 Publishers"
book-chapter-24-25,94,Omprakash Dewangan,Faculty of CS & IT,Futuristic Trends in Information technology,A Concept on Data Security,,,International,2024,978-93-6252-516-1,Yes,"I I P Iterative International 
 Publishers"
book-chapter-24-25,95,HARSHA SHARMA,Faculty of Education,FUTURE OF SPECIAL EDUCATION IN INDIA,EARLY CHILDHOOD SPECIAL EDUCATION: FOUNDATIONS FOR LIFELONG SUCCESS,,,,2024,ISBN :978-93-5879-742-8/ISBN-10:93-5879-742,YES,RED SHINE PUBLICATION
book-chapter-24-25,96,HARSHA SHARMA,Faculty of Education,FUTURE OF SPECIAL EDUCATION IN INDIA,TEACHER TRAINING AND CAPACITY BUILDING FOR SPECIAL EDUCATION PROFESSIONALS: ENHANCING INCLUSIVE PRACTICES,,,,2024,ISBN :978-93-5879-742-8/ISBN-10:93-5879-743,YES,RED SHINE PUBLICATION
book-chapter-24-25,97,Mr. Gulsan Kumar Behera,Faculty of Education,FUTURE OF SPECIAL EDUCATION IN INDIA,PARENTAL INVOLVEMENT AND EMPOWERMENT IN SPECIAL EDUCATION,,,,2024,ISBN :978-93-5879-742-8/ISBN-10:93-5879-744,YES,RED SHINE PUBLICATION
book-chapter-24-25,98,Mr. Gulsan Kumar Behera,Faculty of Education,FUTURE OF SPECIAL EDUCATION IN INDIA,"SOCIAL AND EMOTIONAL WELL-BEING IN SPECIAL EDUCATION: PROMOTION AND 
 IMPLICATIONS FOR INCLUSION",,,,2024,ISBN :978-93-5879-742-8/ISBN-10:93-5879-745,YES,RED SHINE PUBLICATION
book-chapter-24-25,99,Dr. Lubhawani Tripathi,Faculty of Education,FUTURE OF SPECIAL EDUCATION IN INDIA,TECHNOLOGY INTEGRATION FOR ENHANCED LEARNING EXPERIENCES IN SPECIAL EDUCATION,,,,2024,ISBN :978-93-5879-742-8/ISBN-10:93-5879-746,YES,RED SHINE PUBLICATION
book-chapter-24-25,100,Dr. Lubhawani Tripathi,Faculty of Education,FUTURE OF SPECIAL EDUCATION IN INDIA,EVIDENCE-BASED PRACTICES AND RESEARCH IN SPECIAL EDUCATION,,,,2024,ISBN :978-93-5879-742-8/ISBN-10:93-5879-747,YES,RED SHINE PUBLICATION
book-chapter-24-25,101,Dr. Saroj Nayyar,Faculty of Education,FUTURE OF SPECIAL EDUCATION IN INDIA,"COLLABORATIVE APPROACHES IN SPECIAL EDUCATION: ENGAGING PARENTS, EDUCATORS AND PROFESSIONALS",,,,2024,ISBN :978-93-5879-742-8/ISBN-10:93-5879-748,YES,RED SHINE PUBLICATION
book-chapter-24-25,102,Dr. Saroj Nayyar,Faculty of Education,FUTURE OF SPECIAL EDUCATION IN INDIA,EDUCATIONAL TECHNOLOGY IN SPECIAL EDUCATION: THE ROLE OF ASSISTIVE TECHNOLOGIES & EDUCATIONAL APPS,,,,2024,ISBN :978-93-5879-742-8/ISBN-10:93-5879-749,YES,RED SHINE PUBLICATION
book-chapter-24-25,103,Dr. Saroj Nayyar,Faculty of Education,FUTURE OF SPECIAL EDUCATION IN INDIA,NURTURING WELL-BEING: A COMPREHENSIVE GUIDE TO MENTAL HEALTH SUPPORT FOR STUDENTS WITH SPECIAL NEEDS,,,,2024,ISBN :978-93-5879-742-8/ISBN-10:93-5879-750,YES,RED SHINE PUBLICATION
book-chapter-24-25,104,Dr. Saroj Nayyar,Faculty of Education,FUTURE OF SPECIAL EDUCATION IN INDIA,SHAPING THE FUTURE: TRENDS AND CONSIDERATIONS IN THE EVOLUTION OF SPECIAL EDUCATION IN INDIA,,,,2024,ISBN :978-93-5879-742-8/ISBN-10:93-5879-751,YES,RED SHINE PUBLICATION
book-chapter-24-25,105,Dr. Sanjeev Kumar Yadav,Faculty of Education,FUTURE OF SPECIAL EDUCATION IN INDIA,INCLUSIVE PHYSICAL EDUCATION AND SPORTS FOR STUDENTS WITH SPECIAL NEEDS,,,,2024,ISBN :978-93-5879-742-8/ISBN-10:93-5879-752,YES,RED SHINE PUBLICATION
book-chapter-24-25,106,Dr Shraddha Verma,Faculty of Education,FUTURE OF SPECIAL EDUCATION IN INDIA,Editor,,,,2024,ISBN :978-93-5879-742-8/ISBN-10:93-5879-752,YES,RED SHINE PUBLICATION
book-chapter-24-25,107,Dr. Lubhawani Tripathi,Faculty of Education,FUTURE OF SPECIAL EDUCATION IN INDIA,Editor,,,,2024,ISBN :978-93-5879-742-8/ISBN-10:93-5879-753,YES,RED SHINE PUBLICATION
book-chapter-24-25,108,Dr Shraddha Verma,Faculty of Education,FUTURE OF SPECIAL EDUCATION IN INDIA,TEACHER TRAINING AND CAPACITY BUILDING FOR SPECIAL EDUCATION,,,,2024,ISBN :978-93-5879-742-8/ISBN-10:93-5879-752,YES,RED SHINE PUBLICATION
book-chapter-24-25,109,Dr Shraddha Verma,Faculty of Education,STEM Education Theory and Practice,STEM Education in the context of G20 countries with a specific focus on India,,,,2024,978-81965123-4-7,YES,"RIE,NCERT,Bhopal(M.P)"
book-chapter-24-25,110,Vaishali Sinha,Faculty of Science,"International Conference on
 Future aspects of science & technology
 (ICFAST 2024 Book of Abstracts","Navigating the Depths of Deep Fake Technology: A Comprehensive
 Review",,,,2024,978-93-95538-22-0,yes,BLUE DIAMOND PUBLISHING
book-chapter-24-25,111,Mr. Bipin Pradhan,Faculty of Commerce & Management,Beyond Likes,,,,,2024,9789360000000,Yes,Pencil Publication
book-chapter-24-25,112,Ms. Deepti Patnaik,Faculty of Commerce & Management,Beyond Likes,,,,,2024,9789360000000,Yes,Pencil Publication
book-chapter-24-25,113,Mr. Rakshak Bharti,Faculty of Commerce & Management,Exploring Organizational Behaviour,,,,,2024,000-000054702-0,Yes,Notion Press
book-chapter-24-25,118,Mr.Tushar Ranjan Barik,Faculty of commerce & management,Social Science and Business,The Synergy Between Social Science and Business: An Interdisciplinary Perspective,,,National,2023,505092482,Kalinga University,KMF Publishers
book-chapter-24-25,119,Mr. Dheeraj Daniel,Faculty of commerce & management,Social Science and Business,Evidence from India for Measuring Equity Fund Efficiency,,,National,2023,505092482,Kalinga University,KMF Publishers
book-chapter-24-25,120,Omprakash Dewangan,Faculty of CS & IT,Emerging Technologies and Multidisciplinary Research for Sustainable Development,Enhanced Multimodal Sentiment Analysis through Transfer Learning and Auroencoder-based Feature Fusion: A Machine Learning Approach,,,National,2023,978-93-5607-877-2,Kalinga University,"RCET, Bhilai"
book-chapter-24-25,121,Ms. Shinki K Pandey,Faculty of commerce & management,India's Road to 26 Trillion Economy,Role of Education and skill development : A perspective of India,,,National,2023,978-93-91410-82-7,Kalinga University,The Bhopal School of Social Sciences
book-chapter-24-25,122,Lt. Vibha Chandrakar,Faculty of Science,National Education Policy and Nature of Higher Education,"Analysis of the New Education Policy 2020: Implications, Innovations, and Challenges",,,National,2023,978-93-92759-85-7,Kalinga University,Shrihind Publications Pvt. Ltd
book-chapter-24-25,123,Dr. Rajesh Kumar Manik,Faculty of Science,Philosophy and Principles of Yogic Wisdom,,,,National,2024,978-81-967172-0-9,Kalinga University,Fern International Publication Pune
book-chapter-24-25,124,Dr. Dhananjay Kumar Jain,Faculty of Science,Philosophy and Principles of Yogic Wisdom,,,,National,2024,978-81-967172-0-9,Kalinga University,Fern International Publication Pune
book-chapter-24-25,125,Dr. Lubhawani Tripathi,Faculty of Education,Hybrid models of machine learning based multi- Agent coordination for optimized course selection in E-learning Environment,,,,National,2024,979-835034367-0,Kalinga University,Malik and Sons
book-chapter-24-25,126,Dr. Esha Chatterjee,Faculty of arts & humanities,Media in today's world : Exploring the digital Landscape,,,,National,2024,978-93-6095-292-1,Kalinga University,Authors Press
book-chapter-24-25,127,Dr. Papri Mukhoupadhyay,Faculty of arts & humanities,Media in today's world : Exploring the digital Landscape,,,,National,2024,978-93-6095-292-1,Kalinga University,Authors Press
book-chapter-24-25,128,Dr. Shraddha Hirakne,Faculty of arts & humanities,,,,,National,2024,978-81-973390-2-8,Kalinga University,Sarvpriya Prakashan
book-chapter-24-25,129,Dr. Chandra Bhooshan Singh,Faculty of commerce & management,,,,,National,2024,9789362638489,Kalinga University,Pencil
book-chapter-24-25,130,Urvija khatri,Faculty of commerce & management,Entrepreneurship Essentials,,,,National,2024,9789362630667,Kalinga University,Pencil
book-chapter-24-25,131,Dr. Lubhawani Tripathi,Faculty of Education,Spiritual leadership in modern organization : A Study based on bibliometric analysis,An Investigation of the effectiveness of biofeedback based stress management training for college going students,,,National,2024,2148-2403,Kalinga University,Grant
book-chapter-24-25,132,Ms. Deepshikha Patel,Faculty of Commerce & Management,A Comparative Analysis of the total disbursements and non-performing asset (NP) percentages among three banks under the day - NRLM Scheme,,,,National,2024,978-93-5854-703-0,Kalinga University,Pragati Prakashan
book-chapter-24-25,133,Mr. Rakshak Bharti,Faculty of Commerce & Management,Entrepreneurship Essentials,,,,National,2024,9789362630667,Kalinga University,Pencil
book-chapter-24-25,134,Mr. Priyesh Kumar Mishra,Faculty of Science,BIOFUEL: UPCOMING SOURCES OF ENERGY,,,,International,2024,978-93-6252-440-9,Kalinga University,JJP Series
book-chapter-24-25,135,Ms. Harsha Sharma,Faculty of Education,Spiritual leadership in modern organization : A Study based on bibliometric analysis,An Investigation of the effectiveness of biofeedback based stress management training for college going students,,,National,2024,2148-2403,Kalinga University,Granted
book-chapter-24-25,136,Mr. Kamlesh Kumar Yadav,Faculty of CS & IT,Beyond Bits and Bytes,,,,National,2024,978-130460647-1,Kalinga University,
book-chapter-24-25,137,Mr. L Jyoti Reddy,Faculty of arts & humanities,UNLOCKING MINDS EXPLORING THE DEPTHS OF EDUCATIONAL PSYCHOLOGY,,,,National,2024,978-1304-63713-2,Kalinga University,Infinity Publication LLC
book-chapter-24-25,138,Dr. Shinki K Pandey,Faculty of Commerce & Management,Emotional Intelligence: Problems with Conceptualization,,,,International,2024,9798369341438,Kalinga University,2 GI Global
book-chapter-24-25,139,Ms. Nishtha Sharma,Faculty of Commerce & Management,Emotional Intelligence: Problems with Conceptualization,,,,International,2024,9798369341438,Kalinga University,2 GI Global
book-chapter-24-25,140,Mr. Soumyadeep Chakrabarti,Faculty of law,Protection of Plant Varieties & Farmers' Rights,,,,National,2024,978-93-5857-731-0,Kalinga University,
book-chapter-24-25,141,Mr. Ajay Kumar Harit,Faculty of Science,Termites: Role in the Bioprocess and soil Turnover in Natural soil ecosystem,,,Animal Taxonomy Summit 2024 (ATS-2024),,2024,978-81-8171-653-8,Kalinga University,
book-chapter-24-25,142,Dr. Sohini Bhattacharyya,Faculty of Science,Nature's Voices: Ecological Encounters,Pollution in aquatic ecosystems: Possible Causes and Impacts,,,International,2024,978-620-6-7721-8-7,Kalinga University,"Scholars' Press , United Kingdom"
book-chapter-24-25,143,Dr. Ajay Kumar Harit,Faculty of Science,Nature's Voices: Ecological Encounters,"Understanding emerging pollutants in aquatic ecosystems: Sources, impacts and management strategies",,,International,2024,978-620-6-77218-7,Kalinga University,"Scholars' Press , United Kingdom"
book-chapter-24-25,144,Dr. Manoj Singh,Faculty of Science,Nature's Voices: Ecological Encounters,Pollution in aquatic ecosystems: Possible Causes and Impacts,,,International,2024,978-620-6-77218-7,Kalinga University,"Scholars' Press , United Kingdom"
book-chapter-24-25,145,Dr. Vijayalaxmi Biradar,Faculty of Technology,Lessons Learned : Case Studies in Innovation and Adaptation,,,,National,2024,978-81-970089-9-3,Kalinga University,Kalinga University
book-chapter-24-25,146,Ms. Alpana Sharma,Faculty of commerce & management,Bold & Beauty the Fashion Industry,,,,National,2024,978-81-970089-9-3,Kalinga University,Kalinga University
book-chapter-24-25,147,Dr. Chandra Bhooshan Singh,Faculty of commerce & management,Enhancing Financial Literacy: A Comprehensive Case Study of Keshari Academy,,,,National,2024,978-81-970089-9-3,Kalinga University,Kalinga University
book-chapter-24-25,148,Ms. Deepshikha Patel,Faculty of commerce & management,"Blue Dart Ltd. In Chhattisgarh, India",,,,National,2024,978-81-970089-9-3,Kalinga University,Kalinga University
book-chapter-24-25,149,Mr. Dheeraj Daniel,Faculty of commerce & management,"Bethel Hosanna Seva Bharat Trust: Empowering lives in Azamgarh, India",,,,National,2024,978-81-970089-9-3,Kalinga University,Kalinga University
book-chapter-24-25,150,Dr. C.P. Jawahar,Faculty of Technology,Comparative Case Study on Climate Impact of TEWI in VCRS and Solar VARS for Air-conditioning,,,,National,2024,978-81-970089-9-3,Kalinga University,Kalinga University
book-chapter-24-25,151,Ms. Nishtha Sharma,Faculty of commerce & management,Managing Growth and Innovation in the Event Management Industry: An Analysis of Riddhi Siddhi Events and Production as a Case,,,,National,2024,978-81-970089-9-3,Kalinga University,Kalinga University
book-chapter-24-25,152,Dr. R. Jayakumar,Faculty of Science,A Case Study on Empowering Tribal Communities in Bastar sand Sarguja Districts for Sustainable Development,,,,National,2024,978-81-970089-9-3,Kalinga University,Kalinga University
book-chapter-24-25,153,Dr. Elamathi Natarajan,Faculty of Science,A Case Study on Empowering Tribal Communities in Bastar sand Sarguja Districts for Sustainable Development,,,,National,2024,978-81-970089-9-3,Kalinga University,Kalinga University
book-chapter-24-25,154,Dr. Indrani Sarkar,Faculty of Science,A Case Study on Empowering Tribal Communities in Bastar sand Sarguja Districts for Sustainable Development,,,,National,2024,978-81-970089-9-3,Kalinga University,Kalinga University
book-chapter-24-25,155,MS. Saloni Tyagi,Faculty of law,RERA,,,,`,2024,978-81-970089-9-3,Kalinga University,Kalinga University
book-chapter-24-25,156,Ms. Saomi De,Faculty of commerce & management,Sao Tome and the Coffee Conundrum,,,,National,2024,978-81-970089-9-3,Kalinga University,Kalinga University
book-chapter-24-25,157,Mr. Satvik Jain,Faculty of commerce & management,VY Hospital Raipur,,,,National,2024,978-81-970089-9-3,Kalinga University,Kalinga University
book-chapter-24-25,158,Tushar Ranjan Barik,Faculty of commerce & management,Age Matters: An In-depth Analysis of Investment Behaviour Across Generations,,,,National,2024,978-81-970089-9-3,Kalinga University,Kalinga University
book-chapter-24-25,159,Mr. Soumyadeep Chakrabarti,Faculty of law,Introduction of Plant Protection Variety & Farmers Right,,,,National,2024,978-93-5857-731-0,Kalinga University,Nitya Publications
book-chapter-24-25,160,Ms. Srishti Shrivastava,Faculty of law,Bridging The Gap And Reinforcing Farmer's Right And Crop Availability,,,,National,2024,978-93-5857-731-0,Kalinga University,Nitya Publications
book-chapter-24-25,161,Ms. Akanksha Choudhary,Faculty of law,Registration of Plant Varieties & Essentially Derived Variety & Benefit Sharing,,,,National,2024,978-93-5857-731-0,Kalinga University,Nitya Publications
book-chapter-24-25,162,Ms. Surbhi Agarwal,Faculty of law,Farmers Right,,,,National,2024,978-93-5857-731-0,Kalinga University,Nitya Publications
book-chapter-24-25,163,Ms. Itishri Upadhyay,Faculty of law,Interplay between Plant Variety And Traditional Knowledge,,,,National,2024,978-93-5857-731-0,Kalinga University,Nitya Publications
book-chapter-24-25,164,Mr. Ranjan Kumar Ray,Faculty of law,Protecting the Traditional Knowledge of Indigenous Groups: A study on the Effectiveness of Indian Laws and Policies,,,,National,2024,978-93-5857-731-0,Kalinga University,Nitya Publications
book-chapter-24-25,165,Dr. Chandra Bhooshan Singh,Faculty of Commerce & Management,Assessing Sebi's Influence on The Indian Capital Market: A Comprehensive Study,,,,International,2023,978-81-19135-26-4,Kalinga University,RFI Publications
book-chapter-24-25,166,Dr. Nidhi Goenka,Faculty of Commerce & Management,Assessing Sebi's Influence on The Indian Capital Market: A Comprehensive Study,,,,International,2023,978-81-19135-26-4,Kalinga University,RFI Publications
book-chapter-24-25,167,Ms. Mariyam Ahmed,Faculty of Commerce & Management,AI Leadership: The Future of Management,,,,National,2024,978-936-263-806-9,Kalinga University,Pencil
book-chapter-24-25,168,Dr. Chandra Bhushan Singh,Faculty of Commerce & Management,efgyk m|ferk Hkkjrh; Kku ijaijk,,,,National,2024,978-81-977777-2-1,Kalinga University,Chyren Publication
book-chapter-24-25,169,Dr. Manoj Kumar Nigam,Faculty of Technology,SYNCHRONOUS AND INDUCTION MACHINES,,,,International,2024,978-93-6674-099-7,Kalinga University,Scientific Interaction Publishing House
book-chapter-24-25,170,Mr. Sandeep Roy,Faculty of Technology,SYNCHRONOUS AND INDUCTION MACHINES,,,,International,2024,978-93-6674-099-7,Kalinga University,Scientific Interaction Publishing House
book-chapter-24-25,171,Dr. Praveen Kumar Yadaw,Faculty of Technology,Recent Trends in Engineering & Technology,,,,International,2024,978-3-96492-333-2,,Weser Book
book-chapter-24-25,172,Dr. Swapnil Jain,Faculty of Technology,Machine Learning Based Classification of Lung Cancer Types from Radiological Images,,,,National,2024,979-835033091-5,Kalinga University,IGI Global
book-chapter-24-25,173,Dr. Anivilla Shrikant,Faculty of Commerce & Management,AI Leadership: The Future of Management,,,,National,2024,978-9362-63806-9,Kalinga University,Pencil INK
book-chapter-24-25,174,Dr. Satvik Jain,Faculty of Commerce & Management,AI Leadership: The Future of Management,,,,National,2024,978-9362-63806-9,Kalinga University,Pencil INK
book-chapter-24-25,175,Dr. Deepti Patnaik,Faculty of Commerce & Management,Machine Learning Approaches in Financial Analytics,,,,International,2024,978-3-031-61037-0,Kalinga University,Springer
book-chapter-24-25,176,Ms. Soma Rajwade,Faculty of Technology,Luminescence Phenomena: An Introduction,,,,International,2024,978-3964-923-332,,Weser Book
book-chapter-24-25,177,Mr. Chandra Kumar Sahu,Faculty of Technology,Luminescence Phenomena: An Introduction,,,,International,2024,978-3964-923-33-2,Kalinga University,Weser Book
book-chapter-24-25,178,Mr. Rajendra Kumar,Faculty of Technology,Luminescence Phenomena: An Introduction,,,,International,2024,978-3964-923-33-2,Kalinga University,Weser Book
book-chapter-24-25,179,Ms. Ekta Chandrakar,Faculty of law,,"Human Rights, Youth & Development",,,,2024,978-81-959872-6-9,Kalinga University,SPPS System Pvt. Ltd.
book-chapter-24-25,180,Dr. Shraddha Verma,Faculty of Education,Assessment and Learning,,,,International,2024,978-93-5879-14-6-4,Kalinga University,Red Shine Publication Pvt. LTD.
book-chapter-24-25,181,Dr. Abhishek Agrawal,Faculty of Arts & Humanities,"lekftd l'kfDrdj.k ds foe'kZ ,oa fodflr Hkkjr",,,,National,2024,978-81-19350-62-9,Kalinga University,Kalamkaar Publication Pvt. Ltd.
book-chapter-24-25,182,Dr. Abhishek Agrawal,Faculty of Arts & Humanities,"xk¡/kh vkSj foosdkuUn dk nk'kZfud fpUru ,oa mlds fofo/k vk;ke",,,,National,2024,978-93-84899-26-1,Kalinga University,Shri Vinayak Publication
book-chapter-24-25,183,Dr. Tejaswini Pradhan,Faculty of Science,An introduction: method of upper and lower solutions for non-linear caputo fractional difference equations and boundary value problem,,,,National,2024,978-93-6132-785-8,Kalinga University,Scientific International Publishing House
book-chapter-24-25,184,Ms. Deepti Patnaik,Faculty of Commerce & Management,Impact of Artificial Intelligence on Virtual Teacher Learner Engagement : Redefining Educational Dynamics,,,,National,2024,979-83-69342-6-88,Kalinga University,IGI Global
book-chapter-24-25,185,Mr. Bipin Bihari Pradhan,Faculty of Commerce & Management,Impact of Artificial Intelligence on Virtual Teacher Learner Engagement : Redefining Educational Dynamics,,,,National,2024,979-83-69342-6-88,Kalinga University,IGI Global
book-chapter-24-25,186,MS. Kasturi Pomal,Faculty of Commerce & Management,Marketing Renaissance - Strategies for the digital era,,,,National,2024,978-93-6263633-1,Kalinga University,Pencil Publications
book-chapter-24-25,187,Mr. Rakshak Bharti,Faculty of Commerce & Management,Marketing Renaissance - Strategies for the digital era,,,,National,2024,978-93-6263633-1,Kalinga University,Pencil Publications
book-chapter-24-25,188,Mr. Rakshak Bharti,Faculty of Commerce & Management,Entrepreneurship Essentials,,,,National,2024,978-93-626306-6-7,Kalinga University,Pencil Publications
book-chapter-24-25,189,Ms. Urvija Khatri,Faculty of Commerce & Management,Entrepreneurship Essentials,,,,National,2024,978-93-626306-6-7,Kalinga University,Pencil Publications
book-chapter-24-25,190,Ms. Vaishali Sinha,Faculty of Science,"Advertising: Methods, Research and Practices","Unmasking Deception: Advertising Methods, Research,and Practices in Forensic Journalism",,,National,2024,978-81-963402-5-4,Kalinga University,"Adamas Knowledge City, Barasat – Barrackpore Road"
book-chapter-24-25,191,Dr.Abhishek Kumar Pandey,Faculty of Science,"Herbal Formulations, Phytochemistry and Pharmacognosy",Cyamopsis tetragonoloba and Arachis hypogaea crop residue smoke water characterization and application,,,National,2024,978-0-443-15383-9,Kalinga University,Elsevier publications
book-chapter-24-25,192,Dr. Ajay Kumar shukla,Faculty of Arts & Humanities,भारतीय ज्ञान परंपरा में खान-पान एवं पोषण,भारतीय खान-पान में खिचड़ी का विवेचनात्मक अध्ययन.,,,National,2024,978-93-340-6502-2,Kalinga University,"Jawaharlal Nehru Govt Degree College, Barwaha (Khargone), 
 M.P."
book-chapter-24-25,193,Dr.Ajay Shukla,Faculty of Arts & Humanities,"Enabling Social, Technological and 
 Business Responsibility in the Global Context",Sustainable Economic Growth for Viksit Bharat @ 2047,,,National,2024,978-81-946772-5-3,Kalinga University,Global Publication.
book-chapter-24-25,194,Dr. Harishankar.,Faculty of Arts & Humanities,"Enabling Social, Technological and 
 Business Responsibility in the Global Context",Sustainable Economic Growth for Viksit Bharat @ 2047,,,National,2024,978-81-946772-5-3,Kalinga University,Global Publication.
book-chapter-24-25,195,Dr.Vineeta,Faculty of Arts & Humanities,"Enabling Social, Technological and 
 Business Responsibility in the Global Context",Employee Behavior and Code of Ethics – Building Ethical climate in Organization,,,National,2024,978-81-946772-5-3,Kalinga University,Global Publication.
book-chapter-24-25,196,Dr.Ajay Shukla,Faculty of Arts & Humanities,"Enabling Social, Technological and 
 Business Responsibility in the Global Context",Employee Behavior and Code of Ethics – Building Ethical climate in Organization,,,National,2024,978-81-946772-5-3,Kalinga University,Global Publication.
book-chapter-24-25,198,Kasturi Pomal,Faculty of Arts & Humanities,"Enabling Social, Technological and 
 Business Responsibility in the Global Context",Employee Behavior and Code of Ethics – Building Ethical climate in Organization,,,National,2024,978-81-946772-5-3,Kalinga University,Global Publication.
book-chapter-24-25,199,Rakshak Bharti,Faculty of Commerce & Management,"Enabling Social, Technological and 
 Business Responsibility in the Global Context",Employee Behavior and Code of Ethics – Building Ethical climate in Organization,,,National,2024,978-81-946772-5-3,Kalinga University,Global Publication.
book-chapter-24-25,200,Urvija Khatri,Faculty of Commerce & Management,"Enabling Social, Technological and 
 Business Responsibility in the Global Context",Employee Behavior and Code of Ethics – Building Ethical climate in Organization,,,National,2024,978-81-946772-5-3,Kalinga University,Global Publication.
book-chapter-24-25,201,Ms.Jesika Minj,Faculty of Arts & Humanities,Media in Today's World: Exploring the Digital Landscape,Digitalisation and Urban Governance: A Approach Ms. Practice-Oriented,,,National,2024,978-93-6095-292-1,Kalinga University,Authorspress
book-chapter-24-25,202,Dr. Abhishek Agrawal,Faculty of Arts & Humanities,Various Reference to Indian Knowledge Tradition,Pracheen Bhartiya Gyan Parampara evem Shiksha Pranali,,,National,2024,978-93-92079-91-7,Kalinga University,"SRF, Publication, jabalpur"
book-chapter-24-25,203,Dr. Abhishek Agrawal,Faculty of Arts & Humanities,Various Reference to Indian Knowledge Tradition,The First Welfare state in ancient india:policies of Mauryan empire rulers,,,National,2024,978-93-92079-91-7,Kalinga University,"SRF, Publication, jabalpur"
book-chapter-24-25,204,Aashtha Sahu,Faculty of Arts & Humanities,Various Reference to Indian Knowledge Tradition,The First Welfare state in ancient india:policies of Mauryan empire rulers,,,National,2024,978-93-92079-91-7,Kalinga University,"SRF, Publication, jabalpur"
book-chapter-24-25,205,Dr. Abhishek Agrawal,Faculty of Arts & Humanities,Various Reference to Indian Knowledge Tradition,Indian Historical tradition:The Aryan Civilisation,,,National,2024,978-93-92079-91-7,Kalinga University,"SRF, Publication, jabalpur"
book-chapter-24-25,206,Ankita Singh,Faculty of Arts & Humanities,Various Reference to Indian Knowledge Tradition,Indian Historical tradition:The Aryan Civilisation,,,National,2024,978-93-92079-91-7,Kalinga University,"SRF, Publication, jabalpur"
book-chapter-24-25,207,Dr. Aloke Verma,Faculty of Science,A comprehensive review and analysis of exploring the role of media and internet platforms in advancing physics education,,,,National,2024,978-93-95847-71-1,Kalinga University,"Bhumi Publishing, India"
book-chapter-24-25,208,Ms Nishtha Sharma,Faculty of Commerce & Management,Machine and Deep learning techniques for emotion detection,Emotional Intelligence problem with Conceptualisation,,,National,2024,979-8-3693-4143-8,Kalinga University,IGI Global
book-chapter-24-25,209,Ms Shinky K Pandey,Faculty of Commerce & Management,Machine and Deep learning techniques for emotion detection,Emotional Intelligence problem with Conceptualisation,,,National,2024,979-8-3693-4143-8,Kalinga University,IGI Global
book-chapter-24-25,210,Mughira Muhammad,Faculty of Science,GENDER AND SOCIETY,Role of Fashion Design Technology in Eradicating of Feminization of Poverty in Nigeria/,,,National,2024,978-93-93093-94-2,Kalinga University,Sunbeam Publishers
book-chapter-24-25,211,Mr. Gulsan Kumar Behera,Faculty of Education,Gender and Society,Gender Equality and the Constitution,,,National,2024,978-93-93093-94-2,Kalinga University,Sunbeam Publishers
book-chapter-24-25,212,Ms. Megha Chaturvedi,Faculty of Science,,Recombinant DNA: Genetic tool kit for innovation and progress,,,National,2024,978-93-6252-525-3,Kalinga University,IIP
book-chapter-24-25,213,Dr. Abhijeeta Nandha,Faculty of Science,,Phytoremidiation,,,National,2024,978-93-6252-525-3,Kalinga University,IIP
book-chapter-24-25,214,Dr. Suchitra Ku Panigrahy,Faculty of Science,Futuristic Trends in Biotechnology,,,,National,2024,978-93-6252-525-3,Kalinga University,IIP
book-chapter-24-25,215,Dr Esha Chatterjee,Faculty of arts & humanities,Sociological Dimensions of Crime,"Chapter-Risks and Anxieties in Social Networking Sites
 Faced by the Youth: A Sociological Overview",,,National,2024,978-81-96322-39-7,Kalinga University,Thynk Publisher
book-chapter-24-25,216,Dr.Ajay Shukla,Faculty of arts & humanities,हिन्दी:वैश्विक व्याप्ति और प्रभाव,,,,National,2024,978-19-89416-97-6,Kalinga University,PC Plus Limited
book-chapter-24-25,217,Dr.A.Rajshekhar,Faculty of arts & humanities,ECO PULSE: EXPLORING DIVERSE PERSPECTIVES IN GREEN ENERGY,,,,National,2024,978-1-304-61701-9,Kalinga University,Infinity Publication
book-chapter-24-25,218,Dr. Abhishek Agrawal,Faculty of arts & humanities,Gandhi aur Vivekanand ka Daarshnik Chintan evam uske Vividh Aayaam,Gandhi ji ka Raam Rajya evam Aadarsh Samaj ki Avdhaarna,,,National,2024,978-93-87899-26-1,Kalinga University,"Shree Vinayak Publication, Agra"
book-chapter-24-25,219,Dr. Amit Joshi,Faculty of Science,Microplastics Pollution and its Remediation,Microplastics Detection Techniques,,,National,2024,978-981-97-4067-3,Kalinga University,Springer Nature
book-chapter-24-25,220,Dr. Amit Joshi,Faculty of Science,Microplastics Pollution and its Remediation,Microplastics in Foods,,,National,2024,978-981-97-4067-3,Kalinga University,Springer Nature
book-chapter-24-25,221,Dr. Saroj Nayyar,Faculty of Education,Digital Narratives in Education,,,,National,2024,978-93-5621-882-6,Kalinga University,Orrange Book Publication
book-chapter-24-25,222,Dr. Lubhawani Tripathi,Faculty of Education,Digital Narratives in Education,,,,National,2024,978-93-5621-882-6,Kalinga University,Orrange Book Publication
book-chapter-24-25,223,Dr. Saroj Nayyar,Faculty of Education,,Empowering Educators Through Technology-Driven Professional Development,,,National,2024,978-93-5621-882-6,Kalinga University,Orrange Book Publication
book-chapter-24-25,224,Dr. Saroj Nayyar,Faculty of Education,,Integrating Stem Education for Holistic Learning,,,National,2024,978-93-5621-882-6,Kalinga University,Orrange Book Publication
book-chapter-24-25,225,Dr. Saroj Nayyar,Faculty of Education,,Chatron ki Siksha per Social Media ka Prabhab Absar tatha Chunotiyan,,,National,2024,978-93-5621-882-6,Kalinga University,Orrange Book Publication
book-chapter-24-25,226,Dr. Lubhawani Tripathi,Faculty of Education,,Immersive Learning: Exploring Virtual Reality Applications in B.Ed. Instruction,,,National,2024,978-93-5621-882-6,Kalinga University,Orrange Book Publication
book-chapter-24-25,227,Harsha Sharma,Faculty of Education,,Interactive Learning: Engaging with Guidance,,,National,2024,978-93-5621-882-6,Kalinga University,Orrange Book Publication
book-chapter-24-25,228,Gulsan Kumar Behera,Faculty of Education,,Designing an Interactive Learning Environment,,,National,2024,978-93-5621-882-6,Kalinga University,Orrange Book Publication
book-chapter-24-25,229,Gulsan Kumar Behera,Faculty of Education,,STEM Education and Environmental Awareness,,,National,2024,978-93-5621-882-6,Kalinga University,Orrange Book Publication
book-chapter-24-25,230,Gulsan Kumar Behera,Faculty of Education,,Integrating Data Literacy into Educational Practices,,,National,2024,978-93-5621-882-6,Kalinga University,Orrange Book Publication
book-chapter-24-25,231,Dr. Sanjeev Kumar Yadav,Faculty of Education,,Exploring Applications of Virtual Reality in B. Ed. Instruction,,,National,2024,978-93-5621-882-6,Kalinga University,Orrange Book Publication
book-chapter-24-25,232,Ms. Neetu Singh,Faculty of Education,,Integrating Data Literacy into Teacher Training Programs,,,National,2024,978-93-5621-882-6,Kalinga University,Orrange Book Publication
book-chapter-24-25,233,Dr. Saroj Nayyar,Faculty of Education,Fundamentals of Computer,,,,National,2024,978-81-976678-4-8,Kalinga University,"Samagra CS Educational Technology Innovation and Integrative Research Center Journal, Kota, Raipur, C.G."
book-chapter-24-25,234,Dr. Lubhawani Tripathi,Faculty of Education,Fundamentals of Computer,,,,National,2024,978-81-976678-4-8,Kalinga University,"Samagra CS Educational Technology Innovation and Integrative Research Center Journal, Kota, Raipur, C.G."
book-chapter-24-25,235,Harsha Sharma,Faculty of Education,Fundamentals of Computer,,,,National,2024,978-81-976678-4-8,Kalinga University,"Samagra CS Educational Technology Innovation and Integrative Research Center Journal, Kota, Raipur, C.G."
book-chapter-24-25,236,Gulsan Kumar Behera,Faculty of Education,Fundamentals of Computer,,,,National,2024,978-81-976678-4-8,Kalinga University,"Samagra CS Educational Technology Innovation and Integrative Research Center Journal, Kota, Raipur, C.G."
book-chapter-24-25,237,Ms. Vaishali Sinha,Faculty of Science,RESEARCH CONTEMPLATION: A MULTIDISCIPLINARY APPROACH,UNLOCKING MYSTERIES: A MULTIDISCIPLINARY APPROACH TO FORENSIC SCIENCE,,,National,2024,978-1-304-23241-0,Kalinga University,Lulu Publication
book-chapter-24-25,238,Dr. Deepti Patnaik,Faculty of Commerce & Management,Accounting for success,,,,National,2024,978-81-19820-32-0,Kalinga University,Chyren Publications
book-chapter-24-25,239,Ms. Alpana Sharma,Faculty of Commerce & Management,Integrating Artificial Intelligence into Yoga Practices,,,,National,2024,978-93-6166-414-4,Kalinga University,Sankalp Publications
book-chapter-24-25,240,Dr. Aloke Verma,Faculty of Science,"The Nano Frontier
 Exploring Science, Technology, and Innovation",,,,National,2024,978-620-7-80965-3,Kalinga University,LAMBERT Academic Publishing
book-chapter-24-25,241,Dr Indrani Sarkar,Faculty of Science,Lesson Learned: Case Studies in Innovation and Adaptation,A case study in empowering tribal communities in Bastar and Surguja districts for sustainable development,,,National,2024,978-81-970089-9-3,Kalinga University,Kalinga University
book-chapter-24-25,242,Dr Indrani Sarkar,Faculty of Science,The Scientific Spectrum of AI Enhancing The Future,Navigating the Nexus: Transforming Healthcare with the Dynamic Duo of AI and Robotics,,,National,2024,978-93-6166-414-4,Kalinga University,Sankalp Publication
book-chapter-24-25,243,Dr.Ajay Kumar Shukla,Faculty of arts & humanities,व्यक्तित्व विकास एवं चरित्र निर्माण,भारतीय संस्कृति में चरित्र निर्माण की स्थापना पर विश्लेषणात्मक अध्ययन,,,National,2024,978-93-94876-60-6,Kalinga University,"अथर्व प्रकाशन,भोपाल(म.प्र.)"
book-chapter-24-25,244,Dr. K. Shanthi,Faculty of Science,The Scientific Spectrum of AI Enhancing The Future,Artificial Intelligence Assists Nanomedicines Towards Broad Clinical Impact,,,National,2024,978-93-6166-414-4,Kalinga University,Sankalp Publication
book-chapter-24-25,245,Jharna Maiti,Faculty of Science,The Scientific Spectrum of AI Enhancing The Future,AI Developments in the Future: the Impact of Metabolic Engineering,,,National,2024,978-93-6166-414-4,Kalinga University,Sankalp Publication
book-chapter-24-25,246,Dr. Anushree Saha,Faculty of Science,The Scientific Spectrum of AI Enhancing The Future,"The Dark Side of ChatGpt: Crime 
 Committed Using AI",,,National,2024,978-93-6166-414-4,Kalinga University,Sankalp Publication
book-chapter-24-25,247,Dr. Shilpi Shrivastava,Faculty of Science,Cutting-Edge Research in Chemical and Material Science,Nanotechnology in Wearable Biosensors and Energy Devices,,,National,2024,978-93-95847-39-1,Kalinga University,"Bhumi Publishing, India"
book-chapter-24-25,248,Tushar Ranjan Barik,Faculty of law,TRB’S GOOD THOUGHTS: Empowering Lives Through Inspiring Thoughts Paperback,,,,National,2024,979-8336771336,Kalinga University,Independently published
book-chapter-24-25,249,Tushar Ranjan Barik,Faculty of law,,Age Matters: An In-depth Analysis of Investment Behaviour Across Generations,,,National,2024,978-81-970089-9-3,Kalinga University,Aditi Publication
book-chapter-24-25,250,C. B. Singh,Faculty of law,,Enhancing Financial Literacy: A Comprehensive Case Study of Keshari Academy,,,National,2024,978-81-970089-9-3,Kalinga University,Aditi Publication
book-chapter-24-25,251,Deepshikha Patel,Faculty of Commerce & Management,,"Blue Dart Ltd. In Chhattisgarh, India",,,National,2024,978-81-970089-9-3,Kalinga University,Aditi Publication
book-chapter-24-25,252,Satvik Jain,Faculty of Commerce & Management,,"VY Hospital, raipur",,,National,2024,978-81-970089-9-3,Kalinga University,Aditi Publication
book-chapter-24-25,253,Satvik Jain,Faculty of Commerce & Management,,"Unveiling the Synergy: A Theoretical Exploration of How Mutual Funds
 Navigate and Fund Sustainable Development Goals (SDGs)",,,National,2024,978-93-87899-51-3,Kalinga University,"Shree Vinayak Publishing Unit, Agra"
book-chapter-24-25,254,Satvik Jain,Faculty of Commerce & Management,AI Leadership,,,,National,2024,978-93-6263-558-7,Kalinga University,Pencil
book-chapter-24-25,255,"Omprakash Dewangan,",Faculty of CS & IT,Cybersecurity Essentials:Next-Gen Cyber Protection Techniques,,,,National,2024,978-81-977995-3-2,Kalinga University,A2Z EDULEARNINGHUB LLP
book-chapter-24-25,256,"Kamlesh Kumar Yadav,",Faculty of CS & IT,Cybersecurity Essentials:Next-Gen Cyber Protection Techniques,,,,National,2024,978-81-977995-3-2,Kalinga University,A2Z EDULEARNINGHUB LLP
book-chapter-24-25,257,"Dr. Anupa Sinha,",Faculty of CS & IT,Cybersecurity Essentials:Next-Gen Cyber Protection Techniques,,,,National,2024,978-81-977995-3-2,Kalinga University,A2Z EDULEARNINGHUB LLP
book-chapter-24-25,258,Ashu Nayak,Faculty of CS & IT,Cybersecurity Essentials:Next-Gen Cyber Protection Techniques,,,,National,2024,978-81-977995-3-2,Kalinga University,A2Z EDULEARNINGHUB LLP
book-chapter-24-25,259,Dr. Lubhawani Tripathi,Faculty of Education,Fundamentals of Computer,,,,National,2024,978-81-976678-4-8,Kalinga University,"Samagra CS Educational Technology, Innovation and Integrative Research Center Journal, Kota, Chhattisgarh"
book-chapter-24-25,260,Dr. Saroj Nayyar,Faculty of Education,Fundamentals of Computer,,,,National,2024,978-81-976678-4-8,Kalinga University,"Samagra CS Educational Technology, Innovation and Integrative Research Center Journal, Kota, Chhattisgarh"
book-chapter-24-25,261,Ms. Harsha Sharma,Faculty of Education,Fundamentals of Computer,,,,National,2024,978-81-976678-4-8,Kalinga University,"Samagra CS Educational Technology, Innovation and Integrative Research Center Journal, Kota, Chhattisgarh"
book-chapter-24-25,262,Gulsan kumar Behera,Faculty of Education,Fundamentals of Computer,,,,National,2024,978-81-976678-4-8,Kalinga University,"Samagra CS Educational Technology, Innovation and Integrative Research Center Journal, Kota, Chhattisgarh"
book-chapter-24-25,263,Dr. Saroj Nayyar,Faculty of Education,Multidisciplinary Approach in Research: Emerging Paradigms,Basti mein rehnewale gareeb parivaron ke bachhon mein siksha ke prati jagrukta evam ruchi ka adhyayan,,,National,2024,978-81-976678-4-8,Kalinga University,"Redshine Publication Pvt. Ltd., Navamuvada, Lunawada, India"
book-chapter-24-25,264,Dr Shraddha Verma,Faculty of Education,Transforming India 2047:A Vision for a Viksit Bharat,Emerging Technologies for Societal Impact,,,National,2024,978-81-976678-4-8,Kalinga University,Eureka Publications
book-chapter-24-25,265,Dr Shraddha Verma,Faculty of Education,"Innovate,Educate,Elevate:NEP 2020 and the Future Of Learning",navigating the path Ahead :Challenge and opportunities in Implementing NEP 2020,,,National,2024,978-81-976678-4-8,Kalinga University,Eureka Publications
book-chapter-24-25,266,Rajendra Kumar,Faculty of Technology,-,"""Luminescence
 Phenomena: An Introduction""",,,National,2024,978-3-96492-333-2,Kalinga University,Weser Book
book-chapter-24-25,267,Chandra Kumar Sahu,Faculty of Technology,-,"""Luminescence
 Phenomena: An Introduction""",,,National,2024,978-3-96492-333-2,Kalinga University,Weser Book
book-chapter-24-25,268,Soma Rajwade,Faculty of Technology,-,"""Luminescence
 Phenomena: An Introduction""",,,National,2024,978-3-96492-333-2,Kalinga University,Weser Book
book-chapter-24-25,269,Dr. Praveen Kumar Yadaw,Faculty of Technology,-,"""Luminescence
 Phenomena: An Introduction""",,,National,2024,978-3-96492-333-2,Kalinga University,Weser Book
book-chapter-24-25,270,Mr. Akash ingle,Faculty of Technology,-,"""Luminescence
 Phenomena: An Introduction""",,,National,2024,978-3-96492-333-2,Kalinga University,Weser Book
book-chapter-24-25,271,Ms. Vaishali Sinha,Faculty of Science,The Scientific Spectrum of AI Enhancing The Future,The Scientific Spectrum of AI Enhancing The Future,,,National,2024,978-93-6166-414-4,Kalinga University,Sankalp Publication
book-chapter-24-25,272,Ms. Nishtha Sharma,Faculty of Commerce & Management,,Managing growth and innovation in the event management industry: An analysis of Riddhi Siddhi event and production as a case,,,National,2024,978-81-970089-9-3,Kalinga University,Kalinga University
book-chapter-24-25,273,Ms. Alpana Sharma,Faculty of Commerce & Management,,Bold and Beauty the fashion industry,,,National,2024,978-81-970089-9-3,Kalinga University,Kalinga University
book-chapter-24-25,274,Dr. A Shrikant,Faculty of Commerce & Management,The future of management: AI Leadership,,,,National,2024,978-93-6263-806-9,Kalinga University,Pencil
book-chapter-24-25,275,Ms. Mariyam Ahmed,Faculty of Commerce & Management,The future of management: AI Leadership,,,,National,2024,978-93-6263-806-9,Kalinga University,Pencil
book-chapter-24-25,276,Dr Priyambada Singh,Faculty of Science,"Multidisciplinary edited book 2024 "" EVOLUTION ""","A Review on Bacteriocin, Sources & Industrial applications",,,National,2024,978-81-969527-0-9,Kalinga University,Vinayam Research Association
book-chapter-24-25,277,Dr. Aloke Verma,Faculty of Science,Cutting-Edge Research in Chemical and Material Science,Harnessing Solar Energy for Environmental Pollution Mitigation,,,National,2024,978-93-95847-39-1,Kalinga University,BHUMI PUBLISHING
book-chapter-24-25,278,Dr. Aloke Verma,Faculty of Science,Cutting-Edge Research in Chemical and Material Science,Nanotechnology in Wearable Biosensors and Energy Devices,,,National,2024,978-93-95847-39-1,Kalinga University,BHUMI PUBLISHING
book-chapter-24-25,279,Dr. Shilpi Shrivastava,Faculty of Science,Social Media Dynamics: Trends and Transformations,Social Media Dynamics in Chemistry,,,National,2024,978-93-95847-62-9,Kalinga University,"Bhumi Publishing, India"
book-chapter-24-25,280,Dr. Ruchi Chandrakar,Faculty of Technology,Nanofluids Technology for Thermal Sciences and Engineering,Renewable thermal storage systems and nanofluids,,,National,2024,978-10-034944-5-4,Kalinga University,"CRC Press, Taylor & Francis Group"
book-chapter-24-25,281,Dr.Shraddha Verma,Faculty of Education,,Artificial Intelligence's Influence on Risk Management,,,National,2024,978-10-328720-2-5,Kalinga University,Taylor and Francis
book-chapter-24-25,282,Dr.Shraddha Verma,Faculty of Education,Assessment and Learning,,,,National,2024,978-93-587914-6-4,Kalinga University,Redshine Publications
book-chapter-24-25,283,Ekta Chandrakar,Faculty of law,"Human Rights, Youth and Development",The Integration of Maternity and Menstruation Rights of Women under the Constitution of India,,,National,2024,978-81-959872-6-9,Kalinga University,V.K Krishan Menon College of Commerce and Economics and Sharad Shankar Dighe College of Science and P.A. Menon College of Management
book-chapter-24-25,284,Dr. Swapnil Jain,Faculty of Technology,……,V.K Krishan Menon College of Commerce and Economics and Sharad Shankar Dighe College of Science and P.A. Menon College of Management,,,National,2024,979-83-69340-26-4,Kalinga University,IGI Global
book-chapter-24-25,285,Dr. Aloke Verma,Faculty of Science,Social Media Dynamics in Chemistry,Social Media Dynamics: Trends and Transformations,,,National,2024,978-93-95847-62-9,Kalinga University,BHUMI PUBLISHING
book-chapter-24-25,286,Dr. Aloke Verma,Faculty of Science,Integration of Flexible Perovskite Solar Cells with Wearable Antennas for Sustainable and Efficient Wearable Electronics,Design and Simulation of Wearable Antennas for Healthcare,,,National,2024,979-83-69340-26-4,Kalinga University,IGI Global
book-chapter-24-25,287,Dr. Abhishek Agrawal,Faculty of arts & humanities,Samajik Shasaktikaran ke vimarsh aur viksit bharat,,,,National,2024,978-81-19350-62-9,Kalinga University,Kalamkaar Publication
book-chapter-24-25,288,Dr. Ruchi Chandrakar,Faculty of Technology,Nanofluids Technology for Thermal Sciences and Engineering,Renewable thermal storage systems and nanofluids,,,National,2024,978-10-034-94-45-4,Kalinga University,"CRC Press, Taylor & Francis Group"
book-chapter-24-25,289,Ms Parika Sharma,Faculty of Commerce & Management,Gen Z Unplugged,,,,National,2024,979-83-441719-9-9,Kalinga University,Amazon kindle
book-chapter-24-25,290,Mr. Manish Nandy,Faculty of CS & IT,AI-Enhanced Cloud Solutions Practical Implementation & Management Strategies,,,,National,2024,978-81-981210-9-7,Kalinga University,A2Z EDULEARNINGHUB LLP
book-chapter-24-25,291,Mr. Debarghya Biswas,Faculty of CS & IT,AI-Enhanced Cloud Solutions Practical Implementation & Management Strategies,,,,National,2024,978-81-981210-9-7,Kalinga University,A2Z EDULEARNINGHUB LLP
book-chapter-24-25,292,Ms. Ragini Kushwaha,Faculty of CS & IT,AI-Enhanced Cloud Solutions Practical Implementation & Management Strategies,,,,National,2024,978-81-981210-9-7,Kalinga University,A2Z EDULEARNINGHUB LLP
book-chapter-24-25,293,Ms. Prerna Dusi,Faculty of CS & IT,AI-Enhanced Cloud Solutions Practical Implementation & Management Strategies,,,,National,2024,978-81-981210-9-7,Kalinga University,A2Z EDULEARNINGHUB LLP
book-chapter-24-25,294,Ms. Chandni Sawlani,Faculty of CS & IT,The Future of Marketing Machine Learning Applications & Insights,,,,National,2024,978-81-979918-4-4,Kalinga University,A2Z EDULEARNINGHUB LLP
book-chapter-24-25,295,Ms. Laboni Saha,Faculty of CS & IT,The Future of Marketing Machine Learning Applications & Insights,,,,National,2024,978-81-979918-4-4,Kalinga University,A2Z EDULEARNINGHUB LLP
book-chapter-24-25,296,Mr. Manish Nandy,Faculty of CS & IT,The Future of Marketing Machine Learning Applications & Insights,,,,National,2024,978-81-979918-4-4,Kalinga University,A2Z EDULEARNINGHUB LLP
book-chapter-24-25,297,Ms. Anjali Goswami,Faculty of CS & IT,The Future of Marketing Machine Learning Applications & Insights,,,,National,2024,978-81-979918-4-4,Kalinga University,A2Z EDULEARNINGHUB LLP
book-chapter-24-25,298,Vaishali Sinha,Faculty of Science,"Advances in sciences,engineering and social sciences",Microbial Forensics: Unveiling the Invisible Witnesses,,,National,2024,978-81-966844-2-6,Kalinga University,ITM University
book-chapter-24-25,299,Vaishali Sinha,Faculty of Science,"Advances in sciences,engineering and social sciences","Artificial Intelligence Transforming Questioned Document Examination, Forensic Medicine, and Forensic Anthropology",,,National,2024,978-81-966844-2-6,Kalinga University,ITM University
book-chapter-24-25,300,Dr. Deepti Patnaik,Faculty of Commerce & Management,,Women’s Financial Literacy and Financial Inclusion Post-pandemic,,,National,2024,2522-8285,Kalinga University,Springer
book-chapter-24-25,301,Ms. Urvija Khatri,Faculty of Commerce & Management,Gen Z Unplugged,,,,National,2024,979-83-441719-9-9,Kalinga University,Amazon kindle
book-chapter-24-25,302,Mr. Rakshak Bharti,Faculty of Commerce & Management,Gen Z Unplugged,,,,National,2024,979-83-441719-9-9,Kalinga University,Amazon kindle
book-chapter-24-25,303,Mr.Ayushman Roy,Faculty of Commerce & Management,Textbook of Pharmacy Practice,,,,National,2024,978-93-85529-62-7,Kalinga University,Vallabh Prakashan
book-chapter-24-25,304,Dr. Shilpi Shrivastava,Faculty of Science,,Global Warming and climate change in Agriculture Addressing Agricultural Sustainability with solar cell Innovations,,,National,2024,978-81-974103-4-5,Kalinga University,Golden Leaf Publishers
book-chapter-24-25,305,Mr. Rajendra Kumar Sahu,Faculty of Technology,,Boosting Emergency Management,,,National,2024,978-1-032-88455-4,Kalinga University,CRC Press Taylor & Francis
book-chapter-24-25,306,Mr. Chandra Kumar Sahu,Faculty of Technology,,Boosting Emergency Management,,,National,2024,978-1-032-88455-4,Kalinga University,CRC Press Taylor & Francis
book-chapter-24-25,307,Ms. Soma Rajwade,Faculty of Technology,,Boosting Emergency Management,,,National,2024,978-1-032-88455-4,Kalinga University,CRC Press Taylor & Francis
book-chapter-24-25,308,Dr. Praveen Kumar Yadaw,Faculty of Technology,,Boosting Emergency Management,,,National,2024,978-1-032-88455-4,Kalinga University,CRC Press Taylor & Francis
book-chapter-24-25,309,MD Alim,Faculty of law,Textbook of Forensic Fingerprints - A Practical Approach in Criminal Justice System,Digital Imaging of fingerprints,,,National,2024,978-93-625232-1-1,Kalinga University,IIP
book-chapter-24-25,310,Ranjan Kumar Ray,Faculty of law,The Rights,The problem of Gender Disparity in Higher Judiciary,,,National,2024,978-81-974133-9-1,Kalinga University,Chatiner in collaboration with Yadam Institute of Research
book-chapter-24-25,311,Saloni Tyagi Shrivastava,Faculty of law,Online Gaming in India,Cyber Security and Data Privacy Challenges in Online Gaming: Analyzing the Cyber Security Risks and Challenges faced by Online Platform in India,,,National,2024,978-10-326242-0-4,Kalinga University,Taylor & Francis
book-chapter-24-25,312,Dr. Shinki K Pandey,Faculty of Commerce & Management,Echoes in her eyes,,,,National,2024,978-81-967772-4-1,Kalinga University,Ojha Publication and Research House
book-chapter-24-25,313,Dr. Shinki K Pandey,Faculty of Commerce & Management,,Impact of covid 19 on the gig economy: amplification if existing trends or emergence of new work models,,,National,2024,978-93-48084-35-4,Kalinga University,Disha International Publishing house
book-chapter-24-25,314,Dr. Nishtha Sharma,Faculty of Commerce & Management,,Impact of covid 19 on the gig economy: amplification if existing trends or emergence of new work models,,,National,2024,978-93-48084-35-4,Kalinga University,Disha International Publishing house
book-chapter-24-25,315,Mr. Pranjul Shrivastava,Faculty of Pharmacy,Pollution and climate: strategies for a sustainable future,"Heavy Metals Pollution: Sources, Effects, and Remediation",,,National,2024,978-81-980575-8-7,Kalinga University,GENIC BOOKS PUBLISHERS
book-chapter-24-25,316,Ms. Khushboo Gupta,Faculty of Pharmacy,Pollution and climate: strategies for a sustainable future,"Heavy Metals Pollution: Sources, Effects, and Remediation",,,National,2024,978-81-980575-8-7,Kalinga University,GENIC BOOKS PUBLISHERS
book-chapter-24-25,317,Mr. Sandip Prasad Tiwari,Faculty of Pharmacy,Pollution and climate: strategies for a sustainable future,"Heavy Metals Pollution: Sources, Effects, and Remediation",,,National,2024,978-81-980575-8-7,Kalinga University,GENIC BOOKS PUBLISHERS
book-chapter-24-25,318,Ms. Khushboo Gupta,Faculty of Pharmacy,Pollution and climate: strategies for a sustainable future,Biodiversity Loss Due to Environmental Pollution,,,National,2024,978-81-980575-8-7,Kalinga University,GENIC BOOKS PUBLISHERS
book-chapter-24-25,319,Mr. Pranjul Shrivastava,Faculty of Pharmacy,Pollution and climate: strategies for a sustainable future,Biodiversity Loss Due to Environmental Pollution,,,National,2024,978-81-980575-8-7,Kalinga University,GENIC BOOKS PUBLISHERS
book-chapter-24-25,320,Ms. Khushboo Gupta,Faculty of Pharmacy,Pollution and climate: strategies for a sustainable future,Phytoremediation: Using Plants to Clean Contaminated Soil and Water,,,National,2024,978-81-980575-8-7,Kalinga University,GENIC BOOKS PUBLISHERS
book-chapter-24-25,321,Mr. Pranjul Shrivastava,Faculty of Pharmacy,Pollution and climate: strategies for a sustainable future,Phytoremediation: Using Plants to Clean Contaminated Soil and Water,,,National,2024,978-81-980575-8-7,Kalinga University,GENIC BOOKS PUBLISHERS
book-chapter-24-25,322,Dr. Manoj Singh,Faculty of Science,Sustainable Forest Resource Management: Issues & Implications,Ecosystem Services of Agroforestry,,,National,2024,978-177-491-7060,Kalinga University,CRC Press
book-chapter-24-25,323,Dr. Ajay Kumar Harit,Faculty of Science,Pollution and climate: strategies for a sustainable future,"The Impact of Climate Change on Endangered Species: Vulnerabilities, Adaptations and Conservation Strategies",,,National,2024,978-81-980575-8-7,Kalinga University,GeNiC BOOKS PUBLISHERS PVT. LTD. AGRA
book-chapter-24-25,324,Dr. Ajay Kumar Harit,Faculty of Science,Pollution and climate: strategies for a sustainable future,Microplastics: A Hidden Threat to Human Life,,,National,2024,978-81-980575-8-7,Kalinga University,GeNiC BOOKS PUBLISHERS PVT. LTD. AGRA
book-chapter-24-25,325,Dr. Ajay Kumar Harit,Faculty of Science,Pollution and climate: strategies for a sustainable future,"Green Chemistry: Sustainable Practices to Reduce
 Pollution",,,National,2024,978-81-980575-8-7,Kalinga University,GeNiC BOOKS PUBLISHERS PVT. LTD. AGRA
book-chapter-24-25,326,Ms. Meenakshi Rani Agarwal,Faculty of law,Safe space: Preventing sexual harassment of men in the workplace,,,,National,2024,978-93-6847-351-0,Kalinga University,Avani Publication Private Limited
book-chapter-24-25,327,Mr. Soumyadeep Chakrabarti,Faculty of law,Safe space: Preventing sexual harassment of men in the workplace,,,,National,2024,978-93-6847-351-0,Kalinga University,Avani Publication Private Limited
book-chapter-24-25,328,Mrs. Tuhina Choubey,Faculty of Science,Screening the News The Convergence of TV Journalism and Electronic Media,,,,National,2024,978-93-6847-451-7,Kalinga University,Avani Publication Private Limited
book-chapter-24-25,329,Dr. Yogesh Vaishnaw,Faculty of Science,Screening the News The Convergence of TV Journalism and Electronic Media,,,,National,2024,978-93-6847-451-7,Kalinga University,Avani Publication Private Limited
book-chapter-24-25,330,Ms. Shivangi Makade,Faculty of Commerce & Management,Strategic Finance and General Management Integrating Fiscal Control with Leadership Excellence,,,,National,2024,978-93-6847-943-7,Kalinga University,Avani Publication Private Limited
book-chapter-24-25,331,Mr. Shubham Singh Chandel,Faculty of Commerce & Management,Strategic Finance and General Management Integrating Fiscal Control with Leadership Excellence,,,,National,2024,978-93-6847-943-7,Kalinga University,Avani Publication Private Limited
book-chapter-24-25,332,Mrs. Nishtha Sharma,Faculty of Commerce & Management,Strategic HRM Aligning Human Resources with Business Goals,,,,National,2024,978-93-6847-723-5,Kalinga University,Avani Publication Private Limited
book-chapter-24-25,333,Ms. Urvija Khatri,Faculty of Commerce & Management,Strategic HRM Aligning Human Resources with Business Goals,,,,National,2024,978-93-6847-723-5,Kalinga University,Avani Publication Private Limited
book-chapter-24-25,334,Mrs. Neetu Singh,Faculty of Education,The Art of Movement Exploring Physical Education Through Yoga,,,,National,2024,978-93-6847-169-1,Kalinga University,Avani Publication Private Limited
book-chapter-24-25,335,Dr. Kalidoss,Faculty of Education,The Art of Movement Exploring Physical Education Through Yoga,,,,National,2024,978-93-6847-169-1,Kalinga University,Avani Publication Private Limited
book-chapter-24-25,336,Dr. Papri Mukhopadhya,Faculty of Arts & Humanities,"The Fabric of Gender Identity, Society, and Change",,,,National,2024,978-93-6847-719-8,Kalinga University,Avani Publication Private Limited
book-chapter-24-25,337,Dr. A. Vijayanand,Faculty of Arts & Humanities,"The Fabric of Gender Identity, Society, and Change",,,,National,2024,978-93-6847-719-8,Kalinga University,Avani Publication Private Limited
book-chapter-24-25,338,Mr. A.K Kaul,Faculty of Arts & Humanities,"The Fabric of Gender Identity, Society, and Power",,,,National,2024,978-93-6847-387-9,Kalinga University,Avani Publication Private Limited
book-chapter-24-25,339,Dr. Manoj Mathew,Faculty of Arts & Humanities,"The Fabric of Gender Identity, Society, and Power",,,,National,2024,978-93-6847-387-9,Kalinga University,Avani Publication Private Limited
book-chapter-24-25,340,Mr. A.K Kaul,Faculty of Arts & Humanities,The Written World of Korea A Journey Through its Literature,,,,National,2024,978-93-6847-025-0,Kalinga University,Avani Publication Private Limited
book-chapter-24-25,341,Dr. Shilpi Bhattacharya,Faculty of Arts & Humanities,The Written World of Korea A Journey Through its Literature,,,,National,2024,978-93-6847-025-0,Kalinga University,Avani Publication Private Limited
book-chapter-24-25,342,Mr. Shailesh Singh Thakur,Faculty of Technology,Thermal Engineering for Sustainable Development,,,,National,2024,978-93-6847-499-9,Kalinga University,Avani Publication Private Limited
book-chapter-24-25,343,Dr. Vinay Chandra Jha,Faculty of Technology,Thermal Engineering for Sustainable Development,,,,National,2024,978-93-6847-499-9,Kalinga University,Avani Publication Private Limited
book-chapter-24-25,344,Mrs. Harsha Sharma,Faculty of Education,Understanding Teacher Education through the Lens of Educational Sociology,,,,National,2024,978-93-6847-919-2,Kalinga University,Avani Publication Private Limited
book-chapter-24-25,345,Mr. Gulsan Kumar Behera,Faculty of Education,Understanding Teacher Education through the Lens of Educational Sociology,,,,National,2024,978-93-6847-919-2,Kalinga University,Avani Publication Private Limited
book-chapter-24-25,346,Dr. Hari Shankar Kumar,Faculty of arts & humanities,Understanding Tribal Land through Remote Sensing and GIS,,,,National,2024,978-93-6847-688-7,Kalinga University,Avani Publication Private Limited
book-chapter-24-25,347,Dr. A Rajshekhar,Faculty of arts & humanities,Understanding Tribal Land through Remote Sensing and GIS,,,,National,2024,978-93-6847-688-7,Kalinga University,Avani Publication Private Limited
book-chapter-24-25,348,Ms. Shruti Singh,Faculty of arts & humanities,Voices of Change Navigating Feminist Discourse in the Modern Era,,,,National,2024,978-93-6847-248-3,Kalinga University,Avani Publication Private Limited
book-chapter-24-25,349,Dr. Anita Samal,Faculty of arts & humanities,Voices of Change Navigating Feminist Discourse in the Modern Era,,,,National,2024,978-93-6847-248-3,Kalinga University,Avani Publication Private Limited
book-chapter-24-25,350,डॉ.अजय कुमार शुक्ल,Faculty of arts & humanities,चिन्हारी के गोंठ,,,,National,2024,978-81-976678-5-5,Kalinga University,समग्र सीएस पब्लिकेशन हाऊस
book-chapter-24-25,351,ले.विभा,Faculty of arts & humanities,चिन्हारी के गोंठ,,,,National,2024,978-81-976678-5-5,Kalinga University,समग्र सीएस पब्लिकेशन हाऊस
book-chapter-24-25,352,Dr Esha Chatterjee,Faculty of arts & humanities,Sustainability and Gender Dynamics,Household Resource Management Roles Among Working and Non-Working Women in Kolkata,,,National,2024,978-81-97287-8-5,Kalinga University,Singh Publication
book-chapter-24-25,353,Ms Deepshikha Patel,Faculty of Commerce & Management,Banking and Insurance: A Comprehensive Guide,,,,National,2024,978-93626-39-86-8,Kalinga University,One Point Six Technologies Pvt. Ltd
book-chapter-24-25,354,Dr Chandra Bhooshan Singh,Faculty of Commerce & Management,Taxation and GST in India,,,,National,2024,978-93626-37-10-9,Kalinga University,One Point Six Technologies Pvt. Ltd
book-chapter-24-25,355,Dr Shraddha Verma,Faculty of Education,Learning Styles in The Social Media Era,Impact of Social Media on Learning Habits,,,National,2024,978-1-300-87756-1,yes,Redshine international publication
book-chapter-24-25,356,Mrs. Saloni Tyagi Shrisvastava,Faculty of law,Invisible Batteles: Confronting the New Forms of Rape,,,,National,2024,978-93-5857-582-8,Yes,Nitya Publications
book-chapter-24-25,357,Ms. Ekta Chandrakar,Faculty of law,Invisible Batteles: Confronting the New Forms of Rape,,,,National,2024,978-93-5857-582-8,Yes,Nitya Publications
book-chapter-24-25,358,Ms. Paluck Sharma,Faculty of law,Invisible Batteles: Confronting the New Forms of Rape,,,,National,2024,978-93-5857-582-8,Yes,Nitya Publications
book-chapter-24-25,359,Ms. Darshi Sharma,Faculty of law,Invisible Batteles: Confronting the New Forms of Rape,,,,National,2024,978-93-5857-582-8,Yes,Nitya Publications
book-chapter-24-25,360,Ms. Ekta Chandrakar,Faculty of law,International law and Policy,"The Protection of Women's Human Rights Through The International Instrument of CEDAW, 1979",,,National,2024,978-81-19119-92-9,Yes,Satyam Law International
book-chapter-24-25,361,Dr. Anivilla Shrikant,Faculty of Commerce & Management,Fundamentals of Financial Management,,,,National,2024,978-93-6847-630-6,Kalinga University,Avani Publication Private Limited
book-chapter-24-25,362,Ms. Alpana Sharma,Faculty of Commerce & Management,Fundamentals of Financial Management,,,,National,2024,978-93-6847-630-6,Kalinga University,Avani Publication Private Limited
book-chapter-24-25,363,Dr. Tejaswini Pradhan,Faculty of Science,Fundamentals of fourier analysis,,,,National,2024,978-93-6847-955-0,Kalinga University,Avani Publication Private Limited
book-chapter-24-25,364,Mr. Nigama Prasan Sahoo,Faculty of Science,Fundamentals of fourier analysis,,,,National,2024,978-93-6847-955-0,Kalinga University,Avani Publication Private Limited
book-chapter-24-25,365,Dr. Anita samal,Faculty of arts & humanities,Future of Political Thought: Global Trends and Indian Perspectives,,,,National,2024,978-93-6847-974-1,Kalinga University,Avani Publication Private Limited
book-chapter-24-25,366,Ms. Shruti singh,Faculty of arts & humanities,Future of Political Thought: Global Trends and Indian Perspectives,,,,National,2024,978-93-6847-974-1,Kalinga University,Avani Publication Private Limited
book-chapter-24-25,367,Dr. Shivli Shrivastava,Faculty of arts & humanities,Gender equality in law: principles and challenges,,,,National,2024,978-93-6847-028-1,Kalinga University,Avani Publication Private Limited
book-chapter-24-25,368,Ms. Surbhi Agrawal,Faculty of arts & humanities,Gender equality in law: principles and challenges,,,,National,2024,978-93-6847-028-1,Kalinga University,Avani Publication Private Limited
book-chapter-24-25,369,Dr. Shraddha Verma,Faculty of Education,Innovative Educational Technology and Psychology,,,,National,2024,978-93-6847-383-1,Kalinga University,Avani Publication Private Limited
book-chapter-24-25,370,Dr. Saroj Nayyar,Faculty of Education,Innovative Educational Technology and Psychology,,,,National,2024,978-93-6847-383-1,Kalinga University,Avani Publication Private Limited
book-chapter-24-25,371,Ms. Mariyam Ahmed,Faculty of Commerce & Management,Innovative Recruitment Techniques for the Modern Workplace,,,,National,2024,978-93-6847-666-5,Kalinga University,Avani Publication Private Limited
book-chapter-24-25,372,Dr. Shinki Katyayani Pandey,Faculty of Commerce & Management,Innovative Recruitment Techniques for the Modern Workplace,,,,National,2024,978-93-6847-666-5,Kalinga University,Avani Publication Private Limited
book-chapter-24-25,373,Dr. Kalidoss,Faculty of Education,Integrating physical education and yoga: theory and practice,,,,National,2024,978-93-6847-886-7,Kalinga University,Avani Publication Private Limited
book-chapter-24-25,374,Dr. Sanjeev kumar yadav,Faculty of Education,Integrating physical education and yoga: theory and practice,,,,National,2024,978-93-6847-886-7,Kalinga University,Avani Publication Private Limited
book-chapter-24-25,375,Mr. Aayush Gondale,Faculty of law,Intellectual Property Rights & AI: Ethical Considerations and Future Directions,,,,National,2024,978-93-6847-388-6,Kalinga University,Avani Publication Private Limited
book-chapter-24-25,376,Mrs. Darshi Sharma,Faculty of law,Intellectual Property Rights & AI: Ethical Considerations and Future Directions,,,,National,2024,978-93-6847-388-6,Kalinga University,Avani Publication Private Limited
book-chapter-24-25,377,Ms. Surbhi Agrawal,Faculty of law,Intellectual Property Rights & AI Legal Framework and Challenges,,,,National,2024,978-93-6847-384-8,Kalinga University,Avani Publication Private Limited
book-chapter-24-25,378,Mr. Ranjan Kumar Ray,Faculty of law,Intellectual Property Rights & AI Legal Framework and Challenges,,,,National,2024,978-93-6847-384-8,Kalinga University,Avani Publication Private Limited
book-chapter-24-25,379,Mr. Rakshak Bharti,Faculty of Commerce & Management,Investment Banking and Capital Markets,,,,National,2024,978-93-6847-346-6,Kalinga University,Avani Publication Private Limited
book-chapter-24-25,380,Dr. Deepti Patnaik,Faculty of Commerce & Management,Investment Banking and Capital Markets,,,,National,2024,978-93-6847-346-6,Kalinga University,Avani Publication Private Limited
book-chapter-24-25,381,Ms. Akanksha choudhary,Faculty of law,Legal harmony: the vision and challenges of a uniform civil code,,,,National,2024,978-93-6847-672-6,Kalinga University,Avani Publication Private Limited
book-chapter-24-25,382,Mr. Aayush gondale,Faculty of law,Legal harmony: the vision and challenges of a uniform civil code,,,,National,2024,978-93-6847-672-6,Kalinga University,Avani Publication Private Limited
book-chapter-24-25,383,Ms. Paluck sharma,Faculty of law,Marital rape in law: a comprehensive legal framework an Indian perspective,,,,National,2024,978-93-6847-123-3,Kalinga University,Avani Publication Private Limited
book-chapter-24-25,384,Ms. Ekta chandrakar,Faculty of law,Marital rape in law: a comprehensive legal framework an Indian perspective,,,,National,2024,978-93-6847-123-3,Kalinga University,Avani Publication Private Limited
book-chapter-24-25,385,Mr. Tushar ranjan barik,Faculty of Commerce & Management,Mastering the Fundamentals of Finance and Taxation,,,,National,2024,978-93-6847-071-7,Kalinga University,Avani Publication Private Limited
book-chapter-24-25,386,Ms. Deepshikha patel,Faculty of Commerce & Management,Mastering the Fundamentals of Finance and Taxation,,,,National,2024,978-93-6847-071-7,Kalinga University,Avani Publication Private Limited
book-chapter-24-25,387,Dr. Deepti patnaik,Faculty of Commerce & Management,Mastering the Market: A Comprehensive Guide to Stock Investing and Entrepreneurship,,,,National,2024,978-93-6847-540-8,Kalinga University,Avani Publication Private Limited
book-chapter-24-25,388,Mr. Rakshak bharti,Faculty of Commerce & Management,Mastering the Market: A Comprehensive Guide to Stock Investing and Entrepreneurship,,,,National,2024,978-93-6847-540-8,Kalinga University,Avani Publication Private Limited
book-chapter-24-25,389,Dr. Praveen kumar yadaw,Faculty of Technology,Material science and biomedical instrumentation,,,,National,2024,978-93-6847-087-8,Kalinga University,Avani Publication Private Limited
book-chapter-24-25,390,Ms. Soma rajwade,Faculty of Technology,Material science and biomedical instrumentation,,,,National,2024,978-93-6847-087-8,Kalinga University,Avani Publication Private Limited
book-chapter-24-25,391,Dr. Sanjeev kumar yadav,Faculty of Education,Mindful Movement: The Role of Psychology in Physical Education,,,,National,2024,978-93-6847-493-7,Kalinga University,Avani Publication Private Limited
book-chapter-24-25,392,Mrs. Neetu singh,Faculty of Education,Mindful Movement: The Role of Psychology in Physical Education,,,,National,2024,978-93-6847-493-7,Kalinga University,Avani Publication Private Limited
book-chapter-24-25,393,Dr. A. Vijayanand,Faculty of arts & humanities,Mirth and Folly: Comic Characters in Shakespeare's Plays,,,,National,2024,978-93-6847-292-6,Kalinga University,Avani Publication Private Limited
book-chapter-24-25,394,Dr. Papri mukhopadhyay,Faculty of arts & humanities,Mirth and Folly: Comic Characters in Shakespeare's Plays,,,,National,2024,978-93-6847-292-6,Kalinga University,Avani Publication Private Limited
book-chapter-24-25,395,Mr. Chandra kumar sahu,Faculty of Technology,"Modern electric machines: concepts, dynamics, and innovations",,,,National,2024,978-93-6847-526-2,Kalinga University,Avani Publication Private Limited
book-chapter-24-25,396,Dr. Shailesh Deshmukh,Faculty of Technology,"Modern electric machines: concepts, dynamics, and innovations",,,,National,2024,978-93-6847-526-2,Kalinga University,Avani Publication Private Limited
book-chapter-24-25,397,Dr. Rupali bharti sao,Faculty of Pharmacy,Modern essentials of pharmacy practice,,,,National,2024,978-93-6847-030-4,Kalinga University,Avani Publication Private Limited
book-chapter-24-25,398,Ms. Khushboo gupta,Faculty of Pharmacy,Modern essentials of pharmacy practice,,,,National,2024,978-93-6847-030-4,Kalinga University,Avani Publication Private Limited
book-chapter-24-25,399,Dr. Preeti pandey,Faculty of Science,Nanoparticle Interactions: An Electrochemical Perspective,,,,National,2024,978-93-6847-110-3,Kalinga University,Avani Publication Private Limited
book-chapter-24-25,400,Mrs. Sarvaree bano,Faculty of Science,Nanoparticle Interactions: An Electrochemical Perspective,,,,National,2024,978-93-6847-110-3,Kalinga University,Avani Publication Private Limited
book-chapter-24-25,401,Dr. A. Rajshekhar,Faculty of Arts & Humanities,Remote Sensing & GIS,,,,National,2024,978-93-6847-062-5,Kalinga University,Avani Publication Private Limited
book-chapter-24-25,402,Dr. Hari shankar kumar,Faculty of Arts & Humanities,Remote Sensing & GIS,,,,National,2024,978-93-6847-062-5,Kalinga University,Avani Publication Private Limited
book-chapter-24-25,403,Mrs. Tuhina choubey,Faculty of Arts & Humanities,Screening the news: the convergence of TV journalism and electronic media,,,,National,2024,978-93-6847-451-7,Kalinga University,Avani Publication Private Limited
book-chapter-24-25,404,Dr. Yogesh vaishnaw,Faculty of Arts & Humanities,Screening the news: the convergence of TV journalism and electronic media,,,,National,2024,978-93-6847-451-7,Kalinga University,Avani Publication Private Limited
book-chapter-24-25,405,Ms. Shivangi makade,Faculty of Commerce & Management,Strategic finance and general management: integrating fiscal control with leadership excellence,,,,National,2024,978-93-6847-943-7,Kalinga University,Avani Publication Private Limited
book-chapter-24-25,406,Mr. Shubham singh chandel,Faculty of Commerce & Management,Strategic finance and general management: integrating fiscal control with leadership excellence,,,,National,2024,978-93-6847-943-7,Kalinga University,Avani Publication Private Limited
book-chapter-24-25,407,Mrs. Nishtha sharma,Faculty of Commerce & Management,Strategic hrm: aligning human resources with business goals,,,,National,2024,978-93-6847-723-5,Kalinga University,Avani Publication Private Limited
book-chapter-24-25,408,Ms. Urvija khatri,Faculty of Commerce & Management,Strategic hrm: aligning human resources with business goals,,,,National,2024,978-93-6847-723-5,Kalinga University,Avani Publication Private Limited
book-chapter-24-25,409,Mrs. Neetu singh,Faculty of Education,The art of movement: exploring physical education through yoga,,,,National,2024,978-93-6847-169-1,Kalinga University,Avani Publication Private Limited
book-chapter-24-25,410,Dr. Kalidoss,Faculty of Education,The art of movement: exploring physical education through yoga,,,,National,2024,978-93-6847-169-1,Kalinga University,Avani Publication Private Limited
book-chapter-24-25,411,Dr. Papri mukhopadhyay,Faculty of Arts & Humanities,"The Fabric of Gender: Identity, Society, and Change",,,,National,2024,978-93-6847-719-8,Kalinga University,Avani Publication Private Limited
book-chapter-24-25,412,Dr. A. Vijayanand,Faculty of Arts & Humanities,"The Fabric of Gender: Identity, Society, and Change",,,,National,2024,978-93-6847-719-8,Kalinga University,Avani Publication Private Limited
book-chapter-24-25,413,Mr. A.k kaul,Faculty of Arts & Humanities,"The fabric of gender: society, identity, and power",,,,National,2024,978-93-6847-387-9,Kalinga University,Avani Publication Private Limited
book-chapter-24-25,414,Dr. Manoj mathew p,Faculty of Arts & Humanities,"The fabric of gender: society, identity, and power",,,,National,2024,978-93-6847-387-9,Kalinga University,Avani Publication Private Limited
book-chapter-24-25,415,Ms. Sonal singh,Faculty of Arts & Humanities,The written world of korea: a journey through its literature,,,,National,2024,978-93-6847-025-0,Kalinga University,Avani Publication Private Limited
book-chapter-24-25,416,Dr. Shilpi bhattacharya,Faculty of Arts & Humanities,The written world of korea: a journey through its literature,,,,National,2024,978-93-6847-025-0,Kalinga University,Avani Publication Private Limited
book-chapter-24-25,417,Ms. Shruti singh,Faculty of Arts & Humanities,Voices of change: navigating feminist discourse in the modern era,,,,National,2024,978-93-6847-248-3,Kalinga University,Avani Publication Private Limited
book-chapter-24-25,418,Dr. Anita samal,Faculty of Arts & Humanities,Voices of change: navigating feminist discourse in the modern era,,,,National,2024,978-93-6847-248-3,Kalinga University,Avani Publication Private Limited
book-chapter-24-25,419,Dr. Smita premanand,Faculty of Science,Weaving Innovation: Modernizing Traditional Handloom Textiles,,,,National,2024,978-93-6847-606-1,Kalinga University,Avani Publication Private Limited
book-chapter-24-25,420,Ms. Pooja chandravanshi,Faculty of Science,Weaving Innovation: Modernizing Traditional Handloom Textiles,,,,National,2024,978-93-6847-606-1,Kalinga University,Avani Publication Private Limited
book-chapter-24-25,421,Mrs. Saloni Tyagi,Faculty of law,Foundations of constitutional law: principles and practice,,,,National,2024,978-93-6847-714-3,Kalinga University,Avani Publication Private Limited
book-chapter-24-25,422,Ms.Harleen Kaur,Faculty of law,Foundations of constitutional law: principles and practice,,,,National,2024,978-93-6847-714-3,Kalinga University,Avani Publication Private Limited
book-chapter-24-25,423,Dr.Saroj Nayyar,Faculty of Education,Educational technology and innovation & educational psychology,,,,National,2024,978-93-6847-413-5,Kalinga University,Avani Publication Private Limited
book-chapter-24-25,424,Mrs. Harsha Sharma,Faculty of Education,Educational technology and innovation & educational psychology,,,,National,2024,978-93-6847-413-5,Kalinga University,Avani Publication Private Limited
book-chapter-24-25,425,Mr. Gulsan kumar behera,Faculty of Education,Educational technology in teacher education: innovations for effective learning,,,,National,2024,978-93-6847-464-7,Kalinga University,Avani Publication Private Limited
book-chapter-24-25,426,Dr. Lubhawani Tripathi,Faculty of Education,Educational technology in teacher education: innovations for effective learning,,,,National,2024,978-93-6847-464-7,Kalinga University,Avani Publication Private Limited
book-chapter-24-25,427,Mr. Pranjul Shrivastava,Faculty of Pharmacy,Advanced Pharmaceutics: Theory and Applications,,,,National,2024,978-93-6847-316-9,Kalinga University,Avani Publication Private Limited
book-chapter-24-25,428,Ms. Khushboo Gupta,Faculty of Pharmacy,Essentials of Pharmaceutical Analysis for Drug Development,,,,National,2024,978-93-6847-918-5,Kalinga University,Avani Publication Private Limited
book-chapter-24-25,429,Dr. Rupali bharti sao,Faculty of Pharmacy,Essentials of Pharmaceutical Analysis for Drug Development,,,,National,2024,978-93-6847-918-5,Kalinga University,Avani Publication Private Limited
book-chapter-24-25,430,Ms. Rashmi Sinha,Faculty of Pharmacy,Pharmaceutical Technologies in Practice,,,,National,2024,978-93-6847-436-4,Kalinga University,Avani Publication Private Limited
book-chapter-24-25,431,Ms. Prerana Sahu,Faculty of Pharmacy,Pharmaceutical Technologies in Practice,,,,National,2024,978-93-6847-436-4,Kalinga University,Avani Publication Private Limited
book-chapter-24-25,432,Mr. Naimish Nanda,Faculty of Pharmacy,Clinical Aspects of Drug Development,,,,National,2024,978-93-6847-395-4,Kalinga University,Avani Publication Private Limited
book-chapter-24-25,433,Ms. Rashmi Sinha,Faculty of Pharmacy,Clinical Aspects of Drug Development,,,,National,2024,978-93-6847-395-4,Kalinga University,Avani Publication Private Limited
book-chapter-24-25,434,Mr. Smruti Ranjan Dash,Faculty of Pharmacy,Advanced Therapeutics in Pharmacology,,,,National,2024,978-93-6847-213-1,Kalinga University,Avani Publication Private Limited
book-chapter-24-25,435,Mr. Mrutyunjaya Bhanja,Faculty of Pharmacy,Advanced Therapeutics in Pharmacology,,,,National,2024,978-93-6847-213-1,Kalinga University,Avani Publication Private Limited
book-chapter-24-25,436,Mr. Mrutyunjaya Bhanja,Faculty of Pharmacy,Essentials of Clinical Pharmacology,,,,National,2024,978-93-6847-158-1,Kalinga University,Avani Publication Private Limited
book-chapter-24-25,437,Mr. Smruti Ranjan Dash,Faculty of Pharmacy,Essentials of Clinical Pharmacology,,,,National,2024,978-93-6847-158-1,Kalinga University,Avani Publication Private Limited
book-chapter-24-25,438,Ms. Rashmi Pandey,Faculty of Pharmacy,Advanced Pharmacodynamics and Drug Action,,,,National,2024,978-93-6847-863-8,Kalinga University,Avani Publication Private Limited
book-chapter-24-25,439,Mr. Pranjul Shrivastava,Faculty of Pharmacy,Advanced Pharmacodynamics and Drug Action,,,,National,2024,978-93-6847-863-8,Kalinga University,Avani Publication Private Limited
book-chapter-24-25,440,Ms. Prerana Sahu,Faculty of Pharmacy,Essentials of Drug Delivery Systems,,,,National,2024,978-93-6847-063-2,Kalinga University,Avani Publication Private Limited
book-chapter-24-25,441,Mr. Mrutyunjaya Bhanja,Faculty of Pharmacy,Essentials of Drug Delivery Systems,,,,National,2024,978-93-6847-063-2,Kalinga University,Avani Publication Private Limited
book-chapter-24-25,442,Dr. Yogesh vaishnaw,Faculty of Arts & Humanities,Broadcasting Voices: An In-Depth Guide to TV Journalism And Digital Media,,,,National,2024,978-93-6847-063-2,Kalinga University,Avani Publication Private Limited
book-chapter-24-25,443,Mrs. Tuhina Choubey,Faculty of Arts & Humanities,Broadcasting Voices: An In-Depth Guide to TV Journalism And Digital Media,,,,National,2024,978-93-6847-063-2,Kalinga University,Avani Publication Private Limited
book-chapter-24-25,444,Dr. Vinay Chandra Jha,Faculty of Technology,Fundamentals of Queuing Theory: An IN- Depth Guide,,,,National,2024,978-93-6847-807-2,Kalinga University,Avani Publication Private Limited
book-chapter-24-25,445,Mr. Shailesh Singh Thakur,Faculty of Technology,Fundamentals of Queuing Theory: An IN- Depth Guide,,,,National,2024,978-93-6847-807-2,Kalinga University,Avani Publication Private Limited
book-chapter-24-25,446,Mrs. Darshi Sharma,Faculty of law,"Fundamentals of Human Rights: Principles, Practices, and Global Challenges",,,,National,2024,978-93-6847-321-3,Kalinga University,Avani Publication Private Limited
book-chapter-24-25,447,Ms. Srishti Shrivastava,Faculty of law,"Fundamentals of Human Rights: Principles, Practices, and Global Challenges",,,,National,2024,978-93-6847-321-3,Kalinga University,Avani Publication Private Limited
book-chapter-24-25,448,Mr. Ranjan Kumar Ray,Faculty of law,Intellectual Property Rights In the Digital Era,,,,National,2024,978-93-6847-418-0,Kalinga University,Avani Publication Private Limited
book-chapter-24-25,449,Ms. Itishri Upadhyay,Faculty of law,Intellectual Property Rights In the Digital Era,,,,National,2024,978-93-6847-418-0,Kalinga University,Avani Publication Private Limited
book-chapter-24-25,450,Ms. Ekta Chandrakar,Faculty of law,Empowering Survivors: A Comprehensive Guide to Supporting Rape Victims,,,,National,2024,978-93-6847-133-2,Kalinga University,Avani Publication Private Limited
book-chapter-24-25,451,Ms. Paluck sharma,Faculty of law,Empowering Survivors: A Comprehensive Guide to Supporting Rape Victims,,,,National,2024,978-93-6847-133-2,Kalinga University,Avani Publication Private Limited
book-chapter-24-25,452,Ms. Harleen Kaur,Faculty of law,Advancing Gender Equality the Push For Neutral Legal Systems,,,,National,2024,978-93-6847-332-9,Kalinga University,Avani Publication Private Limited
book-chapter-24-25,453,Mrs. Saloni Tyagi,Faculty of law,Advancing Gender Equality the Push For Neutral Legal Systems,,,,National,2024,978-93-6847-332-9,Kalinga University,Avani Publication Private Limited
book-chapter-24-25,454,Ms. Shivangi Tripathi,Faculty of law,E-Waste Regulations And Compliance in India: Navigating The Legal Framework,,,,National,2024,978-93-6847-009-0,Kalinga University,Avani Publication Private Limited
book-chapter-24-25,455,Dr. Savyasanchi Pandey,Faculty of law,E-Waste Regulations And Compliance in India: Navigating The Legal Framework,,,,National,2024,978-93-6847-009-0,Kalinga University,Avani Publication Private Limited
book-chapter-24-25,456,Ms. Srishti Shrivastava,Faculty of law,Intellectual Property Rights: Fundamentals and Practices,,,,National,2024,978-93-6847-448-7,Kalinga University,Avani Publication Private Limited
book-chapter-24-25,457,Dr. Shivli Shrivastava,Faculty of law,Intellectual Property Rights: Fundamentals and Practices,,,,National,2024,978-93-6847-448-7,Kalinga University,Avani Publication Private Limited
book-chapter-24-25,458,Ms. Itishri Upadhyay,Faculty of law,Intellectual Property Law: Theory and Application,,,,National,2024,978-93-6847-170-7,Kalinga University,Avani Publication Private Limited
book-chapter-24-25,459,Mrs. Darshi Sharma,Faculty of law,Intellectual Property Law: Theory and Application,,,,National,2024,978-93-6847-170-7,Kalinga University,Avani Publication Private Limited
book-chapter-24-25,460,Dr. Dhananjay Jain,Faculty of Science,Fundamentals of Health Science: Understanding Human Health and Disease,,,,National,2024,978-93-6847-816-4,Kalinga University,Avani Publication Private Limited
book-chapter-24-25,461,Dr. Rajesh Kumar Manik,Faculty of Science,Fundamentals of Health Science: Understanding Human Health and Disease,,,,National,2024,978-93-6847-816-4,Kalinga University,Avani Publication Private Limited
book-chapter-24-25,462,Ms. Urvashi Sharma,Faculty of Science,Clinical Applications of Medical Biology: Patient- Centered Approaches,,,,National,2024,978-93-6847-281-0,Kalinga University,Avani Publication Private Limited
book-chapter-24-25,463,Ms. Lipsa Dash,Faculty of Science,Clinical Applications of Medical Biology: Patient- Centered Approaches,,,,National,2024,978-93-6847-281-0,Kalinga University,Avani Publication Private Limited
book-chapter-24-25,464,Dr. Shilpi Shrivastava,Faculty of Science,"Fundamentals of Environmental Chemistry: Earth, Air, and Water",,,,National,2024,978-93-6847-712-9,Kalinga University,Avani Publication Private Limited
book-chapter-24-25,465,Dr. Preeti Pandey,Faculty of Science,"Fundamentals of Environmental Chemistry: Earth, Air, and Water",,,,National,2024,978-93-6847-712-9,Kalinga University,Avani Publication Private Limited
book-chapter-24-25,466,Mrs. Sarvaree bano,Faculty of Science,"Advancements in Nanoplate and Thermoelectric Fabrications: Materials, Methods, and Application",,,,National,2024,978-93-6847-745-7,Kalinga University,Avani Publication Private Limited
book-chapter-24-25,467,Ms. Priyanka Gupta,Faculty of Science,"Advancements in Nanoplate and Thermoelectric Fabrications: Materials, Methods, and Application",,,,National,2024,978-93-6847-745-7,Kalinga University,Avani Publication Private Limited
book-chapter-24-25,468,Mrs. Jharna Maiti,Faculty of Science,Biotechnology in Healthcare: Advances in Medical Applications and Therapeutics,,,,National,2024,978-93-6847-144-8,Kalinga University,Avani Publication Private Limited
book-chapter-24-25,469,Dr. Amit Joshi,Faculty of Science,Biotechnology in Healthcare: Advances in Medical Applications and Therapeutics,,,,National,2024,978-93-6847-144-8,Kalinga University,Avani Publication Private Limited
book-chapter-24-25,470,Ms. Laiba Arsi,Faculty of Science,Biodiversity in Microbial Ecosystems: Environmental Perspectives,,,,National,2024,978-93-6847-320-6,Kalinga University,Avani Publication Private Limited
book-chapter-24-25,471,Dr. Priyambada Singh,Faculty of Science,Biodiversity in Microbial Ecosystems: Environmental Perspectives,,,,National,2024,978-93-6847-320-6,Kalinga University,Avani Publication Private Limited
book-chapter-24-25,472,Ms. Soma rajwade,Faculty of Technology,Smart Electronics for Renewable Energy: Optimization and Control,,,,National,2024,978-93-6847-401-2,Kalinga University,Avani Publication Private Limited
book-chapter-24-25,473,Dr. Praveen kumar yadaw,Faculty of Technology,Smart Electronics for Renewable Energy: Optimization and Control,,,,National,2024,978-93-6847-401-2,Kalinga University,Avani Publication Private Limited
book-chapter-24-25,474,Mr. Satpal Panika,Faculty of Science,Fundamentals and Applications of Fractional Order Systems,,,,National,2024,978-93-6847-681-8,Kalinga University,Avani Publication Private Limited
book-chapter-24-25,475,Dr. Tejaswini Pradhan,Faculty of Science,Fundamentals and Applications of Fractional Order Systems,,,,National,2024,978-93-6847-681-8,Kalinga University,Avani Publication Private Limited
book-chapter-24-25,476,Ms. Deepshikha Patel,Faculty of Commerce & Management,Financial Technology And Innovation,,,,National,2024,978-93-6847-324-4,Kalinga University,Avani Publication Private Limited
book-chapter-24-25,477,Dr. Satvik Jain,Faculty of Commerce & Management,Financial Technology And Innovation,,,,National,2024,978-93-6847-324-4,Kalinga University,Avani Publication Private Limited
book-chapter-24-25,478,Dr. Chandra Bhooshan Singh,Faculty of Commerce & Management,Corporate Finance Strategies,,,,National,2024,987-93-6847-873-7,Kalinga University,Avani Publication Private Limited
book-chapter-24-25,479,Ms. Angel Mary Xess,Faculty of Commerce & Management,Corporate Finance Strategies,,,,National,2024,987-93-6847-873-7,Kalinga University,Avani Publication Private Limited
book-chapter-24-25,480,Mr. Shubham singh chandel,Faculty of Commerce & Management,Accounting and Finance: Fundamental Concepts and Modern Applications,,,,National,2024,978-93-6847-065-6,Kalinga University,Avani Publication Private Limited
book-chapter-24-25,481,Mr. Tushar Ranjan Barik,Faculty of Commerce & Management,Accounting and Finance: Fundamental Concepts and Modern Applications,,,,National,2024,978-93-6847-065-6,Kalinga University,Avani Publication Private Limited
book-chapter-24-25,482,Dr. Satvik Jain,Faculty of Commerce & Management,Diversity and Inclusion in HR Practices,,,,National,2024,978-93-6847-877-5,Kalinga University,Avani Publication Private Limited
book-chapter-24-25,483,Ms. Shivangi Makade,Faculty of Commerce & Management,Diversity and Inclusion in HR Practices,,,,National,2024,978-93-6847-877-5,Kalinga University,Avani Publication Private Limited
book-chapter-24-25,484,Ms. Soumya Pandey,Faculty of Technology,Advanced Topics in Geotechnical Engineering,,,,National,2024,978-93-6847-604-7,Kalinga University,Avani Publication Private Limited
book-chapter-24-25,485,Dr. E.V. Raghava Rao,Faculty of Technology,Advanced Topics in Geotechnical Engineering,,,,National,2024,978-93-6847-604-7,Kalinga University,Avani Publication Private Limited
book-chapter-24-25,486,Mr. Gaurav Tamrakar,Faculty of Technology,Advanced Mechanical Design: Theory and Practice,,,,National,2024,978-93-6847-969-7,Kalinga University,Avani Publication Private Limited
book-chapter-24-25,487,Mr. Swapnil Shukla,Faculty of Technology,Advanced Mechanical Design: Theory and Practice,,,,National,2024,978-93-6847-969-7,Kalinga University,Avani Publication Private Limited
book-chapter-24-25,488,Dr. Akshit Lamba,Faculty of Technology,Fundamentals of Structural Engineering,,,,National,2024,978-93-6847-593-4,Kalinga University,Avani Publication Private Limited
book-chapter-24-25,489,Mr. Ashutosh Pandey,Faculty of Technology,Fundamentals of Structural Engineering,,,,National,2024,978-93-6847-593-4,Kalinga University,Avani Publication Private Limited
book-chapter-24-25,490,Mr. Manish Nandy,Faculty of CS & IT,AI Innovations: Transforming Data Science,,,,National,2024,978-93-6847-872-0,Kalinga University,Avani Publication Private Limited
book-chapter-24-25,491,Mr. Debarghya Biswas,Faculty of CS & IT,AI Innovations: Transforming Data Science,,,,National,2024,978-93-6847-872-0,Kalinga University,Avani Publication Private Limited
book-chapter-24-25,492,Dr. Anupa Sinha,Faculty of CS & IT,Cloud & Blockchain: Powering Tomorrow,,,,National,2024,978-93-6847-932-1,Kalinga University,Avani Publication Private Limited
book-chapter-24-25,493,Mrs. Ashu Nayak,Faculty of CS & IT,Cloud & Blockchain: Powering Tomorrow,,,,National,2024,978-93-6847-932-1,Kalinga University,Avani Publication Private Limited
book-chapter-24-25,494,Ms. Aakansha Soy,Faculty of CS & IT,Smart Data: Ai And Cloud Unleashed,,,,National,2024,978-93-6847-440-1,Kalinga University,Avani Publication Private Limited
book-chapter-24-25,495,Mr. Omprakash Dewangan,Faculty of CS & IT,Smart Data: Ai And Cloud Unleashed,,,,National,2024,978-93-6847-440-1,Kalinga University,Avani Publication Private Limited
book-chapter-24-25,496,Ms. Preeti Mishra,Faculty of Science,Evolution of Pedagogical Aspects in Architecture Design Studio,,,,National,2024,978-93-6847-817-1,Kalinga University,Avani Publication Private Limited
book-chapter-24-25,497,Mrs. Dewashree Misra,Faculty of Science,Evolution of Pedagogical Aspects in Architecture Design Studio,,,,National,2024,978-93-6847-817-1,Kalinga University,Avani Publication Private Limited
book-chapter-24-25,498,Mrs. Ashu Nayak,Faculty of CS & IT,IOT Revolution: Automating the Future,,,,National,2024,978-93-6847-733-4,Kalinga University,Avani Publication Private Limited
book-chapter-24-25,499,Ms. Aakansha Soy,Faculty of CS & IT,IOT Revolution: Automating the Future,,,,National,2024,978-93-6847-733-4,Kalinga University,Avani Publication Private Limited
book-chapter-24-25,500,Ms. Priyanka Gupta,Faculty of Science,Chemical Interactions: Environmental Impact and Sustainability,,,,National,2024,978-93-6847-597-2,Kalinga University,Avani Publication Private Limited
book-chapter-24-25,501,Dr. Shilpi Shrivastava,Faculty of Science,Chemical Interactions: Environmental Impact and Sustainability,,,,National,2024,978-93-6847-597-2,Kalinga University,Avani Publication Private Limited
book-chapter-24-25,502,Mrs. Dewashree Misra,Faculty of Science,Sustainable Design Using Local Construction Practices,,,,National,2024,978-93-6847-833-1,Kalinga University,Avani Publication Private Limited
book-chapter-24-25,503,Ms. Preeti Mishra,Faculty of Science,Sustainable Design Using Local Construction Practices,,,,National,2024,978-93-6847-833-1,Kalinga University,Avani Publication Private Limited
book-chapter-24-25,504,Dr. Shilpi Bhattacharya,Faculty of Arts & Humanities,Beyond Pink And Blue: Exploring Gender Roles in Children's Literature,,,,National,2024,978-93-6847-953-6,Kalinga University,Avani Publication Private Limited
book-chapter-24-25,505,Ms. Sonal singh,Faculty of Arts & Humanities,Beyond Pink And Blue: Exploring Gender Roles in Children's Literature,,,,National,2024,978-93-6847-953-6,Kalinga University,Avani Publication Private Limited
book-chapter-24-25,506,Dr. Manoj mathew p,Faculty of Arts & Humanities,Empowering Resilience: Social Work Practices With Vulnerable Populations,,,,National,2024,978-93-6847-684-9,Kalinga University,Avani Publication Private Limited
book-chapter-24-25,507,Mr. A. K Kaul,Faculty of Arts & Humanities,Empowering Resilience: Social Work Practices With Vulnerable Populations,,,,National,2024,978-93-6847-684-9,Kalinga University,Avani Publication Private Limited
book-chapter-24-25,508,Dr. Shinki Pandey,Faculty of Commerce & Management,Banking on Innovation: Entrepreneurship and Financial Strategies For Success,,,,National,2024,978-93-6847-945-1,Kalinga University,Avani Publication Private Limited
book-chapter-24-25,509,Dr. Anivilla Shrikant,Faculty of Commerce & Management,Banking on Innovation: Entrepreneurship and Financial Strategies For Success,,,,National,2024,978-93-6847-945-1,Kalinga University,Avani Publication Private Limited
book-chapter-24-25,510,Ms. Anjali Sharma,Faculty of Science,Application of Lotus Fiber High Performance Textile,,,,National,2024,978-93-6847-240-7,Kalinga University,Avani Publication Private Limited
book-chapter-24-25,511,Dr. Mahima Nand,Faculty of Science,Application of Lotus Fiber High Performance Textile,,,,National,2024,978-93-6847-240-7,Kalinga University,Avani Publication Private Limited
book-chapter-24-25,512,Dr. Amit Joshi,Faculty of Science,Frontiers in Biotechnology: Innovative Applications and Future Prospects,,,,National,2024,978-93-6847-694-8,Kalinga University,Avani Publication Private Limited
book-chapter-24-25,513,Mrs. Jharna Maiti,Faculty of Science,Frontiers in Biotechnology: Innovative Applications and Future Prospects,,,,National,2024,978-93-6847-694-8,Kalinga University,Avani Publication Private Limited
book-chapter-24-25,514,Ms. Angel Mary Xess,Faculty of Commerce & Management,Applied Financial Economics: An Integrated Approach,,,,National,2024,978-93-6847-495-1,Kalinga University,Avani Publication Private Limited
book-chapter-24-25,515,Dr. Chandra Bhooshan Singh,Faculty of Commerce & Management,Applied Financial Economics: An Integrated Approach,,,,National,2024,978-93-6847-495-1,Kalinga University,Avani Publication Private Limited
book-chapter-24-25,516,Dr. E.V. Raghava Rao,Faculty of Technology,Fundamentals of Geotechnical Engineering,,,,National,2024,978-93-6847-127-1,Kalinga University,Avani Publication Private Limited
book-chapter-24-25,517,Ms. Soumya Pandey,Faculty of Technology,Fundamentals of Geotechnical Engineering,,,,National,2024,978-93-6847-127-1,Kalinga University,Avani Publication Private Limited
book-chapter-24-25,518,Dr. Shailesh Deshmukh,Faculty of Technology,Electric Vehicle and Microgrid,,,,National,2024,978-93-6847-563-7,Kalinga University,Avani Publication Private Limited
book-chapter-24-25,519,Mr. Chandra Kumar Sahu,Faculty of Technology,Electric Vehicle and Microgrid,,,,National,2024,978-93-6847-563-7,Kalinga University,Avani Publication Private Limited
book-chapter-24-25,520,Dr. Manoj Kumar Nigam,Faculty of Technology,Smart Power Systems: Drives and Microgrids,,,,National,2024,978-93-6847-409-8,Kalinga University,Avani Publication Private Limited
book-chapter-24-25,521,Mr. Akash ingle,Faculty of Technology,Smart Power Systems: Drives and Microgrids,,,,National,2024,978-93-6847-409-8,Kalinga University,Avani Publication Private Limited
book-chapter-24-25,522,Ms. Lipsa Dash,Faculty of Science,Essentials of Medical Biology: Cellular and Molecular Perspectives,,,,National,2024,978-93-6847-827-0,Kalinga University,Avani Publication Private Limited
book-chapter-24-25,523,Ms. Urvashi Sharma,Faculty of Science,Essentials of Medical Biology: Cellular and Molecular Perspectives,,,,National,2024,978-93-6847-827-0,Kalinga University,Avani Publication Private Limited
book-chapter-24-25,524,Ms. Chandni Sawlani,Faculty of CS & IT,Cyber Security Unlocked: Cryptography and Blockchain Essentials,,,,National,2024,978-93-6847-679-5,Kalinga University,Avani Publication Private Limited
book-chapter-24-25,525,Mr. Manish Nandy,Faculty of CS & IT,Cyber Security Unlocked: Cryptography and Blockchain Essentials,,,,National,2024,978-93-6847-679-5,Kalinga University,Avani Publication Private Limited
book-chapter-24-25,526,Mrs. Archana Nagwanshi,Faculty of Arts & Humanities,Equity and Rights: A Dialogue on Social Justice and Human Values,,,,National,2024,978-93-6847-617-1,Kalinga University,Avani Publication Private Limited
book-chapter-24-25,527,Dr. Manoj mathew p,Faculty of Arts & Humanities,Equity and Rights: A Dialogue on Social Justice and Human Values,,,,National,2024,978-93-6847-617-1,Kalinga University,Avani Publication Private Limited
book-chapter-24-25,528,Dr. Mahima Nand,Faculty of Science,Empowering Threads: Assessing Women's Wellbeing in Textile Industries,,,,National,2024,978-93-6847-915-1,Kalinga University,Avani Publication Private Limited
book-chapter-24-25,529,Ms. Anjali Sharma,Faculty of Science,Empowering Threads: Assessing Women's Wellbeing in Textile Industries,,,,National,2024,978-93-6847-915-1,Kalinga University,Avani Publication Private Limited
book-chapter-24-25,530,Dr. Priyambada Singh,Faculty of Science,The Science of Antimicrobial Agents: From Laboratory to Clinical Practice,,,,National,2024,978-93-6847-950-5,Kalinga University,Avani Publication Private Limited
book-chapter-24-25,531,Ms. Laiba Arsi,Faculty of Science,The Science of Antimicrobial Agents: From Laboratory to Clinical Practice,,,,National,2024,978-93-6847-950-5,Kalinga University,Avani Publication Private Limited
book-chapter-24-25,532,Dr. Vineeta Diwan,Faculty of Arts & Humanities,Beyond the Ruins: Historiography and The Myths of Post- War Literature,,,,National,2024,978-93-6847-985-7,Kalinga University,Avani Publication Private Limited
book-chapter-24-25,533,Dr. Shilpi Bhattacharya,Faculty of Arts & Humanities,Beyond the Ruins: Historiography and The Myths of Post- War Literature,,,,National,2024,978-93-6847-985-7,Kalinga University,Avani Publication Private Limited
book-chapter-24-25,534,Mr. Kamlesh Kumar Yadav,Faculty of CS & IT,Big Data Networking: Connecting Insights,,,,National,2024,978-93-6847-618-4,Kalinga University,Avani Publication Private Limited
book-chapter-24-25,535,Ms. Chandni Sawlani,Faculty of CS & IT,Big Data Networking: Connecting Insights,,,,National,2024,978-93-6847-618-4,Kalinga University,Avani Publication Private Limited
book-chapter-24-25,536,Ms. Urvija khatri,Faculty of Commerce & Management,Advanced Financial Analysis,,,,National,2024,978-93-6847-917-8,Kalinga University,Avani Publication Private Limited
book-chapter-24-25,537,Mrs. Nishtha Sharma,Faculty of Commerce & Management,Advanced Financial Analysis,,,,National,2024,978-93-6847-917-8,Kalinga University,Avani Publication Private Limited
book-chapter-24-25,538,Mr. Debarghya Biswas,Faculty of CS & IT,Crypto & Cloud: Securing The Future,,,,National,2024,978-93-6847-097-7,Kalinga University,Avani Publication Private Limited
book-chapter-24-25,539,Mr. Kamlesh Kumar Yadav,Faculty of CS & IT,Crypto & Cloud: Securing The Future,,,,National,2024,978-93-6847-097-7,Kalinga University,Avani Publication Private Limited
book-chapter-24-25,540,Dr. Swati Agrawal,Faculty of Technology,Climate Change,,,,National,2024,978-93-6847-777-8,Kalinga University,Avani Publication Private Limited
book-chapter-24-25,541,Dr. Akshit Lamba,Faculty of Technology,Climate Change,,,,National,2024,978-93-6847-777-8,Kalinga University,Avani Publication Private Limited
book-chapter-24-25,542,Dr. Dhananjay Kumar Jain,Faculty of Science,The Neuroscience of Yoga and Meditation,,,,National,2024,978-93-6847-211-7,Kalinga University,Avani Publication Private Limited
book-chapter-24-25,543,Dr. Rajesh Kumar Manik,Faculty of Science,The Neuroscience of Yoga and Meditation,,,,National,2024,978-93-6847-211-7,Kalinga University,Avani Publication Private Limited
book-chapter-24-25,544,"Dr. Rajesh Kumar Manik
 Dr. Dhananjay Kumar Jain",Faculty of Science,The Psychology of Yoga for Stress Management,,,,National,2024,978-93-6847-808-9,Kalinga University,Avani Publication Private Limited
book-chapter-24-25,545,Dr. Rajesh Kumar Manik,Faculty of Science,Naturopathic Principles in Yoga Therapy,,,,National,2024,978-93-6847-659-7,Kalinga University,Avani Publication Private Limited
book-chapter-24-25,546,Dr. Dhananjay Kumar Jain,Faculty of Science,Naturopathic Principles in Yoga Therapy,,,,National,2024,978-93-6847-659-7,Kalinga University,Avani Publication Private Limited
book-chapter-24-25,547,Dr. Renu Tiwari,Faculty of Commerce & Management,Integrated Management Strategies in Modern Commerce,,,,National,2024,978-93-6847-909-3,Kalinga University,Avani Publication Private Limited
book-chapter-24-25,548,Dr. Anish Bhunia,Faculty of Commerce & Management,Integrated Management Strategies in Modern Commerce,,,,National,2024,978-93-6847-909-3,Kalinga University,Avani Publication Private Limited
book-chapter-24-25,549,Dr. Shubra Tiwari,Faculty of Commerce & Management,Integrated Management Strategies in Modern Commerce,,,,National,2024,978-93-6847-909-3,Kalinga University,Avani Publication Private Limited
book-chapter-24-25,550,Mr. Soumyadeep Chakrabarti,Faculty of law,Advanced Intellectual Property Rights: Global Perspectives,,,,National,2024,978-93-6847-908-6,Kalinga University,Avani Publication Private Limited
book-chapter-24-25,551,Ms. Akanksha Choudhary,Faculty of law,Advanced Intellectual Property Rights: Global Perspectives,,,,National,2024,978-93-6847-908-6,Kalinga University,Avani Publication Private Limited
book-chapter-24-25,552,Dr. Shraddha Verma,Faculty of Education,Foundations of Teacher Education and Educational Sociology: Bridging Theory and Practice,,,,National,2024,978-93-6847-335-0,Kalinga University,Avani Publication Private Limited
book-chapter-24-25,553,Dr. Lubhawani Tripathi,Faculty of Education,Foundations of Teacher Education and Educational Sociology: Bridging Theory and Practice,,,,National,2024,978-93-6847-335-0,Kalinga University,Avani Publication Private Limited
book-chapter-24-25,554,Ms. Srishti Shrivastava,Faculty of Law,Foundations and Practices of Intellectual Property Rights,,,,National,2024,978-93-6847-795-2,Kalinga University,Avani Publication Private Limited
book-chapter-24-25,555,Dr. Shivli Shrivastava,Faculty of Law,Foundations and Practices of Intellectual Property Rights,,,,National,2024,978-93-6847-795-2,Kalinga University,Avani Publication Private Limited
book-chapter-24-25,556,Ms. Ekta Chandrakar,Faculty of Law,Contemporary Legal Perspectives: Theory and Practice,Legal Protections for Rape Victims: An Analysis of Current Laws and Challenges,,,National,2024,978-93-6847-780-8,Kalinga University,Avani Publication Private Limited
book-chapter-24-25,557,Ms. Paluck sharma,Faculty of Law,Contemporary Legal Perspectives: Theory and Practice,Legal Protections for Rape Victims: An Analysis of Current Laws and Challenges,,,National,2024,978-93-6847-780-8,Kalinga University,Avani Publication Private Limited
book-chapter-24-25,558,Mrs. Darshi Sharma,Faculty of Law,Contemporary Legal Perspectives: Theory and Practice,Human Rights in Armed Conflicts: Legal Standards and Enforcement,,,National,2024,978-93-6847-780-8,Kalinga University,Avani Publication Private Limited
book-chapter-24-25,559,Ms. Srishti Shrivastava,Faculty of Law,Contemporary Legal Perspectives: Theory and Practice,Human Rights in Armed Conflicts: Legal Standards and Enforcement,,,National,2024,978-93-6847-780-8,Kalinga University,Avani Publication Private Limited
book-chapter-24-25,560,Ms. Paluck sharma,Faculty of Law,Contemporary Legal Perspectives: Theory and Practice,The Legal Status of Marital Rape: An Analysis of Global and National Laws,,,National,2024,978-93-6847-780-8,Kalinga University,Avani Publication Private Limited
book-chapter-24-25,561,Ms. Ekta Chandrakar,Faculty of Law,Contemporary Legal Perspectives: Theory and Practice,The Legal Status of Marital Rape: An Analysis of Global and National Laws,,,National,2024,978-93-6847-780-8,Kalinga University,Avani Publication Private Limited
book-chapter-24-25,562,Ms. Harleen Kaur,Faculty of Law,Contemporary Legal Perspectives: Theory and Practice,Advancing Quality: The Necessity of Gender-Neutral Legislation in Modern Legal Systems,,,National,2024,978-93-6847-780-8,Kalinga University,Avani Publication Private Limited
book-chapter-24-25,563,Mrs. Saloni Tyagi,Faculty of Law,Contemporary Legal Perspectives: Theory and Practice,Advancing Quality: The Necessity of Gender-Neutral Legislation in Modern Legal Systems,,,National,2024,978-93-6847-780-8,Kalinga University,Avani Publication Private Limited
book-chapter-24-25,564,Ms. Meenakshi Rani Agarwal,Faculty of Law,Contemporary Legal Perspectives: Theory and Practice,Redefining Workplace Protections: The Legal Framework for Preventing Sexual Harassment of Men,,,National,2024,978-93-6847-780-8,Kalinga University,Avani Publication Private Limited
book-chapter-24-25,565,Mr. Soumyadeep Chakrabarti,Faculty of Law,Contemporary Legal Perspectives: Theory and Practice,Redefining Workplace Protections: The Legal Framework for Preventing Sexual Harassment of Men,,,National,2024,978-93-6847-780-8,Kalinga University,Avani Publication Private Limited
book-chapter-24-25,566,Ms. Surbhi Agrawal,Faculty of Law,Contemporary Legal Perspectives: Theory and Practice,Artificial Intelligence and IP Rights: Evolving Legal Standards for Emerging Technologies,,,National,2024,978-93-6847-780-8,Kalinga University,Avani Publication Private Limited
book-chapter-24-25,567,Mr. Ranjan Kumar Ray,Faculty of Law,Contemporary Legal Perspectives: Theory and Practice,Artificial Intelligence and IP Rights: Evolving Legal Standards for Emerging Technologies,,,National,2024,978-93-6847-780-8,Kalinga University,Avani Publication Private Limited
book-chapter-24-25,568,Dr. Savyasanchi Pandey,Faculty of Law,Contemporary Legal Perspectives: Theory and Practice,Corporate Social Responsibility and Legal Obligations: A Comprehensive Analysis,,,National,2024,978-93-6847-780-8,Kalinga University,Avani Publication Private Limited
book-chapter-24-25,569,Mrs. Rupal Saxena,Faculty of Law,Contemporary Legal Perspectives: Theory and Practice,Corporate Social Responsibility and Legal Obligations: A Comprehensive Analysis,,,National,2024,978-93-6847-780-8,Kalinga University,Avani Publication Private Limited
book-chapter-24-25,570,Mr. Akanksha Choudhary,Faculty of Law,Contemporary Legal Perspectives: Theory and Practice,Uniform Civil Code and Its Role in Promoting Secularism and Equality in India,,,National,2024,978-93-6847-780-8,Kalinga University,Avani Publication Private Limited
book-chapter-24-25,571,Mr. Aayush gondale,Faculty of Law,Contemporary Legal Perspectives: Theory and Practice,Uniform Civil Code and Its Role in Promoting Secularism and Equality in India,,,National,2024,978-93-6847-780-8,Kalinga University,Avani Publication Private Limited
book-chapter-24-25,572,Ms. Srishti Shrivastava,Faculty of Law,Contemporary Legal Perspectives: Theory and Practice,The Role of Intellectual Property Rights in Promoting Innovation and Creativity,,,National,2024,978-93-6847-780-8,Kalinga University,Avani Publication Private Limited
book-chapter-24-25,573,Dr. Shilvi Shrivastava,Faculty of Law,Contemporary Legal Perspectives: Theory and Practice,The Role of Intellectual Property Rights in Promoting Innovation and Creativity,,,National,2024,978-93-6847-780-8,Kalinga University,Avani Publication Private Limited
book-chapter-24-25,574,Ms. Itishri Upadhyay,Faculty of Law,Contemporary Legal Perspectives: Theory and Practice,Balancing Innovation and Access: A Critical Analysis of Intellectual Property Rights,,,National,2024,978-93-6847-780-8,Kalinga University,Avani Publication Private Limited
book-chapter-24-25,575,Mrs. Darshi Sharma,Faculty of Law,Contemporary Legal Perspectives: Theory and Practice,Balancing Innovation and Access: A Critical Analysis of Intellectual Property Rights,,,National,2024,978-93-6847-780-8,Kalinga University,Avani Publication Private Limited
book-chapter-24-25,576,Mr. Aayush gondale,Faculty of Law,Contemporary Legal Perspectives: Theory and Practice,Legal Responses to Terrorism: Balancing Security and Civil Liberties,,,National,2024,978-93-6847-780-8,Kalinga University,Avani Publication Private Limited
book-chapter-24-25,577,Mrs. Darshi Sharma,Faculty of Law,Contemporary Legal Perspectives: Theory and Practice,Legal Responses to Terrorism: Balancing Security and Civil Liberties,,,National,2024,978-93-6847-780-8,Kalinga University,Avani Publication Private Limited
book-chapter-24-25,578,Ms. Shivangi Tripathi,Faculty of Law,Contemporary Legal Perspectives: Theory and Practice,Regulatory Approaches to E-Waste Management In India: Balancing Environmental Protection and Industry Growth,,,National,2024,978-93-6847-780-8,Kalinga University,Avani Publication Private Limited
book-chapter-24-25,579,Dr. Savyasanchi Pandey,Faculty of Law,Contemporary Legal Perspectives: Theory and Practice,Regulatory Approaches to E-Waste Management In India: Balancing Environmental Protection and Industry Growth,,,National,2024,978-93-6847-780-8,Kalinga University,Avani Publication Private Limited
book-chapter-24-25,580,Mr. Soumyadeep Chakrabarti,Faculty of Law,Contemporary Legal Perspectives: Theory and Practice,Protecting Traditional Knowledge Through Intellectual Property Rights: Legal and Ethical Issues,,,National,2024,978-93-6847-780-8,Kalinga University,Avani Publication Private Limited
book-chapter-24-25,581,Ms. Akanksha choudhary,Faculty of Law,Contemporary Legal Perspectives: Theory and Practice,Protecting Traditional Knowledge Through Intellectual Property Rights: Legal and Ethical Issues,,,National,2024,978-93-6847-780-8,Kalinga University,Avani Publication Private Limited
book-chapter-24-25,582,Mr. Ranjan Kumar Ray,Faculty of Law,Contemporary Legal Perspectives: Theory and Practice,The Evoluting of Intellectual Property Rights: A Comparative Analysis of Global Practice.,,,National,2024,978-93-6847-780-8,Kalinga University,Avani Publication Private Limited
book-chapter-24-25,583,Ms. Itishri Upadhyay,Faculty of Law,Contemporary Legal Perspectives: Theory and Practice,The Evoluting of Intellectual Property Rights: A Comparative Analysis of Global Practice.,,,National,2024,978-93-6847-780-8,Kalinga University,Avani Publication Private Limited
book-chapter-24-25,584,Dr. Shivli Shrivastava,Faculty of Law,Contemporary Legal Perspectives: Theory and Practice,Gender Equality and the Legal Institutions: Assessing the Role of Courts and Legislatures in Advancing Gender Justice.,,,National,2024,978-93-6847-780-8,Kalinga University,Avani Publication Private Limited
book-chapter-24-25,585,Ms. Surbhi Agrawal,Faculty of Law,Contemporary Legal Perspectives: Theory and Practice,Gender Equality and the Legal Institutions: Assessing the Role of Courts and Legislatures in Advancing Gender Justice.,,,National,2024,978-93-6847-780-8,Kalinga University,Avani Publication Private Limited
book-chapter-24-25,586,Mrs. Rupal Saxena,Faculty of Law,Contemporary Legal Perspectives: Theory and Practice,The Role of Cyber Law in Protecting Digital Rights and Freedom of Expression,,,National,2024,978-93-6847-780-8,Kalinga University,Avani Publication Private Limited
book-chapter-24-25,587,Ms. Shivangi Tripathi,Faculty of Law,Contemporary Legal Perspectives: Theory and Practice,The Role of Cyber Law in Protecting Digital Rights and Freedom of Expression,,,National,2024,978-93-6847-780-8,Kalinga University,Avani Publication Private Limited
book-chapter-24-25,588,Dr. Anita samal,Faculty of Science,Design Harmony: The Interplay of Fashion and Interior Design,From Nature to Couture: Exploring High-Performance Textiles Made From Lotus Fiber,,,National,2024,978-93-6847-103-5,Kalinga University,Avani Publication Private Limited
book-chapter-24-25,589,Ms. Shruti Singh,Faculty of Science,Design Harmony: The Interplay of Fashion and Interior Design,From Nature to Couture: Exploring High-Performance Textiles Made From Lotus Fiber,,,National,2024,978-93-6847-103-5,Kalinga University,Avani Publication Private Limited
book-chapter-24-25,590,Dr. Mahima Nand,Faculty of Science,Design Harmony: The Interplay of Fashion and Interior Design,Stiching Wellness: Assessing Women's Well-Being in Textile and Fashion Production,,,National,2024,978-93-6847-103-5,Kalinga University,Avani Publication Private Limited
book-chapter-24-25,591,Ms. Anjali Sharma,Faculty of Science,Design Harmony: The Interplay of Fashion and Interior Design,Stiching Wellness: Assessing Women's Well-Being in Textile and Fashion Production,,,National,2024,978-93-6847-103-5,Kalinga University,Avani Publication Private Limited
book-chapter-24-25,592,Ms. Pooja chandravanshi,Faculty of Science,Design Harmony: The Interplay of Fashion and Interior Design,Sustainable Fashion Innovations: The Role of Coconut Casaneda in Textile Applications,,,National,2024,978-93-6847-103-5,Kalinga University,Avani Publication Private Limited
book-chapter-24-25,593,Dr. Smita premanand,Faculty of Science,Design Harmony: The Interplay of Fashion and Interior Design,Sustainable Fashion Innovations: The Role of Coconut Casaneda in Textile Applications,,,National,2024,978-93-6847-103-5,Kalinga University,Avani Publication Private Limited
book-chapter-24-25,594,Ms. Anjali Sharma,Faculty of Science,Design Harmony: The Interplay of Fashion and Interior Design,Textile Legacies Reimagined: Fusing Handloom Craft with Contemporary Aesthetics,,,National,2024,978-93-6847-103-5,Kalinga University,Avani Publication Private Limited
book-chapter-24-25,595,Dr. Mahima Nand,Faculty of Science,Design Harmony: The Interplay of Fashion and Interior Design,Textile Legacies Reimagined: Fusing Handloom Craft with Contemporary Aesthetics,,,National,2024,978-93-6847-103-5,Kalinga University,Avani Publication Private Limited
book-chapter-24-25,596,Mrs. Dewashree Misra,Faculty of Science,Design Harmony: The Interplay of Fashion and Interior Design,Eco-Conscious Interiors: Harnessing Local Construction Practices for Sustainable Design,,,National,2024,978-93-6847-103-5,Kalinga University,Avani Publication Private Limited
book-chapter-24-25,597,Ms. Preeti Mishra,Faculty of Science,Design Harmony: The Interplay of Fashion and Interior Design,Eco-Conscious Interiors: Harnessing Local Construction Practices for Sustainable Design,,,National,2024,978-93-6847-103-5,Kalinga University,Avani Publication Private Limited
book-chapter-24-25,598,Ms. Preeti Mishra,Faculty of Science,Design Harmony: The Interplay of Fashion and Interior Design,Interior Perspectives: The Evolution of Pedagogical Approaches in Architectural Design Studios,,,National,2024,978-93-6847-103-5,Kalinga University,Avani Publication Private Limited
book-chapter-24-25,599,Mrs. Dewashree Misra,Faculty of Science,Design Harmony: The Interplay of Fashion and Interior Design,Interior Perspectives: The Evolution of Pedagogical Approaches in Architectural Design Studios,,,National,2024,978-93-6847-103-5,Kalinga University,Avani Publication Private Limited
book-chapter-24-25,600,Dr. Yogesh vaishnaw,Faculty of Science,Design Harmony: The Interplay of Fashion and Interior Design,,,,National,2024,978-93-6847-103-5,Kalinga University,Avani Publication Private Limited
book-chapter-24-25,601,Mrs. Tuhina Choubey,Faculty of Science,Design Harmony: The Interplay of Fashion and Interior Design,,,,National,2024,978-93-6847-103-5,Kalinga University,Avani Publication Private Limited
book-chapter-24-25,604,Dr. Shraddha Verma,Faculty of Education,"Holistic Education: Integrating Physical Activity, Geography, and Language",Bridging Theory and Practice: The Role of Educational Sociology in Teacher Education.,,,National,2024,978-93-6847-622-1,Kalinga University,Avani Publication Private Limited
book-chapter-24-25,605,Dr. Saroj Nayyar,Faculty of Education,"Holistic Education: Integrating Physical Activity, Geography, and Language",Bridging Theory and Practice: The Role of Educational Sociology in Teacher Education.,,,National,2024,978-93-6847-622-1,Kalinga University,Avani Publication Private Limited
book-chapter-24-25,606,Dr. Lubhawani Tripathi,Faculty of Education,"Holistic Education: Integrating Physical Activity, Geography, and Language",Educational Technology and Innovation: Transforming Teacher Education for The 21st Century,,,National,2024,978-93-6847-622-1,Kalinga University,Avani Publication Private Limited
book-chapter-24-25,607,Dr. Shraddha Verma,Faculty of Education,"Holistic Education: Integrating Physical Activity, Geography, and Language",Educational Technology and Innovation: Transforming Teacher Education for The 21st Century,,,National,2024,978-93-6847-622-1,Kalinga University,Avani Publication Private Limited
book-chapter-24-25,608,Mr. Gulsan kumar behera,Faculty of Education,"Holistic Education: Integrating Physical Activity, Geography, and Language",Integrating Educational Technology with Educational Psychology: Innovations for Enhanced Outcomes,,,National,2024,978-93-6847-622-1,Kalinga University,Avani Publication Private Limited
book-chapter-24-25,609,Dr. Lubhawani Tripathi,Faculty of Education,"Holistic Education: Integrating Physical Activity, Geography, and Language",Integrating Educational Technology with Educational Psychology: Innovations for Enhanced Outcomes,,,National,2024,978-93-6847-622-1,Kalinga University,Avani Publication Private Limited
book-chapter-24-25,610,Mr. Gulsan kumar behera,Faculty of Education,"Holistic Education: Integrating Physical Activity, Geography, and Language",Navigating the Digital Landscape: Innovations in Teacher Education Through Technology,,,National,2024,978-93-6847-622-1,Kalinga University,Avani Publication Private Limited
book-chapter-24-25,611,Dr. Lubhawani Tripathi,Faculty of Education,"Holistic Education: Integrating Physical Activity, Geography, and Language",Navigating the Digital Landscape: Innovations in Teacher Education Through Technology,,,National,2024,978-93-6847-622-1,Kalinga University,Avani Publication Private Limited
book-chapter-24-25,612,Mrs. Harsha Sharma,Faculty of Education,"Holistic Education: Integrating Physical Activity, Geography, and Language",The Role of Educational Technology in Enhancing Cognitive Development: A Psychological Perspective,,,National,2024,978-93-6847-622-1,Kalinga University,Avani Publication Private Limited
book-chapter-24-25,613,Mr. Gulsan kumar behera,Faculty of Education,"Holistic Education: Integrating Physical Activity, Geography, and Language",The Role of Educational Technology in Enhancing Cognitive Development: A Psychological Perspective,,,National,2024,978-93-6847-622-1,Kalinga University,Avani Publication Private Limited
book-chapter-24-25,614,Dr. Kalidoss,Faculty of Education,"Holistic Education: Integrating Physical Activity, Geography, and Language",Mental Resilience in Athletes: A Comprehensive Study of Sports Psychology in Physical Education,,,National,2024,978-93-6847-622-1,Kalinga University,Avani Publication Private Limited
book-chapter-24-25,615,Dr. Sanjeev kumar yadav,Faculty of Education,"Holistic Education: Integrating Physical Activity, Geography, and Language",Mental Resilience in Athletes: A Comprehensive Study of Sports Psychology in Physical Education,,,National,2024,978-93-6847-622-1,Kalinga University,Avani Publication Private Limited
book-chapter-24-25,616,Mrs. Neetu Singh,Faculty of Education,"Holistic Education: Integrating Physical Activity, Geography, and Language","Physical Education and Yoga: Synergizing Mind, Body, and Spirit for Optimal Health",,,National,2024,978-93-6847-622-1,Kalinga University,Avani Publication Private Limited
book-chapter-24-25,617,Dr. Sanjeev kumar yadav,Faculty of Education,"Holistic Education: Integrating Physical Activity, Geography, and Language","Physical Education and Yoga: Synergizing Mind, Body, and Spirit for Optimal Health",,,National,2024,978-93-6847-622-1,Kalinga University,Avani Publication Private Limited
book-chapter-24-25,618,Mrs. Neetu Singh,Faculty of Education,"Holistic Education: Integrating Physical Activity, Geography, and Language",Yoga As a Tool for Stress Relief and Physical Conditioning in Physical Education,,,National,2024,978-93-6847-622-1,Kalinga University,Avani Publication Private Limited
book-chapter-24-25,619,Dr. Kalidoss,Faculty of Education,"Holistic Education: Integrating Physical Activity, Geography, and Language",Yoga As a Tool for Stress Relief and Physical Conditioning in Physical Education,,,National,2024,978-93-6847-622-1,Kalinga University,Avani Publication Private Limited
book-chapter-24-25,620,Dr. Shilpi Bhattcharya,Faculty of Education,"Holistic Education: Integrating Physical Activity, Geography, and Language",Gender and Identity Formation in Children's Literature A Critical Analysis,,,National,2024,978-93-6847-622-1,Kalinga University,Avani Publication Private Limited
book-chapter-24-25,621,Ms. Sonal singh,Faculty of Education,"Holistic Education: Integrating Physical Activity, Geography, and Language",Gender and Identity Formation in Children's Literature A Critical Analysis,,,National,2024,978-93-6847-622-1,Kalinga University,Avani Publication Private Limited
book-chapter-24-25,622,Dr. A. Vijayanand,Faculty of Education,"Holistic Education: Integrating Physical Activity, Geography, and Language","From Stage to Sensory Delight: Exploring Shakespeare's Humor, Keats's Imagery,and Technical Communication",,,National,2024,978-93-6847-622-1,Kalinga University,Avani Publication Private Limited
book-chapter-24-25,623,Dr. Papri Mukhopadhyay,Faculty of Education,"Holistic Education: Integrating Physical Activity, Geography, and Language","From Stage to Sensory Delight: Exploring Shakespeare's Humor, Keats's Imagery,and Technical Communication",,,National,2024,978-93-6847-622-1,Kalinga University,Avani Publication Private Limited
book-chapter-24-25,624,Dr. Vineeta Diwan,Faculty of Education,"Holistic Education: Integrating Physical Activity, Geography, and Language",Narratives of Resilience: Myths and Mythologies in Post-War Literacy Discourse,,,National,2024,978-93-6847-622-1,Kalinga University,Avani Publication Private Limited
book-chapter-24-25,625,Dr. Shilpi Bhattacharya,Faculty of Education,"Holistic Education: Integrating Physical Activity, Geography, and Language",Narratives of Resilience: Myths and Mythologies in Post-War Literacy Discourse,,,National,2024,978-93-6847-622-1,Kalinga University,Avani Publication Private Limited
book-chapter-24-25,626,Dr. A. Vijayanand,Faculty of Education,"Holistic Education: Integrating Physical Activity, Geography, and Language",Gendered Experience of Migration: A Diasporic Perspective,,,National,2024,978-93-6847-622-1,Kalinga University,Avani Publication Private Limited
book-chapter-24-25,627,Dr. Papri Mukhopadhyay,Faculty of Education,"Holistic Education: Integrating Physical Activity, Geography, and Language",Gendered Experience of Migration: A Diasporic Perspective,,,National,2024,978-93-6847-622-1,Kalinga University,Avani Publication Private Limited
book-chapter-24-25,628,Ms. Sonal singh,Faculty of Education,"Holistic Education: Integrating Physical Activity, Geography, and Language",Echoes of History: The Role of Narrative in South Korean Literature.,,,National,2024,978-93-6847-622-1,Kalinga University,Avani Publication Private Limited
book-chapter-24-25,629,Dr. Shilpi Bhattacharya,Faculty of Education,"Holistic Education: Integrating Physical Activity, Geography, and Language",Echoes of History: The Role of Narrative in South Korean Literature.,,,National,2024,978-93-6847-622-1,Kalinga University,Avani Publication Private Limited
book-chapter-24-25,630,Dr. A. Rajshekhar,Faculty of Education,"Holistic Education: Integrating Physical Activity, Geography, and Language",Environmental Stress and Settlement Geography GIS Application in Urban and Tribal Areas,,,National,2024,978-93-6847-622-1,Kalinga University,Avani Publication Private Limited
book-chapter-24-25,631,Dr. Hari Shankar Kumar,Faculty of Education,"Holistic Education: Integrating Physical Activity, Geography, and Language",Environmental Stress and Settlement Geography GIS Application in Urban and Tribal Areas,,,National,2024,978-93-6847-622-1,Kalinga University,Avani Publication Private Limited
book-chapter-24-25,632,Dr. A. Rajshekhar,Faculty of Education,"Holistic Education: Integrating Physical Activity, Geography, and Language",Remote Sensing and GIS in Urban Geography: Exploring Population Growth and Tourism Impacts,,,National,2024,978-93-6847-622-1,Kalinga University,Avani Publication Private Limited
book-chapter-24-25,633,Dr. Hari Shankar Kumar,Faculty of Education,"Holistic Education: Integrating Physical Activity, Geography, and Language",Remote Sensing and GIS in Urban Geography: Exploring Population Growth and Tourism Impacts,,,National,2024,978-93-6847-622-1,Kalinga University,Avani Publication Private Limited
book-chapter-24-25,634,Dr. Shraddha Hirkane,Faculty of Education,"Holistic Education: Integrating Physical Activity, Geography, and Language",izkfpu fgUnh dkO; esa vk/;kfRedrk vkSj lkekftd lans'k,,,National,2024,978-93-6847-622-1,Kalinga University,Avani Publication Private Limited
book-chapter-24-25,635,Dr. Ajay Shukla,Faculty of Education,"Holistic Education: Integrating Physical Activity, Geography, and Language",izkfpu fgUnh dkO; esa vk/;kfRedrk vkSj lkekftd lans'k,,,National,2024,978-93-6847-622-1,Kalinga University,Avani Publication Private Limited
book-chapter-24-25,636,Dr. Shraddha Hirkane,Faculty of Education,"Holistic Education: Integrating Physical Activity, Geography, and Language","fganh Hkk""kk vkSj lkfgR;% bfrgkl] izo`fRr;k¡ vkSj fodkl",,,National,2024,978-93-6847-622-1,Kalinga University,Avani Publication Private Limited
book-chapter-24-25,637,Dr. Ajay Shukla,Faculty of Education,"Holistic Education: Integrating Physical Activity, Geography, and Language","fganh Hkk""kk vkSj lkfgR;% bfrgkl] izo`fRr;k¡ vkSj fodkl",,,National,2024,978-93-6847-622-1,Kalinga University,Avani Publication Private Limited
book-chapter-24-25,638,Mr. Satpal Panika,Faculty of Education,"Holistic Education: Integrating Physical Activity, Geography, and Language",Mathematical Foundations of Fractional-Order Systems: Theory and Applications,,,National,2024,978-93-6847-622-1,Kalinga University,Avani Publication Private Limited
book-chapter-24-25,639,Dr. Tejaswini Pradhan,Faculty of Education,"Holistic Education: Integrating Physical Activity, Geography, and Language",Mathematical Foundations of Fractional-Order Systems: Theory and Applications,,,National,2024,978-93-6847-622-1,Kalinga University,Avani Publication Private Limited
book-chapter-24-25,640,Mr. Nigama Prasan Sahoo,Faculty of Education,"Holistic Education: Integrating Physical Activity, Geography, and Language",Stochastic Modeling in Queuing Systems A Mathematical Perspective,,,National,2024,978-93-6847-622-1,Kalinga University,Avani Publication Private Limited
book-chapter-24-25,641,Mr. Satpal Panika,Faculty of Education,"Holistic Education: Integrating Physical Activity, Geography, and Language",Stochastic Modeling in Queuing Systems A Mathematical Perspective,,,National,2024,978-93-6847-622-1,Kalinga University,Avani Publication Private Limited
book-chapter-24-25,642,Dr. Tejaswini Pradhan,Faculty of Education,"Holistic Education: Integrating Physical Activity, Geography, and Language",Harmonic Perspectives: A Comprehensive Guide to Fourier Analysis,,,National,2024,978-93-6847-622-1,Kalinga University,Avani Publication Private Limited
book-chapter-24-25,643,Mr. Nigama Prasan Sahoo,Faculty of Education,"Holistic Education: Integrating Physical Activity, Geography, and Language",Harmonic Perspectives: A Comprehensive Guide to Fourier Analysis,,,National,2024,978-93-6847-622-1,Kalinga University,Avani Publication Private Limited
book-chapter-24-25,644,Dr. Pryambada Singh,Faculty of Education,"Holistic Education: Integrating Physical Activity, Geography, and Language",Antimicrobial Peptides: Potential and Challenges in Modern Medicine,,,National,2024,978-93-6847-622-1,Kalinga University,Avani Publication Private Limited
book-chapter-24-25,645,Ms. Laiba Arsi,Faculty of Education,"Holistic Education: Integrating Physical Activity, Geography, and Language",Antimicrobial Peptides: Potential and Challenges in Modern Medicine,,,National,2024,978-93-6847-622-1,Kalinga University,Avani Publication Private Limited
book-chapter-24-25,646,Ms. Laiba Arsi,Faculty of Education,"Holistic Education: Integrating Physical Activity, Geography, and Language",Advances in Environmental Microbilogy Understanding Microbial Interactions and Ecosystem Functioning,,,National,2024,978-93-6847-622-1,Kalinga University,Avani Publication Private Limited
book-chapter-24-25,647,Dr. Pryambada Singh,Faculty of Education,"Holistic Education: Integrating Physical Activity, Geography, and Language",Advances in Environmental Microbilogy Understanding Microbial Interactions and Ecosystem Functioning,,,National,2024,978-93-6847-622-1,Kalinga University,Avani Publication Private Limited
book-chapter-24-25,648,Dr. Dhananjay Kumar Jain,Faculty of Education,"Holistic Education: Integrating Physical Activity, Geography, and Language",Integrating Yoga into Clinical Practice: Its Impact on Chronic Disease Management,,,National,2024,978-93-6847-622-1,Kalinga University,Avani Publication Private Limited
book-chapter-24-25,649,Dr. Rajesh Kumar Manik,Faculty of Education,"Holistic Education: Integrating Physical Activity, Geography, and Language",Integrating Yoga into Clinical Practice: Its Impact on Chronic Disease Management,,,National,2024,978-93-6847-622-1,Kalinga University,Avani Publication Private Limited
book-chapter-24-25,650,Ms. Lipsa Dash,Faculty of Education,"Holistic Education: Integrating Physical Activity, Geography, and Language",Impacts of Drug Toxicology on Wildlife: Assessing Environmental and Ecological Consequences,,,National,2024,978-93-6847-622-1,Kalinga University,Avani Publication Private Limited
book-chapter-24-25,651,Ms. Urvashi Sharma,Faculty of Education,"Holistic Education: Integrating Physical Activity, Geography, and Language",Impacts of Drug Toxicology on Wildlife: Assessing Environmental and Ecological Consequences,,,National,2024,978-93-6847-622-1,Kalinga University,Avani Publication Private Limited
book-chapter-24-25,652,Ms. Urvashi Sharma,Faculty of Education,"Holistic Education: Integrating Physical Activity, Geography, and Language",Zoonotic Diseases: Bridging Veterinary and Medical Biology,,,National,2024,978-93-6847-622-1,Kalinga University,Avani Publication Private Limited
book-chapter-24-25,653,Ms. Lipsa Dash,Faculty of Education,"Holistic Education: Integrating Physical Activity, Geography, and Language",Zoonotic Diseases: Bridging Veterinary and Medical Biology,,,National,2024,978-93-6847-622-1,Kalinga University,Avani Publication Private Limited
book-chapter-24-25,654,Dr. Anita samal,Faculty of Arts & Humanities,"Intersections of Influence: Journalism, Politics, and Social Change",Bridging Traditions: The Influence of Western Political Thought on Indian Democratic Practices,,,National,2024,978-93-6847-642-9,Kalinga University,Avani Publication Private Limited
book-chapter-24-25,655,Ms. Shruti Singh,Faculty of Arts & Humanities,"Intersections of Influence: Journalism, Politics, and Social Change",Bridging Traditions: The Influence of Western Political Thought on Indian Democratic Practices,,,National,2024,978-93-6847-642-9,Kalinga University,Avani Publication Private Limited
book-chapter-24-25,656,Ms. Shruti Singh,Faculty of Arts & Humanities,"Intersections of Influence: Journalism, Politics, and Social Change",Decoding The Patriarchal Roots: Feminist Challenges to Western Political Canon,,,National,2024,978-93-6847-642-9,Kalinga University,Avani Publication Private Limited
book-chapter-24-25,657,Dr. Anita samal,Faculty of Arts & Humanities,"Intersections of Influence: Journalism, Politics, and Social Change",Decoding The Patriarchal Roots: Feminist Challenges to Western Political Canon,,,National,2024,978-93-6847-642-9,Kalinga University,Avani Publication Private Limited
book-chapter-24-25,658,Mr. A.K Kaul,Faculty of Arts & Humanities,"Intersections of Influence: Journalism, Politics, and Social Change",CSR As a Catalyst for Gender Inclusivity: Lessons from Organizational Behavior and Positive Psychology,,,National,2024,978-93-6847-642-9,Kalinga University,Avani Publication Private Limited
book-chapter-24-25,659,Dr. Manoj mathew p,Faculty of Arts & Humanities,"Intersections of Influence: Journalism, Politics, and Social Change",CSR As a Catalyst for Gender Inclusivity: Lessons from Organizational Behavior and Positive Psychology,,,National,2024,978-93-6847-642-9,Kalinga University,Avani Publication Private Limited
book-chapter-24-25,660,Dr. Manoj mathew p,Faculty of Arts & Humanities,"Intersections of Influence: Journalism, Politics, and Social Change",Human Rights and Social Justice Bridging Rural and Urban Community Development with Dalit and Tribal Empowerment,,,National,2024,978-93-6847-642-9,Kalinga University,Avani Publication Private Limited
book-chapter-24-25,661,Mr. A. K Kaul,Faculty of Arts & Humanities,"Intersections of Influence: Journalism, Politics, and Social Change",Human Rights and Social Justice Bridging Rural and Urban Community Development with Dalit and Tribal Empowerment,,,National,2024,978-93-6847-642-9,Kalinga University,Avani Publication Private Limited
book-chapter-24-25,662,Mr. Archana Nagwanshi,Faculty of Arts & Humanities,"Intersections of Influence: Journalism, Politics, and Social Change",Publishing Social work Research: Challenges and Opportunities in Addressing Vulnerability and Health,,,National,2024,978-93-6847-642-9,Kalinga University,Avani Publication Private Limited
book-chapter-24-25,663,Dr. Manoj mathew p,Faculty of Arts & Humanities,"Intersections of Influence: Journalism, Politics, and Social Change",Publishing Social work Research: Challenges and Opportunities in Addressing Vulnerability and Health,,,National,2024,978-93-6847-642-9,Kalinga University,Avani Publication Private Limited
book-chapter-24-25,664,Mrs. Tuhina Choubey,Faculty of Arts & Humanities,"Intersections of Influence: Journalism, Politics, and Social Change",Television Journalism and the Shifting Landscape of news Consumption in the 21st Century,,,National,2024,978-93-6847-642-9,Kalinga University,Avani Publication Private Limited
book-chapter-24-25,665,Dr. Yogesh vaishnaw,Faculty of Arts & Humanities,"Intersections of Influence: Journalism, Politics, and Social Change",Television Journalism and the Shifting Landscape of news Consumption in the 21st Century,,,National,2024,978-93-6847-642-9,Kalinga University,Avani Publication Private Limited
book-chapter-24-25,666,Dr. Yogesh vaishnaw,Faculty of Arts & Humanities,"Intersections of Influence: Journalism, Politics, and Social Change",The Evolution of Electronic Media Transforming Journalism in the Digital Age.,,,National,2024,978-93-6847-642-9,Kalinga University,Avani Publication Private Limited
book-chapter-24-25,667,Mrs. Tuhina Choubey,Faculty of Arts & Humanities,"Intersections of Influence: Journalism, Politics, and Social Change",The Evolution of Electronic Media Transforming Journalism in the Digital Age.,,,National,2024,978-93-6847-642-9,Kalinga University,Avani Publication Private Limited
book-chapter-24-25,668,Dr. Rajesh Kumar Manik,Faculty of Science,Yoga as a Tool for Health Promotion,,,,National,2024,978-93-6847-923-9,Kalinga University,Avani Publication Private Limited
book-chapter-24-25,669,Dr. Dhananjay Kumr Jain,Faculty of Science,Yoga as a Tool for Health Promotion,,,,National,2024,978-93-6847-923-9,Kalinga University,Avani Publication Private Limited
book-chapter-24-25,670,Mr. Swapnil Shukla,Faculty of Technology,Principles of Production Engineering: Concepts and Practices,,,,National,2024,978-93-6847-423-4,Kalinga University,Avani Publication Private Limited
book-chapter-24-25,671,Mr. Gaurav Tamrakar,Faculty of Technology,Principles of Production Engineering: Concepts and Practices,,,,National,2024,978-93-6847-423-4,Kalinga University,Avani Publication Private Limited
book-chapter-24-25,672,Dr. Rajesh Kumar Manik,Faculty of Science,Philosophical Reflections on Yoga and Consciousness,,,,National,2024,978-93-6847-553-8,Kalinga University,Avani Publication Private Limited
book-chapter-24-25,673,Dr. Dhananjay Kumr Jain,Faculty of Science,Philosophical Reflections on Yoga and Consciousness,,,,National,2024,978-93-6847-553-8,Kalinga University,Avani Publication Private Limited
book-chapter-24-25,674,Dr. Swapnil Jain,Faculty of Technology,Solar Innovations: Transforming Electric Vehicle Performance,,,,National,2024,978-93-6847-003-8,Kalinga University,Avani Publication Private Limited
book-chapter-24-25,675,Dr. Vinay Chandra Jha,Faculty of Technology,Solar Innovations: Transforming Electric Vehicle Performance,,,,National,2024,978-93-6847-003-8,Kalinga University,Avani Publication Private Limited
book-chapter-24-25,676,Dr. Omprakash Dewangan,Faculty of CS & IT,AI & Big Data: The Future is Now,,,,National,2024,978-93-6847-207-0,Kalinga University,Avani Publication Private Limited
book-chapter-24-25,677,Dr. Anupa Sinha,Faculty of CS & IT,AI & Big Data: The Future is Now,,,,National,2024,978-93-6847-207-0,Kalinga University,Avani Publication Private Limited
book-chapter-24-25,678,Mr. Ashutosh Pandey,Faculty of Technology,Advanced Topics in Structural Engineering,,,,National,2024,978-93-6847-572-9,Kalinga University,Avani Publication Private Limited
book-chapter-24-25,679,Dr. Akshit Lamba,Faculty of Technology,Advanced Topics in Structural Engineering,,,,National,2024,978-93-6847-572-9,Kalinga University,Avani Publication Private Limited
book-chapter-24-25,680,Dr. Eswara Veera Raghava Rao,Faculty of Technology,Geotechnical Aspects of Groundwater and Seepage Analysis,,,,National,2024,978-93-6847-420-3,Kalinga University,Avani Publication Private Limited
book-chapter-24-25,681,Ms. Soumya Pandey,Faculty of Technology,Geotechnical Aspects of Groundwater and Seepage Analysis,,,,National,2024,978-93-6847-420-3,Kalinga University,Avani Publication Private Limited
book-chapter-24-25,682,Dr. Shraddha Hirkane,Faculty of Arts & Humanities,izphu fganh dkO;% lkfgfR;d /kjksgj vkSj vfHkO;fDr dh dyk,,,,National,2024,978-93-6847-632-0,Kalinga University,Avani Publication Private Limited
book-chapter-24-25,683,Dr. Ajay Shukla,Faculty of Arts & Humanities,izphu fganh dkO;% lkfgfR;d /kjksgj vkSj vfHkO;fDr dh dyk,,,,National,2024,978-93-6847-632-0,Kalinga University,Avani Publication Private Limited
book-chapter-24-25,684,Ms. Pooja chandravanshi,Faculty of Science,Coconut Coir (Casaneda) Modernization,,,,National,2024,978-93-6847-677-1,Kalinga University,Avani Publication Private Limited
book-chapter-24-25,685,Dr. Smita premanand,Faculty of Science,Coconut Coir (Casaneda) Modernization,,,,National,2024,978-93-6847-677-1,Kalinga University,Avani Publication Private Limited
book-chapter-24-25,686,Mr. Nigama Prasan Sahoo,Faculty of Science,Applied Queing Theory: Strategies for Improving Service Efficiency,,,,National,2024,978-93-6847-784-6,Kalinga University,Avani Publication Private Limited
book-chapter-24-25,687,Mr. Satpal Panika,Faculty of Science,Applied Queing Theory: Strategies for Improving Service Efficiency,,,,National,2024,978-93-6847-784-6,Kalinga University,Avani Publication Private Limited
book-chapter-24-25,690,Dr. Ajay Shukla,Faculty of Arts & Humanities,"yksd laLd`fr vkSj fganh i=dkfjrk% ,d lexz n`f""Vdks.k",,,,National,2024,978-93-6847-691-7,Kalinga University,Avani Publication Private Limited
book-chapter-24-25,691,Dr. Shraddha Hirkane,Faculty of Arts & Humanities,"yksd laLd`fr vkSj fganh i=dkfjrk% ,d lexz n`f""Vdks.k",,,,National,2024,978-93-6847-691-7,Kalinga University,Avani Publication Private Limited
book-chapter-24-25,692,Dr. Amit Joshi,Faculty of Science,From Molecules to Mindfulness: a Comprehensive Exploration of Life Sciences,Exploring Biochemical Pathways In Biopharmaceutical Production: Form Lab to Market,,,National,2024,978-93-6847-716-7,Kalinga University,Avani Publication Private Limited
book-chapter-24-25,693,Mrs. Jharna Maiti,Faculty of Science,From Molecules to Mindfulness: a Comprehensive Exploration of Life Sciences,Exploring Biochemical Pathways In Biopharmaceutical Production: Form Lab to Market,,,National,2024,978-93-6847-716-7,Kalinga University,Avani Publication Private Limited
book-chapter-24-25,694,Mrs. Jharna Maiti,Faculty of Science,From Molecules to Mindfulness: a Comprehensive Exploration of Life Sciences,Structural Biochemistry of Nucleic ACIDS: Insights into Molecular Function,,,National,2024,978-93-6847-716-7,Kalinga University,Avani Publication Private Limited
book-chapter-24-25,695,Dr. Amit Joshi,Faculty of Science,From Molecules to Mindfulness: a Comprehensive Exploration of Life Sciences,Structural Biochemistry of Nucleic ACIDS: Insights into Molecular Function,,,National,2024,978-93-6847-716-7,Kalinga University,Avani Publication Private Limited
book-chapter-24-25,696,Dr. Shilpi Shrivastava,Faculty of Science,From Molecules to Mindfulness: a Comprehensive Exploration of Life Sciences,Integration of Electrochemical Sensors in Wearable Devices for Health Monitoring,,,National,2024,978-93-6847-716-7,Kalinga University,Avani Publication Private Limited
book-chapter-24-25,697,Dr. Preeti Pandey,Faculty of Science,From Molecules to Mindfulness: a Comprehensive Exploration of Life Sciences,Integration of Electrochemical Sensors in Wearable Devices for Health Monitoring,,,National,2024,978-93-6847-716-7,Kalinga University,Avani Publication Private Limited
book-chapter-24-25,698,Mrs. Sarvaree bano,Faculty of Science,From Molecules to Mindfulness: a Comprehensive Exploration of Life Sciences,Nano-Scale Motors: Chemical Engineering for Energy Conversion and Transport,,,National,2024,978-93-6847-716-7,Kalinga University,Avani Publication Private Limited
book-chapter-24-25,699,Ms. Priyanka Gupta,Faculty of Science,From Molecules to Mindfulness: a Comprehensive Exploration of Life Sciences,Nano-Scale Motors: Chemical Engineering for Energy Conversion and Transport,,,National,2024,978-93-6847-716-7,Kalinga University,Avani Publication Private Limited
book-chapter-24-25,700,Ms. Priyanka Gupta,Faculty of Science,From Molecules to Mindfulness: a Comprehensive Exploration of Life Sciences,Synthesis and Characterization of Nanoplate-Based Thermoelectric Materials for Enhanced Energy Conversion,,,National,2024,978-93-6847-716-7,Kalinga University,Avani Publication Private Limited
book-chapter-24-25,701,Dr. Shilpi Shrivastava,Faculty of Science,From Molecules to Mindfulness: a Comprehensive Exploration of Life Sciences,Synthesis and Characterization of Nanoplate-Based Thermoelectric Materials for Enhanced Energy Conversion,,,National,2024,978-93-6847-716-7,Kalinga University,Avani Publication Private Limited
book-chapter-24-25,702,Dr. Preeti Pandey,Faculty of Science,From Molecules to Mindfulness: a Comprehensive Exploration of Life Sciences,Climate Change and Environmental Chemistry: Exploring the Interaction Between Pollution and Global Warming,,,National,2024,978-93-6847-716-7,Kalinga University,Avani Publication Private Limited
book-chapter-24-25,703,Mrs. Sarvaree bano,Faculty of Science,From Molecules to Mindfulness: a Comprehensive Exploration of Life Sciences,Climate Change and Environmental Chemistry: Exploring the Interaction Between Pollution and Global Warming,,,National,2024,978-93-6847-716-7,Kalinga University,Avani Publication Private Limited
book-chapter-24-25,704,Mr. Pranjul Shrivastava,Faculty of Science,From Molecules to Mindfulness: a Comprehensive Exploration of Life Sciences,3D Printing in Pharmaceutics: Customizing Medication for Personalized Therapy,,,National,2024,978-93-6847-716-7,Kalinga University,Avani Publication Private Limited
book-chapter-24-25,705,Mr. Naimish Nanda,Faculty of Science,From Molecules to Mindfulness: a Comprehensive Exploration of Life Sciences,3D Printing in Pharmaceutics: Customizing Medication for Personalized Therapy,,,National,2024,978-93-6847-716-7,Kalinga University,Avani Publication Private Limited
book-chapter-24-25,706,Ms. Khushboo Gupta,Faculty of Science,From Molecules to Mindfulness: a Comprehensive Exploration of Life Sciences,Spectroscopic and Chromatographic Techniques in Pharmaceutical analysis,,,National,2024,978-93-6847-716-7,Kalinga University,Avani Publication Private Limited
book-chapter-24-25,707,Dr. Rupali bharti sao,Faculty of Science,From Molecules to Mindfulness: a Comprehensive Exploration of Life Sciences,Spectroscopic and Chromatographic Techniques in Pharmaceutical analysis,,,National,2024,978-93-6847-716-7,Kalinga University,Avani Publication Private Limited
book-chapter-24-25,708,Ms. Khushboo Gupta,Faculty of Science,From Molecules to Mindfulness: a Comprehensive Exploration of Life Sciences,Pharmacy Practice in Geriatric Care: Addressing the Needs of an Aging Population,,,National,2024,978-93-6847-716-7,Kalinga University,Avani Publication Private Limited
book-chapter-24-25,709,Dr. Rupali bharti sao,Faculty of Science,From Molecules to Mindfulness: a Comprehensive Exploration of Life Sciences,Pharmacy Practice in Geriatric Care: Addressing the Needs of an Aging Population,,,National,2024,978-93-6847-716-7,Kalinga University,Avani Publication Private Limited
book-chapter-24-25,710,Ms. Prerana Sahu,Faculty of Science,From Molecules to Mindfulness: a Comprehensive Exploration of Life Sciences,Biopharmaceutics and Pharmacokinetics: Enhancing Drug Absorption and Distribution,,,National,2024,978-93-6847-716-7,Kalinga University,Avani Publication Private Limited
book-chapter-24-25,711,Mr. Mrityunjaya Bhanja,Faculty of Science,From Molecules to Mindfulness: a Comprehensive Exploration of Life Sciences,Biopharmaceutics and Pharmacokinetics: Enhancing Drug Absorption and Distribution,,,National,2024,978-93-6847-716-7,Kalinga University,Avani Publication Private Limited
book-chapter-24-25,712,Ms. Rashmi Pandey,Faculty of Science,From Molecules to Mindfulness: a Comprehensive Exploration of Life Sciences,Challenges and Innovations in Oral Drug Delivery: A Pharmaceutics Perspective,,,National,2024,978-93-6847-716-7,Kalinga University,Avani Publication Private Limited
book-chapter-24-25,713,Mr. Pranjul Shrivastava,Faculty of Science,From Molecules to Mindfulness: a Comprehensive Exploration of Life Sciences,Challenges and Innovations in Oral Drug Delivery: A Pharmaceutics Perspective,,,National,2024,978-93-6847-716-7,Kalinga University,Avani Publication Private Limited
book-chapter-24-25,714,Mr. Mrutyunjaya Bhanja,Faculty of Science,From Molecules to Mindfulness: a Comprehensive Exploration of Life Sciences,Pharmacology in the Age of Personalized Medicine: Tailoring Treatments for Better Patient Outcomes,,,National,2024,978-93-6847-716-7,Kalinga University,Avani Publication Private Limited
book-chapter-24-25,715,Mr. Smruti Ranjan Dash,Faculty of Science,From Molecules to Mindfulness: a Comprehensive Exploration of Life Sciences,Pharmacology in the Age of Personalized Medicine: Tailoring Treatments for Better Patient Outcomes,,,National,2024,978-93-6847-716-7,Kalinga University,Avani Publication Private Limited
book-chapter-24-25,716,Mr. Naimish Nanda,Faculty of Science,From Molecules to Mindfulness: a Comprehensive Exploration of Life Sciences,Pharmaceutical Nanocarriers: Designing Effective Delivery Systems for Targeted Therapy,,,National,2024,978-93-6847-716-7,Kalinga University,Avani Publication Private Limited
book-chapter-24-25,717,Ms. Rashmi Sinha,Faculty of Science,From Molecules to Mindfulness: a Comprehensive Exploration of Life Sciences,Pharmaceutical Nanocarriers: Designing Effective Delivery Systems for Targeted Therapy,,,National,2024,978-93-6847-716-7,Kalinga University,Avani Publication Private Limited
book-chapter-24-25,718,Mr. Mrutyunjaya Bhanja,Faculty of Science,From Molecules to Mindfulness: a Comprehensive Exploration of Life Sciences,Pharmacology and Public Health: Addressing the Challenges of Drug Safety and Efficacy,,,National,2024,978-93-6847-716-7,Kalinga University,Avani Publication Private Limited
book-chapter-24-25,719,Mr. Smruti Ranjan Dash,Faculty of Science,From Molecules to Mindfulness: a Comprehensive Exploration of Life Sciences,Pharmacology and Public Health: Addressing the Challenges of Drug Safety and Efficacy,,,National,2024,978-93-6847-716-7,Kalinga University,Avani Publication Private Limited
book-chapter-24-25,720,Ms. Rashmi Sinha,Faculty of Science,From Molecules to Mindfulness: a Comprehensive Exploration of Life Sciences,Nanotechnology in Pharmaceutics: Revolutionizing Drug Formulation and Delivery,,,National,2024,978-93-6847-716-7,Kalinga University,Avani Publication Private Limited
book-chapter-24-25,721,Ms. Prerana Sahu,Faculty of Science,From Molecules to Mindfulness: a Comprehensive Exploration of Life Sciences,Nanotechnology in Pharmaceutics: Revolutionizing Drug Formulation and Delivery,,,National,2024,978-93-6847-716-7,Kalinga University,Avani Publication Private Limited
book-chapter-24-25,722,Mr. Shubham Singh Chandel,Faculty of Commerce & Management,"Dynamics of Financial Markets and Institutions: Concepts, Trends, and Strategies",,,,National,2024,978-93-6847-031-1,Kalinga University,Avani Publication Private Limited
book-chapter-24-25,723,Mr. Tushar Ranjan Barik,Faculty of Commerce & Management,"Dynamics of Financial Markets and Institutions: Concepts, Trends, and Strategies",,,,National,2024,978-93-6847-031-1,Kalinga University,Avani Publication Private Limited
book-chapter-24-25,724,Dr. Anita samal,Faculty of Arts & Humanities,Comparative Political Systems,,,,National,2024,978-93-6847-085-4,Kalinga University,Avani Publication Private Limited
book-chapter-24-25,725,Ms. Shruti Singh,Faculty of Arts & Humanities,Comparative Political Systems,,,,National,2024,978-93-6847-085-4,Kalinga University,Avani Publication Private Limited
book-chapter-24-25,726,Ms. Shruti Singh,Faculty of Arts & Humanities,Democracy in Western Political Traditions,,,,National,2024,978-93-6847-403-6,Kalinga University,Avani Publication Private Limited
book-chapter-24-25,727,Dr. Anita samal,Faculty of Arts & Humanities,Democracy in Western Political Traditions,,,,National,2024,978-93-6847-403-6,Kalinga University,Avani Publication Private Limited
book-chapter-24-25,728,Dr. Anita samal,Faculty of Arts & Humanities,The Influence of Enlightenment Thinkers,,,,National,2024,978-93-6847-172-1,Kalinga University,Avani Publication Private Limited
book-chapter-24-25,729,Ms. Shruti Singh,Faculty of Arts & Humanities,The Influence of Enlightenment Thinkers,,,,National,2024,978-93-6847-172-1,Kalinga University,Avani Publication Private Limited
book-chapter-24-25,730,Ms. Shruti Singh,Faculty of Arts & Humanities,Political Ideologies and their Impact,,,,National,2024,978-93-6847-972-1,Kalinga University,Avani Publication Private Limited
book-chapter-24-25,731,Dr. Anita samal,Faculty of Arts & Humanities,Political Ideologies and their Impact,,,,National,2024,978-93-6847-972-1,Kalinga University,Avani Publication Private Limited
book-chapter-24-25,732,Ms. Shruti Singh,Faculty of Arts & Humanities,Feminism and the State,,,,National,2024,978-93-6847-004-5,Kalinga University,Avani Publication Private Limited
book-chapter-24-25,733,Dr. Anita samal,Faculty of Arts & Humanities,Feminism and the State,,,,National,2024,978-93-6847-004-5,Kalinga University,Avani Publication Private Limited
book-chapter-24-25,734,Ms. Shruti Singh,Faculty of Arts & Humanities,Theories of State and Governance,,,,National,2024,978-93-6847-521-7,Kalinga University,Avani Publication Private Limited
book-chapter-24-25,735,Dr. Anita samal,Faculty of Arts & Humanities,Theories of State and Governance,,,,National,2024,978-93-6847-521-7,Kalinga University,Avani Publication Private Limited
book-chapter-24-25,736,Mr. Akash ingle,Faculty of Technology,Power Systems and Power Electronics: Fundamentals and Emerging Trends,,,,National,2024,978-93-6847-425-8,Kalinga University,Avani Publication Private Limited
book-chapter-24-25,737,Dr. Manoj Kumar Nigam,Faculty of Technology,Power Systems and Power Electronics: Fundamentals and Emerging Trends,,,,National,2024,978-93-6847-425-8,Kalinga University,Avani Publication Private Limited
book-chapter-24-25,738,Mr. Rajendra Kumar Sahu,Faculty of Technology,Renewable Energy Integration in Power Systems,,,,National,2024,978-93-6847-112-7,Kalinga University,Avani Publication Private Limited
book-chapter-24-25,739,Mr. Sandeep Roy,Faculty of Technology,Renewable Energy Integration in Power Systems,,,,National,2024,978-93-6847-112-7,Kalinga University,Avani Publication Private Limited
book-chapter-24-25,740,Dr. Savyasanchi Pandey,Faculty of Law,The Business of Law: Corporate and Commercial Legal Frameworks,,,,National,2024,978-93-6847-582-8,Kalinga University,Avani Publication Private Limited
book-chapter-24-25,741,Mrs. Rupal Saxena,Faculty of Law,The Business of Law: Corporate and Commercial Legal Frameworks,,,,National,2024,978-93-6847-582-8,Kalinga University,Avani Publication Private Limited
book-chapter-24-25,742,Mrs. Neetu Singh,Faculty of Education,Physical Education for Healthy Living and Yoga Practice,,,,National,2024,978-93-6847-419-7,Kalinga University,Avani Publication Private Limited
book-chapter-24-25,743,Dr. Kalidoss,Faculty of Education,Physical Education for Healthy Living and Yoga Practice,,,,National,2024,978-93-6847-419-7,Kalinga University,Avani Publication Private Limited
book-chapter-24-25,744,Dr. Kalidoss,Faculty of Education,Application of Yoga Science in Physical Education,,,,National,2024,978-93-6847-310-7,Kalinga University,Avani Publication Private Limited
book-chapter-24-25,745,Mrs. Neetu Singh,Faculty of Education,Application of Yoga Science in Physical Education,,,,National,2024,978-93-6847-310-7,Kalinga University,Avani Publication Private Limited
book-chapter-24-25,746,Sanjeev Kumar Yadav,Faculty of Education,Leadership in Sports and Physical Education,,,,National,2024,978-93-6847-251-3,Kalinga University,Avani Publication Private Limited
book-chapter-24-25,747,Mrs. Neetu Singh,Faculty of Education,Leadership in Sports and Physical Education,,,,National,2024,978-93-6847-251-3,Kalinga University,Avani Publication Private Limited
book-chapter-24-25,748,Dr. Dhananjay Kumar Jain,Faculty of Science,Psychology of Yoga and Mindfulness,,,,National,2024,978-93-6847-328-2,Kalinga University,Avani Publication Private Limited
book-chapter-24-25,749,Dr. Rajesh Kumar Manik,Faculty of Science,Psychology of Yoga and Mindfulness,,,,National,2024,978-93-6847-328-2,Kalinga University,Avani Publication Private Limited
book-chapter-24-25,750,Dr. Kalidoss,Faculty of Education,Role of Yoga in Physical Education and Sports,,,,National,2024,978-93-6847-116-5,Kalinga University,Avani Publication Private Limited
book-chapter-24-25,751,Mrs. Neetu Singh,Faculty of Education,Role of Yoga in Physical Education and Sports,,,,National,2024,978-93-6847-116-5,Kalinga University,Avani Publication Private Limited
book-chapter-24-25,752,Ms. Shivangi Tripathi,Faculty of Law,Digital Jurisprudence An In-depth Guide to Cyber Law,,,,National,2024,978-93-6847-246-9,Kalinga University,Avani Publication Private Limited
book-chapter-24-25,753,Mrs. Rupal Saxena,Faculty of Law,Digital Jurisprudence An In-depth Guide to Cyber Law,,,,National,2024,978-93-6847-246-9,Kalinga University,Avani Publication Private Limited
book-chapter-24-25,754,Dr. Rajesh Kumar Manik,Faculty of Science,Contemporary Issues in Health Science: A Multidisciplinary Approach,,,,National,2024,978-93-6847-249-0,Kalinga University,Avani Publication Private Limited
book-chapter-24-25,755,Dr. Dhananjay Kumar Jain,Faculty of Science,Contemporary Issues in Health Science: A Multidisciplinary Approach,,,,National,2024,978-93-6847-249-0,Kalinga University,Avani Publication Private Limited
book-chapter-24-25,756,Mr. Nigama Prasan Sahoo,Faculty of Science,Mathematical Foundations of Queuing Theory,,,,National,2024,978-93-6847-828-7,Kalinga University,Avani Publication Private Limited
book-chapter-24-25,757,Mr. Satpal Panika,Faculty of Science,Mathematical Foundations of Queuing Theory,,,,National,2024,978-93-6847-828-7,Kalinga University,Avani Publication Private Limited
book-chapter-24-25,758,Mr. Sandeep Roy,Faculty of Technology,"Solar Power Systems: Design, Implementation, and Optimization",,,,National,2024,978-93-6847-742-6,Kalinga University,Avani Publication Private Limited
book-chapter-24-25,759,Mr. Rajendra Kumar Sahu,Faculty of Technology,"Solar Power Systems: Design, Implementation, and Optimization",,,,National,2024,978-93-6847-742-6,Kalinga University,Avani Publication Private Limited
book-chapter-24-25,760,Dr. Eswara Veera Raghava Rao,Faculty of Technology,"Integrative Approaches In Engineering: Bridging Civil, Electrical, Mechanical, Computer Science, and Information Technology",Stabilization of Expansive Soils Using Recycled Materials,,,National,2024,978-93-6847-068-7,Kalinga University,Avani Publication Private Limited
book-chapter-24-25,761,Ms. Soumya Pandey,Faculty of Technology,"Integrative Approaches In Engineering: Bridging Civil, Electrical, Mechanical, Computer Science, and Information Technology",Stabilization of Expansive Soils Using Recycled Materials,,,National,2024,978-93-6847-068-7,Kalinga University,Avani Publication Private Limited
book-chapter-24-25,762,Dr. Akshit Lamba,Faculty of Technology,"Integrative Approaches In Engineering: Bridging Civil, Electrical, Mechanical, Computer Science, and Information Technology",Structural Dynamics and Earthquake Engineering: Principles and Practices,,,National,2024,978-93-6847-068-7,Kalinga University,Avani Publication Private Limited
book-chapter-24-25,763,Mr. Ashutosh Pandey,Faculty of Technology,"Integrative Approaches In Engineering: Bridging Civil, Electrical, Mechanical, Computer Science, and Information Technology",Structural Dynamics and Earthquake Engineering: Principles and Practices,,,National,2024,978-93-6847-068-7,Kalinga University,Avani Publication Private Limited
book-chapter-24-25,764,Dr. Swati Agrawal,Faculty of Technology,"Integrative Approaches In Engineering: Bridging Civil, Electrical, Mechanical, Computer Science, and Information Technology",Sustainable Structural Engineering Green Design and Construction Techniques,,,National,2024,978-93-6847-068-7,Kalinga University,Avani Publication Private Limited
book-chapter-24-25,765,Dr. Akshit Lamba,Faculty of Technology,"Integrative Approaches In Engineering: Bridging Civil, Electrical, Mechanical, Computer Science, and Information Technology",Sustainable Structural Engineering Green Design and Construction Techniques,,,National,2024,978-93-6847-068-7,Kalinga University,Avani Publication Private Limited
book-chapter-24-25,766,Ms. Soumya Pandey,Faculty of Technology,"Integrative Approaches In Engineering: Bridging Civil, Electrical, Mechanical, Computer Science, and Information Technology",Environmental Impact Assessment and Mitigation in Urban Civil Projects,,,National,2024,978-93-6847-068-7,Kalinga University,Avani Publication Private Limited
book-chapter-24-25,767,Dr. Eswara Veera Raghava Rao,Faculty of Technology,"Integrative Approaches In Engineering: Bridging Civil, Electrical, Mechanical, Computer Science, and Information Technology",Environmental Impact Assessment and Mitigation in Urban Civil Projects,,,National,2024,978-93-6847-068-7,Kalinga University,Avani Publication Private Limited
book-chapter-24-25,768,Dr. Akshit Lamba,Faculty of Technology,"Integrative Approaches In Engineering: Bridging Civil, Electrical, Mechanical, Computer Science, and Information Technology",Impact of Climate Change on Geotechnical Structures: Future Challenges,,,National,2024,978-93-6847-068-7,Kalinga University,Avani Publication Private Limited
book-chapter-24-25,769,Mr. Ashutosh Pandey,Faculty of Technology,"Integrative Approaches In Engineering: Bridging Civil, Electrical, Mechanical, Computer Science, and Information Technology",Impact of Climate Change on Geotechnical Structures: Future Challenges,,,National,2024,978-93-6847-068-7,Kalinga University,Avani Publication Private Limited
book-chapter-24-25,770,Dr. Manoj Kumar Nigam,Faculty of Technology,"Integrative Approaches In Engineering: Bridging Civil, Electrical, Mechanical, Computer Science, and Information Technology",Future Trends in Power Systems: The Convergence of Power Electronics and Smart Technologies,,,National,2024,978-93-6847-068-7,Kalinga University,Avani Publication Private Limited
book-chapter-24-25,771,Mr. Akash ingle,Faculty of Technology,"Integrative Approaches In Engineering: Bridging Civil, Electrical, Mechanical, Computer Science, and Information Technology",Future Trends in Power Systems: The Convergence of Power Electronics and Smart Technologies,,,National,2024,978-93-6847-068-7,Kalinga University,Avani Publication Private Limited
book-chapter-24-25,772,Dr. Shailesh Deshmukh,Faculty of Technology,"Integrative Approaches In Engineering: Bridging Civil, Electrical, Mechanical, Computer Science, and Information Technology",Optimizing Microgrid Operations with Power Electronics Drives For Electronics and Smart Technologies,,,National,2024,978-93-6847-068-7,Kalinga University,Avani Publication Private Limited
book-chapter-24-25,773,Mr. Chandra Kumar Sahu,Faculty of Technology,"Integrative Approaches In Engineering: Bridging Civil, Electrical, Mechanical, Computer Science, and Information Technology",Optimizing Microgrid Operations with Power Electronics Drives For Electric Vehicles Integration,,,National,2024,978-93-6847-068-7,Kalinga University,Avani Publication Private Limited
book-chapter-24-25,774,Dr. Shailesh Deshmukh,Faculty of Technology,"Integrative Approaches In Engineering: Bridging Civil, Electrical, Mechanical, Computer Science, and Information Technology",Role of Microgrids in Supporting Large-Scale Electric Vehicle Adoption,,,National,2024,978-93-6847-068-7,Kalinga University,Avani Publication Private Limited
book-chapter-24-25,775,Mr. Chandra Kumar Sahu,Faculty of Technology,"Integrative Approaches In Engineering: Bridging Civil, Electrical, Mechanical, Computer Science, and Information Technology",Role of Microgrids in Supporting Large-Scale Electric Vehicle Adoption,,,National,2024,978-93-6847-068-7,Kalinga University,Avani Publication Private Limited
book-chapter-24-25,776,Mr. Sandeep Roy,Faculty of Technology,"Integrative Approaches In Engineering: Bridging Civil, Electrical, Mechanical, Computer Science, and Information Technology",Smart Grids: Transforming Power Systems for the 21st Century,,,National,2024,978-93-6847-068-7,Kalinga University,Avani Publication Private Limited
book-chapter-24-25,777,Mr. Rajendra Kumar Sahu,Faculty of Technology,"Integrative Approaches In Engineering: Bridging Civil, Electrical, Mechanical, Computer Science, and Information Technology",Smart Grids: Transforming Power Systems for the 21st Century,,,National,2024,978-93-6847-068-7,Kalinga University,Avani Publication Private Limited
book-chapter-24-25,778,Dr. Manoj Kumar Nigam,Faculty of Technology,"Integrative Approaches In Engineering: Bridging Civil, Electrical, Mechanical, Computer Science, and Information Technology",Smart Solar Power Systems: Integrating IOT for Enhanced Energy Management,,,National,2024,978-93-6847-068-7,Kalinga University,Avani Publication Private Limited
book-chapter-24-25,779,Mr. Akash ingle,Faculty of Technology,"Integrative Approaches In Engineering: Bridging Civil, Electrical, Mechanical, Computer Science, and Information Technology",Smart Solar Power Systems: Integrating IOT for Enhanced Energy Management,,,National,2024,978-93-6847-068-7,Kalinga University,Avani Publication Private Limited
book-chapter-24-25,780,Mr. Rajendra Kumar Sahu,Faculty of Technology,"Integrative Approaches In Engineering: Bridging Civil, Electrical, Mechanical, Computer Science, and Information Technology",Advancements in Electric Machine Design: Innovations for Enhanced Efficiency and Performance,,,National,2024,978-93-6847-068-7,Kalinga University,Avani Publication Private Limited
book-chapter-24-25,781,Mr. Sandeep Roy,Faculty of Technology,"Integrative Approaches In Engineering: Bridging Civil, Electrical, Mechanical, Computer Science, and Information Technology",Advancements in Electric Machine Design: Innovations for Enhanced Efficiency and Performance,,,National,2024,978-93-6847-068-7,Kalinga University,Avani Publication Private Limited
book-chapter-24-25,782,Dr. Praveen kumar yadaw,Faculty of Technology,"Integrative Approaches In Engineering: Bridging Civil, Electrical, Mechanical, Computer Science, and Information Technology",Integration of Power Electronics in Renewable Energy Systems: Challenges and Innovations,,,National,2024,978-93-6847-068-7,Kalinga University,Avani Publication Private Limited
book-chapter-24-25,783,Ms. Soma rajwade,Faculty of Technology,"Integrative Approaches In Engineering: Bridging Civil, Electrical, Mechanical, Computer Science, and Information Technology",Integration of Power Electronics in Renewable Energy Systems: Challenges and Innovations,,,National,2024,978-93-6847-068-7,Kalinga University,Avani Publication Private Limited
book-chapter-24-25,784,Dr. Praveen kumar yadaw,Faculty of Technology,"Integrative Approaches In Engineering: Bridging Civil, Electrical, Mechanical, Computer Science, and Information Technology",The Role of Nanomaterials in Biomedical Instrumentation: Towards Smarter Diagnostics,,,National,2024,978-93-6847-068-7,Kalinga University,Avani Publication Private Limited
book-chapter-24-25,785,Ms. Soma rajwade,Faculty of Technology,"Integrative Approaches In Engineering: Bridging Civil, Electrical, Mechanical, Computer Science, and Information Technology",The Role of Nanomaterials in Biomedical Instrumentation: Towards Smarter Diagnostics,,,National,2024,978-93-6847-068-7,Kalinga University,Avani Publication Private Limited
book-chapter-24-25,786,Dr. Vinay Chandara Jha,Faculty of Technology,"Integrative Approaches In Engineering: Bridging Civil, Electrical, Mechanical, Computer Science, and Information Technology",Automation in Production Systems: Enhancing Efficiency and Reducing Costs in Mechanical Engineering,,,National,2024,978-93-6847-068-7,Kalinga University,Avani Publication Private Limited
book-chapter-24-25,787,Mr. Shailesh Singh Thakur,Faculty of Technology,"Integrative Approaches In Engineering: Bridging Civil, Electrical, Mechanical, Computer Science, and Information Technology",Automation in Production Systems: Enhancing Efficiency and Reducing Costs in Mechanical Engineering,,,National,2024,978-93-6847-068-7,Kalinga University,Avani Publication Private Limited
book-chapter-24-25,788,Mr. Swapnil Shukla,Faculty of Technology,"Integrative Approaches In Engineering: Bridging Civil, Electrical, Mechanical, Computer Science, and Information Technology",Design for Manufacturability Bridging the Gap Between Concept and Production,,,National,2024,978-93-6847-068-7,Kalinga University,Avani Publication Private Limited
book-chapter-24-25,789,Mr. Gaurav Tamrakar,Faculty of Technology,"Integrative Approaches In Engineering: Bridging Civil, Electrical, Mechanical, Computer Science, and Information Technology",Design for Manufacturability Bridging the Gap Between Concept and Production,,,National,2024,978-93-6847-068-7,Kalinga University,Avani Publication Private Limited
book-chapter-24-25,790,Dr. Vinay Chandra Jha,Faculty of Technology,"Integrative Approaches In Engineering: Bridging Civil, Electrical, Mechanical, Computer Science, and Information Technology",Hybrid Solar-Electric Powertrains: Mechanical Engineering Solutions for Future Electric Vehicles,,,National,2024,978-93-6847-068-7,Kalinga University,Avani Publication Private Limited
book-chapter-24-25,791,Dr. Swapnil Jain,Faculty of Technology,"Integrative Approaches In Engineering: Bridging Civil, Electrical, Mechanical, Computer Science, and Information Technology",Hybrid Solar-Electric Powertrains: Mechanical Engineering Solutions for Future Electric Vehicles,,,National,2024,978-93-6847-068-7,Kalinga University,Avani Publication Private Limited
book-chapter-24-25,792,Mr. Swapnil Shukla,Faculty of Technology,"Integrative Approaches In Engineering: Bridging Civil, Electrical, Mechanical, Computer Science, and Information Technology",Advancements in Heat Transfer Mechanisms: A Review of Recent Developments in Thermal Engineering,,,National,2024,978-93-6847-068-7,Kalinga University,Avani Publication Private Limited
book-chapter-24-25,793,Mr. Gaurav Tamrakar,Faculty of Technology,"Integrative Approaches In Engineering: Bridging Civil, Electrical, Mechanical, Computer Science, and Information Technology",Advancements in Heat Transfer Mechanisms: A Review of Recent Developments in Thermal Engineering,,,National,2024,978-93-6847-068-7,Kalinga University,Avani Publication Private Limited
book-chapter-24-25,794,Dr. Vinay Chandra Jha,Faculty of Technology,"Integrative Approaches In Engineering: Bridging Civil, Electrical, Mechanical, Computer Science, and Information Technology",Thermal Performance of Renewable Energy Systems: Challenges and Opportunities,,,National,2024,978-93-6847-068-7,Kalinga University,Avani Publication Private Limited
book-chapter-24-25,795,Mr. Shailesh Singh Thakur,Faculty of Technology,"Integrative Approaches In Engineering: Bridging Civil, Electrical, Mechanical, Computer Science, and Information Technology",Thermal Performance of Renewable Energy Systems: Challenges and Opportunities,,,National,2024,978-93-6847-068-7,Kalinga University,Avani Publication Private Limited
book-chapter-24-25,796,Dr. Anupa Sinha,Faculty of Technology,"Integrative Approaches In Engineering: Bridging Civil, Electrical, Mechanical, Computer Science, and Information Technology",Recent Advances in Deep Reinforcement Learning,,,National,2024,978-93-6847-068-7,Kalinga University,Avani Publication Private Limited
book-chapter-24-25,797,Mr. Omprakash Dewangan,Faculty of Technology,"Integrative Approaches In Engineering: Bridging Civil, Electrical, Mechanical, Computer Science, and Information Technology",Recent Advances in Deep Reinforcement Learning,,,National,2024,978-93-6847-068-7,Kalinga University,Avani Publication Private Limited
book-chapter-24-25,798,Dr. Anupa Sinha,Faculty of Technology,"Integrative Approaches In Engineering: Bridging Civil, Electrical, Mechanical, Computer Science, and Information Technology",Virtual Reality: Technologies and Applications,,,National,2024,978-93-6847-068-7,Kalinga University,Avani Publication Private Limited
book-chapter-24-25,799,Mrs. Ashu Nayak,Faculty of Technology,"Integrative Approaches In Engineering: Bridging Civil, Electrical, Mechanical, Computer Science, and Information Technology",Virtual Reality: Technologies and Applications,,,National,2024,978-93-6847-068-7,Kalinga University,Avani Publication Private Limited
book-chapter-24-25,800,Mr. Omprakash Dewangan,Faculty of Technology,"Integrative Approaches In Engineering: Bridging Civil, Electrical, Mechanical, Computer Science, and Information Technology",EDGE AI: Technologies and Application,,,National,2024,978-93-6847-068-7,Kalinga University,Avani Publication Private Limited
book-chapter-24-25,801,Ms. Akanksha Soy,Faculty of Technology,"Integrative Approaches In Engineering: Bridging Civil, Electrical, Mechanical, Computer Science, and Information Technology",EDGE AI: Technologies and Application,,,National,2024,978-93-6847-068-7,Kalinga University,Avani Publication Private Limited
book-chapter-24-25,802,Mrs. Ashu Nayak,Faculty of Technology,"Integrative Approaches In Engineering: Bridging Civil, Electrical, Mechanical, Computer Science, and Information Technology",A Survey of Machine Learning Techniques in Natural Language Processing,,,National,2024,978-93-6847-068-7,Kalinga University,Avani Publication Private Limited
book-chapter-24-25,803,Ms. Akansha Soy,Faculty of Technology,"Integrative Approaches In Engineering: Bridging Civil, Electrical, Mechanical, Computer Science, and Information Technology",A Survey of Machine Learning Techniques in Natural Language Processing,,,National,2024,978-93-6847-068-7,Kalinga University,Avani Publication Private Limited
book-chapter-24-25,804,Mr. Kamlesh Kumar Yadav,Faculty of Technology,"Integrative Approaches In Engineering: Bridging Civil, Electrical, Mechanical, Computer Science, and Information Technology",Drones In Civil Applications: A Review,,,National,2024,978-93-6847-068-7,Kalinga University,Avani Publication Private Limited
book-chapter-24-25,805,Ms. Chandni Sawlani,Faculty of Technology,"Integrative Approaches In Engineering: Bridging Civil, Electrical, Mechanical, Computer Science, and Information Technology",Drones In Civil Applications: A Review,,,National,2024,978-93-6847-068-7,Kalinga University,Avani Publication Private Limited
book-chapter-24-25,806,Mr. Manish Nandy,Faculty of Technology,"Integrative Approaches In Engineering: Bridging Civil, Electrical, Mechanical, Computer Science, and Information Technology",Internet of Things (IOT): Applications and Security Issues Internet of Things (IOT): Applications and Security Issues,,,National,2024,978-93-6847-068-7,Kalinga University,Avani Publication Private Limited
book-chapter-24-25,807,Ms. Chandni Sawlani,Faculty of Technology,"Integrative Approaches In Engineering: Bridging Civil, Electrical, Mechanical, Computer Science, and Information Technology",Internet of Things (IOT): Applications and Security Issues Internet of Things (IOT): Applications and Security Issues,,,National,2024,978-93-6847-068-7,Kalinga University,Avani Publication Private Limited
book-chapter-24-25,808,Mr. Debarghya Biswas,Faculty of Technology,"Integrative Approaches In Engineering: Bridging Civil, Electrical, Mechanical, Computer Science, and Information Technology",A Systematic Review of Side-View Mirror Maintenance Tools: Bridging The Gap Between Safety and Convenience in Automotive Design,,,National,2024,978-93-6847-068-7,Kalinga University,Avani Publication Private Limited
book-chapter-24-25,809,Mr. Manish Nandy,Faculty of Technology,"Integrative Approaches In Engineering: Bridging Civil, Electrical, Mechanical, Computer Science, and Information Technology",A Systematic Review of Side-View Mirror Maintenance Tools: Bridging The Gap Between Safety and Convenience in Automotive Design,,,National,2024,978-93-6847-068-7,Kalinga University,Avani Publication Private Limited
book-chapter-24-25,810,Mr. Kamlesh Kumar Yadav,Faculty of Technology,"Integrative Approaches In Engineering: Bridging Civil, Electrical, Mechanical, Computer Science, and Information Technology",Information and Communication Technology- A Boon for the Health Care Sector,,,National,2024,978-93-6847-068-7,Kalinga University,Avani Publication Private Limited
book-chapter-24-25,811,Mr. Debarghya Biswas,Faculty of Technology,"Integrative Approaches In Engineering: Bridging Civil, Electrical, Mechanical, Computer Science, and Information Technology",Information and Communication Technology- A Boon for the Health Care Sector,,,National,2024,978-93-6847-068-7,Kalinga University,Avani Publication Private Limited
book-chapter-24-25,812,Dr. Hari Shankar Kumar,Faculty of Arts & Humanities,Introduction to Remote Sensing and GIS: Principles and Practices,,,,National,2024,978-93-6847-429-6,Kalinga University,Avani Publication Private Limited
book-chapter-24-25,813,Dr. A Rajshekhar,Faculty of Arts & Humanities,Introduction to Remote Sensing and GIS: Principles and Practices,,,,National,2024,978-93-6847-429-6,Kalinga University,Avani Publication Private Limited
book-chapter-24-25,814,Dr. Hari Shankar Kumar,Faculty of Arts & Humanities,Remote Sensing and GIS in Urban Planning and Development,,,,National,2024,978-93-6847-781-5,Kalinga University,Avani Publication Private Limited
book-chapter-24-25,815,Dr. A Rajshekhar,Faculty of Arts & Humanities,Remote Sensing and GIS in Urban Planning and Development,,,,National,2024,978-93-6847-781-5,Kalinga University,Avani Publication Private Limited
book-chapter-24-25,816,Dr. Shraddha Hirkane,Faculty of Arts & Humanities,हिंदी साहित्य का आदिकालीन काव्य विमर्श,,,,National,2024,978-93-6847-637-5,Kalinga University,Avani Publication Private Limited
book-chapter-24-25,817,Dr. Ajay Shukla,Faculty of Arts & Humanities,हिंदी साहित्य का आदिकालीन काव्य विमर्श,,,,National,2024,978-93-6847-637-5,Kalinga University,Avani Publication Private Limited
book-chapter-24-25,818,Dr. A Rajshekhar,Faculty of Arts & Humanities,Fundamentals of Remote Sensing and GIS Technology,,,,National,2024,978-93-6847-660-3,Kalinga University,Avani Publication Private Limited
book-chapter-24-25,819,Dr. Hari Shankar Kumar,Faculty of Arts & Humanities,Fundamentals of Remote Sensing and GIS Technology,,,,National,2024,978-93-6847-660-3,Kalinga University,Avani Publication Private Limited
book-chapter-24-25,820,Dr. Shraddha Hirkane,Faculty of Arts & Humanities,प्राचीन हिंदी काव्य के प्रमुख स्वर और विषय,,,,National,2024,978-93-3847-696-2,Kalinga University,Avani Publication Private Limited
book-chapter-24-25,821,Dr. Ajay Shukla,Faculty of Arts & Humanities,प्राचीन हिंदी काव्य के प्रमुख स्वर और विषय,,,,National,2024,978-93-3847-696-2,Kalinga University,Avani Publication Private Limited
book-chapter-24-25,822,Dr. Shraddha Hirkane,Faculty of Arts & Humanities,मध्यकालीन हिंदी काव्य और भारतीय संस्कृति,,,,National,2024,978-93-6847-220-9,Kalinga University,Avani Publication Private Limited
book-chapter-24-25,823,Dr. Ajay Shukla,Faculty of Arts & Humanities,मध्यकालीन हिंदी काव्य और भारतीय संस्कृति,,,,National,2024,978-93-6847-220-9,Kalinga University,Avani Publication Private Limited
book-chapter-24-25,824,Ms. Urvija khatri,Faculty of Commerce & Management,Financial Planning and Analysis,,,,National,2024,978-93-6847-182-0,Kalinga University,Avani Publication Private Limited
book-chapter-24-25,825,Mrs. Nishtha Sharma,Faculty of Commerce & Management,Financial Planning and Analysis,,,,National,2024,978-93-6847-182-0,Kalinga University,Avani Publication Private Limited
book-chapter-24-25,826,Dr. Hari Shankar Kumar,Faculty of Arts & Humanities,Urban Geography Theories and Applications,,,,National,2024,978-93-6847-753-2,Kalinga University,Avani Publication Private Limited
book-chapter-24-25,827,Dr. A Rajshekhar,Faculty of Arts & Humanities,Urban Geography Theories and Applications,,,,National,2024,978-93-6847-753-2,Kalinga University,Avani Publication Private Limited
book-chapter-24-25,828,Dr. Ajay Shukla,Faculty of Arts & Humanities,हिंदी पत्रकारिता में साहित्य और संस्कृति की भूमिका,,,,National,2024,978-93-6847-939-0,Kalinga University,Avani Publication Private Limited
book-chapter-24-25,829,Dr. Shraddha Hirkane,Faculty of Arts & Humanities,हिंदी पत्रकारिता में साहित्य और संस्कृति की भूमिका,,,,National,2024,978-93-6847-939-0,Kalinga University,Avani Publication Private Limited
book-chapter-24-25,830,Dr. Kalidoss,Faculty of Education,Modern Trends in Physical Education and yoga,,,,National,2024,978-93-6847-081-6,Kalinga University,Avani Publication Private Limited
book-chapter-24-25,831,Dr. Sanjeev Kumar Yadav,Faculty of Education,Modern Trends in Physical Education and yoga,,,,National,2024,978-93-6847-081-6,Kalinga University,Avani Publication Private Limited
book-chapter-24-25,832,Dr. Kalidoss,Faculty of Education,Practical Guide to Yoga Science and Physical Training,,,,National,2024,978-93-6847-091-5,Kalinga University,Avani Publication Private Limited
book-chapter-24-25,833,Dr. Sanjeev Kumar Yadav,Faculty of Education,Practical Guide to Yoga Science and Physical Training,,,,National,2024,978-93-6847-091-5,Kalinga University,Avani Publication Private Limited
book-chapter-24-25,834,Ms. Lipsa Dash,Faculty of Science,Fundamentals of Ecology and Environmental Biology,,,,National,2024,978-93-6847-530-9,Kalinga University,Avani Publication Private Limited
book-chapter-24-25,835,Ms. Urvashi Sharma,Faculty of Science,Fundamentals of Ecology and Environmental Biology,,,,National,2024,978-93-6847-530-9,Kalinga University,Avani Publication Private Limited
book-chapter-24-25,836,Ms. Urvashi Sharma,Faculty of Science,Molecular Techniques in Zoological Studies,,,,National,2024,978-93-6847-937-6,Kalinga University,Avani Publication Private Limited
book-chapter-24-25,837,Ms. Lipsa Dash,Faculty of Science,Molecular Techniques in Zoological Studies,,,,National,2024,978-93-6847-937-6,Kalinga University,Avani Publication Private Limited
book-chapter-24-25,838,Dr. Sanjeev kumar yadav,Faculty of Education,Theories of Motivation in Sports and Exercise,,,,National,2024,978-93-6847-576-7,Kalinga University,Avani Publication Private Limited
book-chapter-24-25,839,Mrs. Neetu Singh,Faculty of Education,Theories of Motivation in Sports and Exercise,,,,National,2024,978-93-6847-576-7,Kalinga University,Avani Publication Private Limited
book-chapter-24-25,840,Mr. Rajendra Kumar Sahu,Faculty of Technology,"Advanced Power Systems: Stability, Reliability, and Optimization",,,,National,2024,978-93-6847-427-2,Kalinga University,Avani Publication Private Limited
book-chapter-24-25,841,Mr. Sandeep Roy,Faculty of Technology,"Advanced Power Systems: Stability, Reliability, and Optimization",,,,National,2024,978-93-6847-427-2,Kalinga University,Avani Publication Private Limited
book-chapter-24-25,842,Dr. Kalidoss,Faculty of Education,Holistic Development through Physical Education and Yoga,,,,National,2024,978-93-6847-779-2,Kalinga University,Avani Publication Private Limited
book-chapter-24-25,843,Dr. Sanjeev Kumar Yadav,Faculty of Education,Holistic Development through Physical Education and Yoga,,,,National,2024,978-93-6847-779-2,Kalinga University,Avani Publication Private Limited
book-chapter-24-25,844,Mrs. Jharna Maiti,Faculty of Science,Industrial Applications of Biotechnology: A Practical Approach,,,,National,2024,978-93-6847-374-9,Kalinga University,Avani Publication Private Limited
book-chapter-24-25,845,Dr. Amit Joshi,Faculty of Science,Industrial Applications of Biotechnology: A Practical Approach,,,,National,2024,978-93-6847-374-9,Kalinga University,Avani Publication Private Limited
book-chapter-24-25,846,Dr. A Rajshekhar,Faculty of Arts & Humanities,Advances in Remote Sensing and Geographic Information Systems,,,,National,2024,978-93-6847-711-2,Kalinga University,Avani Publication Private Limited
book-chapter-24-25,847,Dr. Hari Shankar Kumar,Faculty of Arts & Humanities,Advances in Remote Sensing and Geographic Information Systems,,,,National,2024,978-93-6847-711-2,Kalinga University,Avani Publication Private Limited
book-chapter-24-25,848,Dr. Ajay Shukla,Faculty of Arts & Humanities,साहित्यिक परंपरा और लोक संस्कृति का संगम,,,,National,2024,978-93-6847-430-2,Kalinga University,Avani Publication Private Limited
book-chapter-24-25,849,Dr. Shraddha Hirkane,Faculty of Arts & Humanities,साहित्यिक परंपरा और लोक संस्कृति का संगम,,,,National,2024,978-93-6847-430-2,Kalinga University,Avani Publication Private Limited
book-chapter-24-25,850,Ms. Urvashi Sharma,Faculty of Science,Evolutionary Ecology in Animals,,,,National,2024,978-93-6847-984-0,Kalinga University,Avani Publication Private Limited
book-chapter-24-25,851,Ms. Lipsa Dash,Faculty of Science,Evolutionary Ecology in Animals,,,,National,2024,978-93-6847-984-0,Kalinga University,Avani Publication Private Limited
book-chapter-24-25,852,Ms. Lipsa Dash,Faculty of Science,Principles of Wildlife Conservation and Management,,,,National,2024,978-93-6847-228-5,Kalinga University,Avani Publication Private Limited
book-chapter-24-25,853,Ms. Urvashi Sharma,Faculty of Science,Principles of Wildlife Conservation and Management,,,,National,2024,978-93-6847-228-5,Kalinga University,Avani Publication Private Limited
book-chapter-24-25,854,Dr. Ajay Shukla,Faculty of Arts & Humanities,लोक संस्कृति का हिंदी साहित्य पर प्रभाव,,,,National,2024,978-93-6847-691-7,Kalinga University,Avani Publication Private Limited
book-chapter-24-25,855,Dr. Shraddha Hirkane,Faculty of Arts & Humanities,लोक संस्कृति का हिंदी साहित्य पर प्रभाव,,,,National,2024,978-93-6847-691-7,Kalinga University,Avani Publication Private Limited
book-chapter-24-25,856,Dr. Manoj Mathew p,Faculty of Arts & Humanities,Gerontology and Social Work,,,,National,2024,978-93-6847-983-3,Kalinga University,Avani Publication Private Limited
book-chapter-24-25,857,Mr. A K Kaul,Faculty of Arts & Humanities,Gerontology and Social Work,,,,National,2024,978-93-6847-983-3,Kalinga University,Avani Publication Private Limited
book-chapter-24-25,858,Ms. Lipsa Dash,Faculty of Science,Medical Biology: Foundations and Innovations,,,,National,2024,978-93-6847-543-9,Kalinga University,Avani Publication Private Limited
book-chapter-24-25,859,Ms. Urvashi Sharma,Faculty of Science,Medical Biology: Foundations and Innovations,,,,National,2024,978-93-6847-543-9,Kalinga University,Avani Publication Private Limited
book-chapter-24-25,860,Dr. Amit Joshi,Faculty of Science,Green Biotechnology: Innovations For A Sustainable World,,,,National,2024,978-93-6847-588-0,Kalinga University,Avani Publication Private Limited
book-chapter-24-25,861,Mrs. Jharna Maiti,Faculty of Science,Green Biotechnology: Innovations For A Sustainable World,,,,National,2024,978-93-6847-588-0,Kalinga University,Avani Publication Private Limited
book-chapter-24-25,862,Ms. Priyanka Gupta,Faculty of Science,Carbon Compounds and Their Applications,,,,National,2024,978-93-6847-102-8,Kalinga University,Avani Publication Private Limited
book-chapter-24-25,863,Dr. Shilpi Shrivastava,Faculty of Science,Carbon Compounds and Their Applications,,,,National,2024,978-93-6847-102-8,Kalinga University,Avani Publication Private Limited
book-chapter-24-25,864,Dr. Amit Joshi,Faculty of Science,Environmental Biotechnology Principles And Applications,,,,National,2024,978-93-6847-707-5,Kalinga University,Avani Publication Private Limited
book-chapter-24-25,865,Mrs. Jharna Maiti,Faculty of Science,Environmental Biotechnology Principles And Applications,,,,National,2024,978-93-6847-707-5,Kalinga University,Avani Publication Private Limited
book-chapter-24-25,866,Mrs. Sarvaree bano,Faculty of Science,Understanding Chemistry Through Real-world Examples,,,,National,2024,978-93-6847-820-1,Kalinga University,Avani Publication Private Limited
book-chapter-24-25,867,Ms. Priyanka Gupta,Faculty of Science,Understanding Chemistry Through Real-world Examples,,,,National,2024,978-93-6847-820-1,Kalinga University,Avani Publication Private Limited
book-chapter-24-25,868,Dr. Shilpi Shrivastava,Faculty of Science,Essential Chemistry: A Comprehensive Guide,,,,National,2024,978-93-6847-348-0,Kalinga University,Avani Publication Private Limited
book-chapter-24-25,869,Dr. Preeti Pandey,Faculty of Science,Essential Chemistry: A Comprehensive Guide,,,,National,2024,978-93-6847-348-0,Kalinga University,Avani Publication Private Limited
book-chapter-24-25,870,Dr. Shilpi Shrivastava,Faculty of Science,Principles of Modern Chemistry,,,,National,2024,978-93-6847-938-3,Kalinga University,Avani Publication Private Limited
book-chapter-24-25,871,Dr. Preeti Pandey,Faculty of Science,Principles of Modern Chemistry,,,,National,2024,978-93-6847-938-3,Kalinga University,Avani Publication Private Limited
book-chapter-24-25,872,Ms. Priyanka Gupta,Faculty of Science,Green Chemistry: Sustainable Organic synthesis,,,,National,2024,978-93-6847-323-7,Kalinga University,Avani Publication Private Limited
book-chapter-24-25,873,Dr. Shilpi Shrivastava,Faculty of Science,Green Chemistry: Sustainable Organic synthesis,,,,National,2024,978-93-6847-323-7,Kalinga University,Avani Publication Private Limited
book-chapter-24-25,874,Dr. A. Rajshekhar,Faculty of Arts & Humanities,Applications of Remote Sensing and GIS in Environmental Studies,,,,National,2024,978-93-6847-441-8,Kalinga University,Avani Publication Private Limited
book-chapter-24-25,875,Dr. Hari Shankar,Faculty of Arts & Humanities,Applications of Remote Sensing and GIS in Environmental Studies,,,,National,2024,978-93-6847-441-8,Kalinga University,Avani Publication Private Limited
book-chapter-24-25,876,Ms. Priyanka Gupta,Faculty of Science,The Basics of Atomic and Molecular Chemistry,,,,National,2024,978-93-6847-261-2,Kalinga University,Avani Publication Private Limited
book-chapter-24-25,877,Dr. Shilpi Shrivastava,Faculty of Science,The Basics of Atomic and Molecular Chemistry,,,,National,2024,978-93-6847-261-2,Kalinga University,Avani Publication Private Limited
book-chapter-24-25,878,Mrs. Jharna Maiti,Faculty of Science,Industrial Biotechnology Innovations For Manufacturing,,,,National,2024,978-93-6847-188-2,Kalinga University,Avani Publication Private Limited
book-chapter-24-25,879,Dr. Amit Joshi,Faculty of Science,Industrial Biotechnology Innovations For Manufacturing,,,,National,2024,978-93-6847-188-2,Kalinga University,Avani Publication Private Limited
book-chapter-24-25,880,Mrs. Jharna Maiti,Faculty of Science,Introduction to Biotechnology: Theory And Practice,,,,National,2024,978-93-6847-375-6,Kalinga University,Avani Publication Private Limited
book-chapter-24-25,881,Dr. Amit Joshi,Faculty of Science,Introduction to Biotechnology: Theory And Practice,,,,National,2024,978-93-6847-375-6,Kalinga University,Avani Publication Private Limited
book-chapter-24-25,882,Mrs. Jharna Maiti,Faculty of Science,Medical Biotechnology: Concepts And Therapeutic Applications,,,,National,2024,978-93-6847-377-0,Kalinga University,Avani Publication Private Limited
book-chapter-24-25,883,Dr. Amit Joshi,Faculty of Science,Medical Biotechnology: Concepts And Therapeutic Applications,,,,National,2024,978-93-6847-377-0,Kalinga University,Avani Publication Private Limited
book-chapter-24-25,884,Dr. Preeti Pandey,Faculty of Science,Functional Groups in Organic Chemistry,,,,National,2024,978-93-6847-796-9,Kalinga University,Avani Publication Private Limited
book-chapter-24-25,885,Mrs. Sarvaree Bano,Faculty of Science,Functional Groups in Organic Chemistry,,,,National,2024,978-93-6847-796-9,Kalinga University,Avani Publication Private Limited
book-chapter-24-25,886,Mrs. Sarvaree bano,Faculty of Science,Inorganic and Organic Chemistry Simplified,,,,National,2024,978-93-6847-176-9,Kalinga University,Avani Publication Private Limited
book-chapter-24-25,887,Ms. Priyanka Gupta,Faculty of Science,Inorganic and Organic Chemistry Simplified,,,,National,2024,978-93-6847-176-9,Kalinga University,Avani Publication Private Limited
book-chapter-24-25,888,Mrs. Sarvaree bano,Faculty of Science,Inorganic Chemistry in Industry and Environment,,,,National,2024,978-93-6847-330-5,Kalinga University,Avani Publication Private Limited
book-chapter-24-25,889,Ms. Priyanka Gupta,Faculty of Science,Inorganic Chemistry in Industry and Environment,,,,National,2024,978-93-6847-330-5,Kalinga University,Avani Publication Private Limited
book-chapter-24-25,890,Dr. Preeti Pandey,Faculty of Science,Organic Chemistry : From Basics to Biomolecules,,,,National,2024,978-93-6847-105-9,Kalinga University,Avani Publication Private Limited
book-chapter-24-25,891,Mrs. Sarvaree Bano,Faculty of Science,Organic Chemistry : From Basics to Biomolecules,,,,National,2024,978-93-6847-105-9,Kalinga University,Avani Publication Private Limited
book-chapter-24-25,892,Dr. Preeti Pandey,Faculty of Science,Structural and Solid-State Inorganic Chemistry,,,,National,2024,978-93-6847-322-0,Kalinga University,Avani Publication Private Limited
book-chapter-24-25,893,Mrs. Sarvaree Bano,Faculty of Science,Structural and Solid-State Inorganic Chemistry,,,,National,2024,978-93-6847-322-0,Kalinga University,Avani Publication Private Limited
book-chapter-24-25,894,Dr. Shilpi Shrivastava,Faculty of Science,Foundations of Chemistry : Theory and Practice,,,,National,2024,978-93-6847-163-9,Kalinga University,Avani Publication Private Limited
book-chapter-24-25,895,Dr. Preeti Pandey,Faculty of Science,Foundations of Chemistry : Theory and Practice,,,,National,2024,978-93-6847-163-9,Kalinga University,Avani Publication Private Limited
book-chapter-23-24,1,Dr. Pradeep Kumar Keshrwani,Faculty of Arts & Humanities,Rani Gomti bibi kesarwani rani phulpur,,,,National,2023,978-93-90964-44-4,Kalinga University,Raka Prakashan Prayagraj
book-chapter-23-24,2,Ms. Swati Tiwari,Faculty of Commerce & Management,A course on Entrepreneurship,,,,National,2023,978-81-192910-1-4,Kalinga University,Mittal Publication
book-chapter-23-24,3,Dr. Aloke Verma,Faculty of Science,CVD Graphene-1 Hybrid Nanostructures for PVC Applications,,,,National,2023,978-620-6-14310-9,Kalinga University,LAP LAMBART Academic Publishing
book-chapter-23-24,4,Dr. Shraddha Hirkane,Faculty of Arts & Humanities,Padmawat Ke Prateek Aur Unke Arth,,,,National,2023,978-93-91515-17-1,Kalinga University,Manish Publication
book-chapter-23-24,5,Dr. Aloke Verma,Faculty of Science,CVD Graphene-1 Hybrid nanostructures for PVC Applications,,,,National,2023,978-62-06143-10-9,Kalinga University,LAP LAMBART Academic Publishing
book-chapter-23-24,6,Dr. Sohini Bhattacharya,Faculty of Science,"The Interrelationship between Food, Gut Microbiome, and Human health",,,,National,2023,978-93-92108-27-3,Kalinga University,Rudra Publications
book-chapter-23-24,7,Mr. Kapil Kelkar,Faculty of Science,Bollywood Costumes & Its Commercialization,,,,National,2023,978-93-94424-54-8,Kalinga University,ABS Books Publisher & Exporter
book-chapter-23-24,8,Proshanta Sarkar,Faculty of CS & IT,"Future Innovation and Sustainable
 Development for Asian Countries",,,,National,2023,978-620-5-52085-7,Kalinga University,Scholars' Press
book-chapter-23-24,9,Dr.Shraddha Verma,Faculty of Education,Gandhian Thoughts and Philosophy,,,,National,2023,978-93-92568-28-2,Kalinga University,Aditi Publication
book-chapter-23-24,10,Dr.Shraddha Verma,Faculty of Education,Gandhian philosophy and Aims of Education,,,,National,2023,978-93-92568-28-2,Kalinga University,Aditi Publication
book-chapter-23-24,11,Dr.Shraddha Verma,Faculty of Education,Nai Talim:An Experiential and skill based Learning,,,,National,2023,978-93-92568-28-2,Kalinga University,Aditi Publication
book-chapter-23-24,12,Dr. Sohini Bhattacaraya,Faculty of Science,"The Interrelationship between food, gut Microbiome and Human Health",,,,National,2023,978-93-92108-27-3,Kalinga University,"Rudra Publishers, New Delhi"
book-chapter-23-24,13,Proshanta Sarkar,Faculty of CS & IT,A Review of Security and Privacy Issues of Social Networking Websites,,,,National,2023,978-620-5-52085-7,Kalinga University,Scholars' Press
book-chapter-23-24,14,Ms. Ekta Chandrakar,Faculty of CS & IT,Globalization and its impact on legal education in India,,,,National,2023,978-93-95456-98-2,Kalinga University,The Board of Red Shine Publication
book-chapter-23-24,15,Dr. Shilpi Shrivastava,Faculty of Science,Mathematics used in chemistry,,,,National,2023,978-93-92568-336,Kalinga University,Aditi Publication
book-chapter-23-24,16,Dr Shraddha Hirkane,Faculty of Arts & Humanities,Padmavat ke Pratik aur Unke Arth,,,,National,2023,978-93-91515-17-1,Kalinga University,Manish Publication Delhi
book-chapter-23-24,17,Mrs Shreya Dwivedi,Faculty of Arts & Humanities,Women Empowerment and Gender Equality Towards Sustainable Development,,,,National,2023,978-81-959050-1-0,Kalinga University,Fern International Publication Pune
book-chapter-23-24,18,Dr. Ranjeeta Singh,Faculty of Education,Research Methodology,,,,National,2023,978-93-5756-034-4,Kalinga University,Good Writers
book-chapter-23-24,19,Dr. Sohini Bhattacarayya,Faculty of Science,"Eat with Right, Right to Eat",,,,National,2023,978-93-9210-827-3,Kalinga University,"Rudra Publishers, New Delhi"
book-chapter-23-24,20,Mr. Ram Girdhar,Faculty of Commerce & Management,E-COMMERCE,,,,National,2023,978-81-19070-39-8,Kalinga University,RED'SHINE PUBLICATION PVT. LTD.
book-chapter-23-24,21,Mr. Manas Rathore,Faculty of Technology,Analysis of a structure of educational building using SAP 2000 software,,,,National,2023,978-93-93502-92-6,Kalinga University,"Integrated Publication , New Delhi"
book-chapter-23-24,22,Omprakash Dewangan,Faculty of CS & IT,Brain - Inspired Al to a Symbiosis of Human Intelligence and Artificial Intelligence,,,,National,2023,978-16-68469-80-4,Kalinga University,IGI Global Publisher
book-chapter-23-24,23,Omprakash Dewangan,Faculty of CS & IT,Study and Innovative Approach of Deep Learning Algorithms and Architecture,,,,National,2023,978-16-68469-80-4,Kalinga University,IGI Global Publisher
book-chapter-23-24,24,Dr. Deepa Biswas,Faculty of Science,Future Prospects for Environment Sustainability,,,,National,2023,978-93-95185-80-6,Kalinga University,Elite Publishing House
book-chapter-23-24,25,Dr Ajay Kumar Shukla,Faculty of Arts & Humanities,How the National Education Policy in India Enhances the Achieving of United Nations Sustainable Development Goals,,,,National,2023,978-81-946772-3-9,Kalinga University,GLOBAL EDUCATION
book-chapter-23-24,26,Dr. Deepa Biswas,Faculty of Science,Sustainable Agriculture: Establishing Eco-Friendliness,,,,National,2023,978-93-88901-38-3,Kalinga University,BHUMI PUBLISHING
book-chapter-23-24,27,Dr. Preeti Pandey,Faculty of Science,A High Performance Electrochemical Sensor For Alfuzosin Based On Zinc Oxide–Graphene Nanosheet Hybrid Films,,,,International,2023,978-93-5577-983-0,Kalinga University,
book-chapter-23-24,28,Dr. Shilpi Shrivtava,Faculty of Science,Nano Chemistry and Their Application,,,,National,2023,978-93-88901-38-3,Kalinga University,BHUMI PUBLISHING
book-chapter-23-24,29,Dr. Shilpi Shrivtava,Faculty of Science,Environmental chemistry,,,,National,2023,978-6-06156-72-7,Kalinga University,Lambert Publications
book-chapter-23-24,30,Sushree Sasmita Dash,Faculty of CS & IT,Machine Learning Algorithms,,,,National,2023,978-93-5757-193-7,Kalinga University,Scientific International Publishing House
book-chapter-23-24,31,Omprakash Dewangan,Faculty of CS & IT,Machine Learning Algorithms,,,,National,2023,978-93-5757-193-7,Kalinga University,Scientific International Publishing House
book-chapter-23-24,32,Proshanta Sarkar,Faculty of CS & IT,Machine Learning Algorithms,,,,National,2023,978-93-5757-193-7,Kalinga University,Scientific International Publishing House
book-chapter-23-24,33,Shilpi Chaubey,Faculty of CS & IT,Machine Learning Algorithms,,,,National,2023,978-93-5757-193-7,Kalinga University,Scientific International Publishing House
book-chapter-23-24,34,Dr. Renuka Sahu,Faculty of Technology,A new Approach for secure McEliece Cryptographic Scheme using Smith from Convolutional Code,,,,National,2023,978-93-5757-193-7,Kalinga University,Scientific International Publishing House
book-chapter-23-24,35,Dr. Aloke Verma,Faculty of Science,Review of Nanomaterials Current Function in Pollution control,,,,National,2023,978-93-5757-193-7,Kalinga University,Scientific International Publishing House
book-chapter-23-24,36,Dr. Aloke Verma,Faculty of Science,Nano Chemistry and their Application,,,,National,2023,978-93-5757-193-7,Kalinga University,Scientific International Publishing House
book-chapter-23-24,37,Shreya Dwivedi,Faculty of Arts & Humanities,FAILURE: A GATEWAY TO SUCCESS,,,,International,2023,978-93-93810-39-7,kalinga university,Empyreal Publishing house
book-chapter-23-24,38,Dr. Amit Joshi,Faculty of Science,Antiviral and Antimicrobial Coatings Based on Functionalized Nanomaterials,,,,International,2023,978-0-323917-83-4,kalinga university,Elsevier
book-chapter-23-24,39,Ms. Riya Goel,Faculty of Commerce & Management,Reclamation and Transformation Through Sustainable Development,,,,National,2023,978-93-92108-73-0,kalinga university,Rudra Publishers & Distributors
book-chapter-23-24,40,Ekta Chandrakar,Faculty of Law,"Globalization Law and Community, Chapter 07",,,,National,2023,978-81-19119-00-4,Kalinga University,Satyam Books
book-chapter-23-24,41,Ekta Chandrakar,Faculty of Law,Emerging Trends & Issues In Education: An Overview ( Chapter),,,,National,2023,978-9-39-5456-98-2,Kalinga University,REDSHINE Publication
book-chapter-23-24,42,Dr. Dhananjay Jain,Faculty of Science,Yoga: Unlocking the Secrets of Preventive Health and Optimal Living,,,,National,2023,979-83-97384-63-6,Kalinga University,INENCE Publication Pvt. Ltd.
book-chapter-23-24,43,Dr. Sanyogita Shahi,Faculty of Science,International Conference on HODIERNAL ASPECT OF SCIENCE AND TECHNOLOGY,,,,National,2023,978-91-962175-0-1,Kalinga university,Avani Publication & Media Pvt. Ltd.
book-chapter-23-24,44,Dr.Sushanta Kumar Sahoo,Faculty of Science,Role of ICT in Academic libraries,,,,National,2023,978-93-5535-870-7,Kalinga university,Books Clinical Publishing
book-chapter-23-24,45,Dr. Shilpi shrivastava,Faculty of Science,Drug Chemistry (Book Chapter ),,,,National,2023,978-93-88901-64-2,Kalinga University,Bhumi Publication
book-chapter-23-24,46,Miss Priyanka Gupta,Faculty of Science,Assessment of Opportunities and Challenges in the Hydrogen Economy,,,,National,2023,978-81-958117-4-8,Kalinga university,SAAR Publication
book-chapter-23-24,47,Mr. Gaurav Tamrakar,Faculty of Science,Assessment of Opportunities and Challenges in the Hydrogen Economy,,,,National,2023,978-81-958117-4-8,Kalinga university,SAAR Publication
book-chapter-23-24,48,Mr. Gaurav Tamrakar,Faculty of Science,Sustainable Biodiesel Production from Non-Edible Renewable Feedstocks,,,,National,2023,978-81-958117-4-8,Kalinga university,SAAR Publication
book-chapter-23-24,49,Miss Priyanka Gupta,Faculty of Science,Sustainable Biodiesel Production from Non-Edible Renewable Feedstocks,,,,National,2023,978-81-958117-4-8,Kalinga university,SAAR Publication
book-chapter-23-24,50,Mr. Manas Rathore,Faculty of Technology,Design of Slab Culvert Using Software,---,,,National,2023,,Kalinga university,Notion Press
book-chapter-23-24,51,Mrs. Kirti Sahu Tirpude,Faculty of Technology,Design of Slab Culvert Using Software,---,,,National,2023,,Kalinga university,Notion Press
book-chapter-23-24,52,Mrs. Kirti Sahu Tirpude,Faculty of Technology,SELF HEALING CONCRETE: Bacterial Concrete,---,,,National,2023,,Kalinga university,Notion Press
book-chapter-23-24,53,Mr. Manas Rathore,Faculty of Technology,SELF HEALING CONCRETE: Bacterial Concrete,---,,,National,2023,,Kalinga university,Notion Press
book-chapter-23-24,55,Ms. Riya Goel,Faculty of Commerce & Management,Reclamation and Transformation Through Sustainable Development,Promoting Innovation and Sustainable Industrialization: A Guide For Government And Private Sector,,,National,2023,978-93-32108-73-0,Kalinga university,Rudra Publishers and Distributors
book-chapter-23-24,56,Sandip Prasad Tiwari,Faculty of Pharmacy,Probiotics based anticancer immunity in lung cancer,,,,National,2023,978-981-5124-79-8,Kalinga university,Bentham Science
book-chapter-23-24,57,Rajni Yadav,Faculty of Pharmacy,Probiotics based anticancer immunity in lung cancer,,,,National,2023,978-981-5124-79-8,Kalinga university,Bentham Science
book-chapter-23-24,58,Akash Pandey,Faculty of CS & IT,,Oral Cancer detection using ANN & CNN,Proceeding of National Conference On Recent Innovations in Emerging Computer Technologies (NCRIECT-2023),,National,2023,979-8-3938-8807-7,Kalinga university,Inence Publications
book-chapter-23-24,59,Akash Pandey,Faculty of CS & IT,,"Research of IOT, Let IOT be your compass of future",Proceeding of National Conference On Recent Innovations in Emerging Computer Technologies (NCRIECT-2023),,National,2023,979-8-3938-8807-7,Kalinga university,Inence Publications
book-chapter-23-24,60,Ms Kirti Nahak,Faculty of CS & IT,,A wireless networks study using 6G technology,Proceeding of National Conference On Recent Innovations in Emerging Computer Technologies (NCRIECT-2023),,National,2023,979-8-3938-8807-7,Kalinga university,Inence Publications
book-chapter-23-24,61,Ms Kirti Nahak,Faculty of CS & IT,,A survey paper on Internet of Things for Next Generation Smart Systems,Proceeding of National Conference On Recent Innovations in Emerging Computer Technologies (NCRIECT-2023),,National,2023,979-8-3938-8807-7,Kalinga university,Inence Publications
book-chapter-23-24,62,Ms Kirti Nahak,Faculty of CS & IT,,A study of Natural Language Processing and It's algorithms.,Proceeding of National Conference On Recent Innovations in Emerging Computer Technologies (NCRIECT-2023),,National,2023,979-8-3938-8807-7,Kalinga university,Inence Publications
book-chapter-23-24,63,Ms Kirti Nahak,Faculty of CS & IT,,"Discord Bot- ""Eva2""",Proceeding of National Conference On Recent Innovations in Emerging Computer Technologies (NCRIECT-2023),,National,2023,979-8-3938-8807-7,Kalinga university,Inence Publications
book-chapter-23-24,64,Mr. Kamlesh Kumar Yadav,Faculty of CS & IT,,Revolutionizing Drug Discovery : A review of ML technique for distifying promising com,Proceeding of National Conference On Recent Innovations in Emerging Computer Technologies (NCRIECT-2023),,National,2023,979-8-3938-8807-7,Kalinga university,Inence Publications
book-chapter-23-24,65,Mr. Kamlesh Kumar Yadav,Faculty of CS & IT,,Cyber warfare,Proceeding of National Conference On Recent Innovations in Emerging Computer Technologies (NCRIECT-2023),,National,2023,979-8-3938-8807-8,Kalinga university,Inence Publications
book-chapter-23-24,66,Mr. Kamlesh Kumar Yadav,Faculty of CS & IT,,Cloud Computing: A study on technical and security issues,Proceeding of National Conference On Recent Innovations in Emerging Computer Technologies (NCRIECT-2023),,National,2023,979-8-3938-8807-9,Kalinga university,Inence Publications
book-chapter-23-24,67,Mrs. Divya,Faculty of CS & IT,,In-Depth Study of the Internet of Things (IoT),Proceeding of National Conference On Recent Innovations in Emerging Computer Technologies (NCRIECT-2023),,National,2023,979-8-3938-8807-8,Kalinga university,Inence Publications
book-chapter-23-24,68,Mrs. Divya,Faculty of CS & IT,,Mathematical Analysis of fMRI data,Proceeding of National Conference On Recent Innovations in Emerging Computer Technologies (NCRIECT-2023),,National,2023,979-8-3938-8807-8,Kalinga university,Inence Publications
book-chapter-23-24,69,Mrs. Divya,Faculty of CS & IT,,ANALYSIS AND INTERPRETATION OF ADOLESCENT MULTI RELATIONSHIP AND PRIVACY DURING COVID-19 PANDEMIC,6th International Conference on Information Systems and Computer Networks 2023 (ISCON),,International,2023,DOI: 10.1109/ISCON57294.2023,Kalinga university,IEEE Xplore
book-chapter-23-24,70,Mrs. Akanksha Mishra,Faculty of CS & IT,,A survey: IoT and artificial intelligence implementations for Remote healthcare monitoring systems for disabled person,Proceeding of National Conference On Recent Innovations in Emerging Computer Technologies (NCRIECT-2023),,National,2023,979-8-3938-8807-9,Kalinga university,Inence Publications
book-chapter-23-24,71,Mrs. Akanksha Mishra,Faculty of CS & IT,,How advanced AI Technologies are impacting on academia,Proceeding of National Conference On Recent Innovations in Emerging Computer Technologies (NCRIECT-2023),,National,2023,979-8-3938-8807-10,Kalinga university,Inence Publications
book-chapter-23-24,72,Mrs. Akanksha Mishra,Faculty of CS & IT,,Research on Machine Learning and Its Algorithms,Proceeding of National Conference On Recent Innovations in Emerging Computer Technologies (NCRIECT-2023),,National,2023,979-8-3938-8807-11,Kalinga university,Inence Publications
book-chapter-23-24,73,Mrs. Swati Tiwari,Faculty of CS & IT,,Research on Machine Learning and Its Algorithms,Proceeding of National Conference On Recent Innovations in Emerging Computer Technologies (NCRIECT-2023),,National,2023,979-8-3938-8807-10,Kalinga university,Inence Publications
book-chapter-23-24,74,Mrs. Swati Tiwari,Faculty of CS & IT,,How advanced AI Technologies are impacting on academia,Proceeding of National Conference On Recent Innovations in Emerging Computer Technologies (NCRIECT-2023),,National,2023,979-8-3938-8807-11,Kalinga university,Inence Publications
book-chapter-23-24,75,Ms Nikita Pathrotkar,Faculty of CS & IT,,Innovative use of Machine learning in social networking platform,Proceeding of National Conference On Recent Innovations in Emerging Computer Technologies (NCRIECT-2023),,National,2023,979-8-3938-8807-9,Kalinga university,Inence Publications
book-chapter-23-24,76,Ms. Nikita Pathrotkar,Faculty of CS & IT,,A review on real time monitoring of farm environment condition,Proceeding of National Conference On Recent Innovations in Emerging Computer Technologies (NCRIECT-2023),,National,2023,979-8-3938-8807-9,Kalinga university,Inence Publications
book-chapter-23-24,77,Ms. Nikita Pathrotkar,Faculty of CS & IT,,5G technology and networks,Proceeding of National Conference On Recent Innovations in Emerging Computer Technologies (NCRIECT-2023),,National,2023,979-8-3938-8807-9,Kalinga university,Inence Publications
book-chapter-23-24,78,Dr. Amit Joshi,Faculty of Science,Antiviral and Antimicrobial Coatings Based on Functionalized Nanomaterials: Chapter 16 - Medical applications of functional antimicrobial nanoparticles,,,,International,2023,978-0-323-91783-4,Kalinga university,Elsevier
book-chapter-23-24,79,Dr. N.K. Dhapekar,Faculty of Technology,Recent Techniques in highway construction,…...,,,National,2023,978-93-94819-37-5,Kalinga university,"JyotiKiran Publication, Pune (International Publication Reg No. UDYAM-MH-32-0043896)"
book-chapter-23-24,80,Mr. Debasis Mohanty,Faculty of Commerce & Management,Intellectual Property Rights and Innovation in startups and SMEs: A Theoretical Deconstruction,,,,National,2023,978-93-94701-87-8,Kalinga university,Bloomsberry Publishing India PVT LTD
book-chapter-23-24,81,Mr. Raja Emani,Faculty of Commerce & Management,Intellectual Property Rights and Innovation in startups and SMEs: A Theoretical Deconstruction,,,,National,2023,978-93-94701-87-8,Kalinga university,Bloomsberry Publishing India PVT LTD
book-chapter-23-24,82,Mr. Kunal Dewangan,Faculty of Technology,Recent Advances in Mechanical Engineering,"Investigation and Optimization of Wire EDM Process Parameters
 for Inconel 925 Superalloy Using the Taguchi Gray Relation",,,International,2023,978-981-99-2349-6,Kalinga university,Springer Singapore
book-chapter-23-24,83,Mr. Kunal Dewangan,Faculty of Technology,Computational Optimization Modeling and simulation for Engineering Applications,Investigation of Inversion in Planar Kinematic Chains,,,National,2023,9781770000000,Kalinga university,Taylor & Fracncis (Scopus and WOS Indexed)
book-chapter-23-24,84,Dr. Aloke Verma,Faculty of Science,"Studying the Luminescence of Yb3+/Ho3+ Doped Cepo4 Nanophosphors Through Their Synthesis, Characterization, and Fabrication. Advances in Science and Technology",,,,National,2023,978-93-88901-52-9,Kalinga university,Bhoomi Publication
book-chapter-23-24,85,Dr Ajay Kumar Shukla,Faculty of Arts & Humanities,How the National Education Policy in India Enhances the Achieving of United Nations Sustainable Development Goals,ASPIRE - 2023,,,National,2023,978-81-946772-3-9,Kalinga university,GLOBAL EDUCATION
book-chapter-23-24,86,Dr. Deepa Biswas,Faculty of Science,Recent Trends of Innovations in Chemical and Biological Sciences,No,,,National,2023,978-93-88901-38-3,Kalinga university,BHUMI PUBLISHING
book-chapter-23-24,87,All Faculties,Faculty of Commerce & Management,Business Case Studies,,,,National,2023,,Kalinga university,Notion Press
book-chapter-23-24,88,Dr. Preeti Pandey,Faculty of Science,A High Performance Electrochemical Sensor For Alfuzosin Based On Zinc Oxide–Graphene Nanosheet Hybrid Films,7th International Conference on Nanoscience and Nanotechnology 27-29 march 2023 (ICONN),,,National,2023,978-93-5577-983-0,Kalinga university,Charulatha Publications
book-chapter-23-24,95,Dr. Renuka Sahu,Faculty of Technology,A new Approach for secure McEliece Cryptographic Scheme using Smith from Convolutional Code,,,,National,2023,978-93-5811-696-0,Kalinga university,"Animesh Kumar Sharma, 2023"
book-chapter-23-24,96,Dr. Aloke Verma,Faculty of Science,Review of Nanomaterials Current Function in Pollution control,-,,,National,2023,978-93-88901-38-3,Kalinga university,Bhumi Publication
book-chapter-23-24,97,Dr. Aloke Verma,Faculty of Science,Nano Chemistry and their Application,,,,National,2023,978-93-88901-38-3,Kalinga university,Bhumi Publication
book-chapter-23-24,98,Dr. Shilpi Shrivastava,Faculty of Science,"Health, Hygiene, Sanitisation and Environment of Pandemic times",,,,National,2023,978-93-5457-589-1,Kalinga university,Immortal Publications
book-chapter-23-24,99,Dr. Deepa Biswas,Faculty of Science,Green Economy: Sustainable Future,No,,,National,2023,978-93-95185-80-6,Kalinga University,Elite Publishing House
book-chapter-23-24,100,Dr. Shraddha Hirkane,Faculty of Arts & Humanities,lkfgR; vkSj bfrgkl ds vkbZus esa L=h,,,,National,2023,978-93-93146-038,Kalinga University,Shiva Books
book-chapter-23-24,101,Dr. Shilpi Shrivastava,Faculty of Science,Durg Chemistry,,,,National,2023,978-93-88901-64-2,Kalinga University,"Bhumi Publishing,India"
book-chapter-23-24,102,Mrs. Sarvaree Bano,Faculty of Science,Durg Chemistry,,,,National,2023,978-93-88901-64-2,Kalinga University,"Bhumi Publishing,India"
book-chapter-23-24,103,Mrs. Preeti Pandey,Faculty of Science,Durg Chemistry,,,,National,2023,978-93-88901-64-2,Kalinga University,"Bhumi Publishing,India"
book-chapter-23-24,104,Mrs. Priyanka Gupta,Faculty of Science,Durg Chemistry,,,,National,2023,978-93-88901-64-2,Kalinga University,"Bhumi Publishing,India"
book-chapter-23-24,105,Mrs. Anushree Shaha,Faculty of Science,Durg Chemistry,,,,National,2023,978-93-88901-64-2,Kalinga University,"Bhumi Publishing,India"
book-chapter-23-24,106,Dr. Aloke Verma,Faculty of Science,Research Trends in Material Science,,,,National,2023,978-93-88901-83-3,Kalinga University,"Bhumi Publishing,India"
book-chapter-23-24,107,Ms. Tuhina choubey,Faculty of Arts & Humanities,"fyax vkSj /keZ ,d voyksdu",,,,National,2023,978-93-92108-97-6,Kalinga University,Rudra Publishers & Distributors
book-chapter-23-24,108,Dr. Aakriti Dewangan,Faculty of Arts & Humanities,Gender and Religion,,,,National,2023,978-93-92108-96-9,Kalinga University,Rudra Publishers & Distributors
book-chapter-23-24,109,EPHRIAM T. FAYIAH,Faculty of Arts & Humanities,EXPLORING THE CHALLENGES AND SUPPORT STRATEGIES FOR SINGLE PARENTS IN LIBERIA: A STUDY OF THE DIXVILLE TOWNSHIP,,,,National,2023,978-93-91892-67-8,Kalinga University,Educational Publishers
book-chapter-23-24,110,DR. AAKRITI DEWANGAN,Faculty of Arts & Humanities,EXPLORING THE CHALLENGES AND SUPPORT STRATEGIES FOR SINGLE PARENTS IN LIBERIA: A STUDY OF THE DIXVILLE TOWNSHIP,,,,National,2023,978-93-91892-67-8,Kalinga University,Educational Publishers
book-chapter-23-24,111,AYUSHI GUPTA,Faculty of Arts & Humanities,RELEVANCE OF TELEVISION NEWS AND THEIR PRESENCE ON SOCIAL MEDIA,,,,National,2023,978-93-91892-35-7,Kalinga University,Educational Publishers
book-chapter-23-24,112,MRS. SHREYA DWIVEDY,Faculty of Arts & Humanities,RELEVANCE OF TELEVISION NEWS AND THEIR PRESENCE ON SOCIAL MEDIA,,,,National,2023,978-93-91892-35-7,Kalinga University,Educational Publishers
book-chapter-23-24,113,VISHAL SOLANKI,Faculty of Arts & Humanities,EVOLUTION AND ROLE OF MOJO (MOBILE JOURNALISM) AS A MEDIA FIELD,,,,National,2023,978-93-91892-36-4,Kalinga University,Educational Publishers
book-chapter-23-24,114,MRS. SHREYA DWIVEDY,Faculty of Arts & Humanities,EVOLUTION AND ROLE OF MOJO (MOBILE JOURNALISM) AS A MEDIA FIELD,,,,National,2023,978-93-91892-36-4,Kalinga University,Educational Publishers
book-chapter-23-24,115,FAVOURITE MKIZE,Faculty of Arts & Humanities,A STUDY ON PSYCHOLOGICAL WELLBEING OF CHILDREN WITH SEPARATED PARENTS,,,,National,2023,978-93-91892-75-3,Kalinga University,Educational Publishers
book-chapter-23-24,116,DR. MANOJ MATHEW,Faculty of Arts & Humanities,A STUDY ON PSYCHOLOGICAL WELLBEING OF CHILDREN WITH SEPARATED PARENTS,,,,National,2023,978-93-91892-75-3,Kalinga University,Educational Publishers
book-chapter-23-24,117,DAS KAJARI RANENDRA,Faculty of Science,"THE MOLECULAR STUDY OF ẞ-DEFENSIN GENE EXPRESSION UPON BACTERIAL INFECTION IN FISH SPECIES""",,,,National,2023,978-93-91892-90-6,Kalinga University,Educational Publishers
book-chapter-23-24,118,DR. MANOJ SINGH,Faculty of Science,"THE MOLECULAR STUDY OF ẞ-DEFENSIN GENE EXPRESSION UPON BACTERIAL INFECTION IN FISH SPECIES""",,,,National,2023,978-93-91892-90-6,Kalinga University,Educational Publishers
book-chapter-23-24,119,KAVITA SAHU,Faculty of Science,RADIATION AWARENESS AMONG RADIOGRAPHER RADIOTHERAPISTS AND LAB TECHNOLOGIST IN CHHATTISGARH,,,,National,2023,978-93-91892-39-5,Kalinga University,Educational Publishers
book-chapter-23-24,120,DR. MANOJ SINGH,Faculty of Science,RADIATION AWARENESS AMONG RADIOGRAPHER RADIOTHERAPISTS AND LAB TECHNOLOGIST IN CHHATTISGARH,,,,National,2023,978-93-91892-39-5,Kalinga University,Educational Publishers
book-chapter-23-24,121,MS. NIKITA KAND,Faculty of Science,"FISH DIVERSITY IN DIFFERENT PONDS OF NUAPADA DISTRICT, ODISHA",,,,National,2023,978-93-91892-83-8,Kalinga University,Educational Publishers
book-chapter-23-24,122,DR. AJAY KUMAR HARIT,Faculty of Science,"FISH DIVERSITY IN DIFFERENT PONDS OF NUAPADA DISTRICT, ODISHA",,,,National,2023,978-93-91892-83-8,Kalinga University,Educational Publishers
book-chapter-23-24,123,VIKASH KUMAR BARI,Faculty of Science,THE ROLE OF BIOTECHNOLOGY IN THE CONSERVATION OF BIODIVERSITY,,,,National,2023,978-93-91892-59-3,Kalinga University,Educational Publishers
book-chapter-23-24,124,DR. AJAY KUMAR HARIT,Faculty of Science,THE ROLE OF BIOTECHNOLOGY IN THE CONSERVATION OF BIODIVERSITY,,,,National,2023,978-93-91892-59-3,Kalinga University,Educational Publishers
book-chapter-23-24,125,PRIYANKA VIJAN,Faculty of Science,STATISTICAL ANALYSIS OF VALUE ADDITION OF ORGANIC TEXTILE IN INDIA,,,,National,2023,978-93-91892-82-1,Kalinga University,Educational Publishers
book-chapter-23-24,126,DR. RENUKA SAHU,Faculty of Science,STATISTICAL ANALYSIS OF VALUE ADDITION OF ORGANIC TEXTILE IN INDIA,,,,National,2023,978-93-91892-82-1,Kalinga University,Educational Publishers
book-chapter-23-24,127,AMON PENGEYO,Faculty of Science,THE STUDY OF QUEUING THEORY AND ITS APPLICATIONS TO INSTITUTION OF PUBLIC SERVICE,,,,National,2023,978-93-91892-69-2,Kalinga University,Educational Publishers
book-chapter-23-24,128,DR. G.V.V. JAGANNADHA RAO,Faculty of Science,THE STUDY OF QUEUING THEORY AND ITS APPLICATIONS TO INSTITUTION OF PUBLIC SERVICE,,,,National,2023,978-93-91892-69-2,Kalinga University,Educational Publishers
book-chapter-23-24,129,CHANCHAL KHYALIA,Faculty of Science,STUDY ON SUICIDAL DATA USING STATISTICAL ANALYSIS,,,,National,2023,978-93-91892-53-1,Kalinga University,Educational Publishers
book-chapter-23-24,130,DR. TEJASWINI PRADHAN,Faculty of Science,STUDY ON SUICIDAL DATA USING STATISTICAL ANALYSIS,,,,National,2023,978-93-91892-53-1,Kalinga University,Educational Publishers
book-chapter-23-24,131,S. LEKHA,Faculty of Science,THE BANACH FIXED POINT THEOREM AND ITS APPLICATIONS,,,,National,2023,978-93-91892-84-5,Kalinga University,Educational Publishers
book-chapter-23-24,132,DR. TEJASWINI PRADHAN,Faculty of Science,THE BANACH FIXED POINT THEOREM AND ITS APPLICATIONS,,,,National,2023,978-93-91892-84-5,Kalinga University,Educational Publishers
book-chapter-23-24,133,MEENA PATEL,Faculty of Science,REAL LIFE APPLICATION OF PARTIAL DIFFERENTIAL EQUATION,,,,National,2023,978-93-91892-80-7,Kalinga University,Educational Publishers
book-chapter-23-24,134,MR. SATPAL PANIKA,Faculty of Science,REAL LIFE APPLICATION OF PARTIAL DIFFERENTIAL EQUATION,,,,National,2023,978-93-91892-80-7,Kalinga University,Educational Publishers
book-chapter-23-24,135,MEENA SAHU,Faculty of Science,"AN ANALYSIS OF TEACHER’S CONFIDENCE
 IN TEACHING MATHEMATICS AND STATISTICS",,,,National,2023,978-93-91892-85-2,Kalinga University,Educational Publishers
book-chapter-23-24,136,MR. NIGAMA PRASAN SAHOO,Faculty of Science,"AN ANALYSIS OF TEACHER’S CONFIDENCE
 IN TEACHING MATHEMATICS AND STATISTICS",,,,National,2023,978-93-91892-85-2,Kalinga University,Educational Publishers
book-chapter-23-24,137,POORNIMA SAHU,Faculty of Science,"STATISTICAL ANALYSIS OF LITERACY RATES IN
 CHHATTISGARH AND KERALA",,,,National,2023,978-93-91892-49-4,Kalinga University,Educational Publishers
book-chapter-23-24,138,MR. NIGAMA PRASAN SAHOO,Faculty of Science,"STATISTICAL ANALYSIS OF LITERACY RATES IN
 CHHATTISGARH AND KERALA",,,,National,2023,978-93-91892-49-4,Kalinga University,Educational Publishers
book-chapter-23-24,139,VENKATA SAI RENUKA SUBHA SRI P,Faculty of Science,STATISTICAL ANALYSIS ON PERFORMANCE OF PRIVATE SECTOR BANKS IN INDIA,,,,National,2023,978-93-91892-98-2,Kalinga University,Educational Publishers
book-chapter-23-24,140,DR. RENUKA SAHU,Faculty of Science,STATISTICAL ANALYSIS ON PERFORMANCE OF PRIVATE SECTOR BANKS IN INDIA,,,,National,2023,978-93-91892-98-2,Kalinga University,Educational Publishers
book-chapter-23-24,141,ROHIT MEHTA,Faculty of Science,STREAM SELECTION USING STATISTICAL ANALYSIS,,,,National,2023,978-93-91892-77-7,Kalinga University,Educational Publishers
book-chapter-23-24,142,MR. SATPAL PANIKA,Faculty of Science,STREAM SELECTION USING STATISTICAL ANALYSIS,,,,National,2023,978-93-91892-77-7,Kalinga University,Educational Publishers
book-chapter-23-24,143,SAPANA MITTAL,Faculty of Science,STUDY ON ALGEBRAIC MATHEMATICS & FUNDAMENTAL CONCEPTS,,,,National,2023,978-93-91892-51-7,Kalinga University,Educational Publishers
book-chapter-23-24,144,DR. TEJASWINI PRADHAN,Faculty of Science,STUDY ON ALGEBRAIC MATHEMATICS & FUNDAMENTAL CONCEPTS,,,,National,2023,978-93-91892-51-7,Kalinga University,Educational Publishers
book-chapter-23-24,145,VANDANA MANOJ SINGH,Faculty of Science,MINIMIZATION OF WAITING TIME WITH USING QUEUING THEORY,,,,National,2023,978-93-91892-87-6,Kalinga University,Educational Publishers
book-chapter-23-24,146,DR. G.V.V. JAGANNADHA RAO,Faculty of Science,MINIMIZATION OF WAITING TIME WITH USING QUEUING THEORY,,,,National,2023,978-93-91892-87-6,Kalinga University,Educational Publishers
book-chapter-23-24,147,YOGENDRA KUMAR,Faculty of Science,SIGNIFICANCE OF MATRIX IN VARIOUS FIELDS,,,,National,2023,978-93-91892-60-9,Kalinga University,Educational Publishers
book-chapter-23-24,148,DR. RENUKA SAHU,Faculty of Science,SIGNIFICANCE OF MATRIX IN VARIOUS FIELDS,,,,National,2023,978-93-91892-60-9,Kalinga University,Educational Publishers
book-chapter-23-24,149,AROKIANATHAN A,Faculty of Education,EFFECT OF PRACTICING 3X3 AND 5X5 FORM OF BASKETBALL ON PHYSICAL FITNESS COMPONENTS OF BASKETBALL PLAYERS,,,,National,2023,978-93-91892-06-7,Kalinga University,Educational Publishers
book-chapter-23-24,150,DR. SANJEEV KUMAR YADAV,Faculty of Education,EFFECT OF PRACTICING 3X3 AND 5X5 FORM OF BASKETBALL ON PHYSICAL FITNESS COMPONENTS OF BASKETBALL PLAYERS,,,,National,2023,978-93-91892-06-7,Kalinga University,Educational Publishers
book-chapter-23-24,151,ISHMAEL K. WASHINGTON,Faculty of Education,"PRESENT SCENARIO OF THE RURAL DISTRICT PRIMARY EDUCATION IN LIBERIA, WEST AFRICA",,,,National,2023,978-93-91892-20-3,Kalinga University,Educational Publishers
book-chapter-23-24,152,DR. SHRADHHA VERMA,Faculty of Education,"PRESENT SCENARIO OF THE RURAL DISTRICT PRIMARY EDUCATION IN LIBERIA, WEST AFRICA",,,,National,2023,978-93-91892-20-3,Kalinga University,Educational Publishers
book-chapter-23-24,153,PRAVEEN KUMAR VERMA,Faculty of Science,A STUDY ON ISOLATION AND CHARACTERISTICS OF PETROL/ OIL DEGRADING MICROORGANISMS,,,,National,2023,978-93-91892-16-6,Kalinga University,Educational Publishers
book-chapter-23-24,154,DR. SUCHITRA KU PANIGRAHY,Faculty of Science,A STUDY ON ISOLATION AND CHARACTERISTICS OF PETROL/ OIL DEGRADING MICROORGANISMS,,,,National,2023,978-93-91892-16-6,Kalinga University,Educational Publishers
book-chapter-23-24,155,AARTI YADAV,Faculty of Science,ISOLATION AND IDENTIFICATION OF ANTIBIOTIC PRODUCING MICROORGANISM FROM SOIL,,,,National,2023,978-93-91892-45-6,Kalinga University,Educational Publishers
book-chapter-23-24,156,DR. SUSHMA DUBEY,Faculty of Science,ISOLATION AND IDENTIFICATION OF ANTIBIOTIC PRODUCING MICROORGANISM FROM SOIL,,,,National,2023,978-93-91892-45-6,Kalinga University,Educational Publishers
book-chapter-23-24,157,ANKIT SAHU,Faculty of Science,STUDY OF BIOACTIVE PROPERTIES OF IXORA-IRON NANOPARTICLES,,,,National,2023,978-93-91892-99-9,Kalinga University,Educational Publishers
book-chapter-23-24,158,DR. ABHIJEETA NANDHA,Faculty of Science,STUDY OF BIOACTIVE PROPERTIES OF IXORA-IRON NANOPARTICLES,,,,National,2023,978-93-91892-99-9,Kalinga University,Educational Publishers
book-chapter-23-24,159,ARTI PATEL,Faculty of Science,ISOLATION AND CHARACTERIZATION OF PLASTIC DEGRADING BACTERIA,,,,National,2023,978-93-91892-57-9,Kalinga University,Educational Publishers
book-chapter-23-24,160,DR. SUCHITRA KU PANIGRAHY,Faculty of Science,ISOLATION AND CHARACTERIZATION OF PLASTIC DEGRADING BACTERIA,,,,National,2023,978-93-91892-57-9,Kalinga University,Educational Publishers
book-chapter-23-24,161,AYUSHEE SAO,Faculty of Science,PRODUCTION OF GREEN SILVER NANOPARTICLES AND ITS ANALYSIS FOR ANTIMICROBIAL ACTIVITY USING NEOLAMARCKIA CADAMBA AND CLITORIA TERNATEA,,,,National,2023,978-93-91892-72-2,Kalinga University,Educational Publishers
book-chapter-23-24,162,DR. ABHIJEETA NANDHA,Faculty of Science,PRODUCTION OF GREEN SILVER NANOPARTICLES AND ITS ANALYSIS FOR ANTIMICROBIAL ACTIVITY USING NEOLAMARCKIA CADAMBA AND CLITORIA TERNATEA,,,,National,2023,978-93-91892-72-2,Kalinga University,Educational Publishers
book-chapter-23-24,163,SOFIA KHATOON,Faculty of Science,IDENTIFICATION PROTEIN DRUG TARGETS FOR ASPERGILLOSIS CAUSED BY A. NIGER USING IN-SILCO METHOD-SPA,,,,National,2023,978-93-91892-22-7,Kalinga University,Educational Publishers
book-chapter-23-24,164,DR. SUSHMA DUBEY,Faculty of Science,IDENTIFICATION PROTEIN DRUG TARGETS FOR ASPERGILLOSIS CAUSED BY A. NIGER USING IN-SILCO METHOD-SPA,,,,National,2023,978-93-91892-22-7,Kalinga University,Educational Publishers
book-chapter-23-24,165,NAGHMA AFREEN,Faculty of Science,ISOLATION AND CHARACTERISATION OF BACTERIOCIN FROM PROBIOTIC LACTOBACILLUS SP. AND STUDY OF THEIR APPLICATION IN FOOD PRESERVATION,,,,National,2023,978-93-91892-46-3,Kalinga University,Educational Publishers
book-chapter-23-24,166,MR. KUSHAL BANERJEE,Faculty of Science,ISOLATION AND CHARACTERISATION OF BACTERIOCIN FROM PROBIOTIC LACTOBACILLUS SP. AND STUDY OF THEIR APPLICATION IN FOOD PRESERVATION,,,,National,2023,978-93-91892-46-3,Kalinga University,Educational Publishers
book-chapter-23-24,167,NEETU CHAUDHARY,Faculty of Science,EXTRACTION OF AZADIRACHTIN FROM NEEM SEED KERNELS AND TESTING PURITY LEVEL AND STUDY OF THEIR APPLICATION,,,,National,2023,978-93-91892-70-8,Kalinga University,Educational Publishers
book-chapter-23-24,168,MR. KUSHAL BANERJEE,Faculty of Science,EXTRACTION OF AZADIRACHTIN FROM NEEM SEED KERNELS AND TESTING PURITY LEVEL AND STUDY OF THEIR APPLICATION,,,,National,2023,978-93-91892-70-8,Kalinga University,Educational Publishers
book-chapter-23-24,169,POOJA GANWARE,Faculty of Science,EFFECT OF TEMPERATURE ON PHOSPHATE SOLUBILIZING BACTERIA ISOLATED FROM SOIL,,,,National,2023,978-93-91892-95-1,Kalinga University,Educational Publishers
book-chapter-23-24,170,MR. KUSHAL BANERJEE,Faculty of Science,EFFECT OF TEMPERATURE ON PHOSPHATE SOLUBILIZING BACTERIA ISOLATED FROM SOIL,,,,National,2023,978-93-91892-95-1,Kalinga University,Educational Publishers
book-chapter-23-24,171,PRIYESH KUMAR MISHRA,Faculty of Science,"ANTIMICROBIAL PROPERTIES OF LIQUID MUSHROOM
 (PLEUROTUS FLORIDA)",,,,National,2023,978-93-91892-26-5,Kalinga University,Educational Publishers
book-chapter-23-24,172,DR. SUSHMA DUBEY,Faculty of Science,"ANTIMICROBIAL PROPERTIES OF LIQUID MUSHROOM
 (PLEUROTUS FLORIDA)",,,,National,2023,978-93-91892-26-5,Kalinga University,Educational Publishers
book-chapter-23-24,173,RIYA SHARMA,Faculty of Science,SYNERGISTIC EFFECT OF ANTIBACTERIAL PROPERTIES OF HERBAL SILVER NANOPARTICLES ON MICROORGANISMS,,,,National,2023,978-93-91892-42-5,Kalinga University,Educational Publishers
book-chapter-23-24,174,DR. SUSHMA DUBEY,Faculty of Science,SYNERGISTIC EFFECT OF ANTIBACTERIAL PROPERTIES OF HERBAL SILVER NANOPARTICLES ON MICROORGANISMS,,,,National,2023,978-93-91892-42-5,Kalinga University,Educational Publishers
book-chapter-23-24,175,RUCHI VERMA,Faculty of Science,"CURRENT EFFORTS TO UNDERSTAND THE BIOLOGY
 OF ASD THROUGH GENETIC VARIATIONS AND ITS
 IMPORTANCE TO FUTURE THERAPEUTIC
 DIRECTIONS",,,,National,2023,978-93-91892-92-0,Kalinga University,Educational Publishers
book-chapter-23-24,176,DR. SUSHMA DUBEY,Faculty of Science,"CURRENT EFFORTS TO UNDERSTAND THE BIOLOGY
 OF ASD THROUGH GENETIC VARIATIONS AND ITS
 IMPORTANCE TO FUTURE THERAPEUTIC
 DIRECTIONS",,,,National,2023,978-93-91892-92-0,Kalinga University,Educational Publishers
book-chapter-23-24,177,SHREYA BISWAS,Faculty of Science,"ISOLATION AND CHARACTERIZATION OF SALT-ADAPTED
 PHOSPHATE SOLUBILIZING BACTERIA FOR PLANT GROWTH
 IMPROVEMENT",,,,National,2023,978-93-91892-96-8,Kalinga University,Educational Publishers
book-chapter-23-24,178,MR. KUSHAL BANERJEE,Faculty of Science,"ISOLATION AND CHARACTERIZATION OF SALT-ADAPTED
 PHOSPHATE SOLUBILIZING BACTERIA FOR PLANT GROWTH
 IMPROVEMENT",,,,National,2023,978-93-91892-96-8,Kalinga University,Educational Publishers
book-chapter-23-24,179,SHREYA JAISWAL,Faculty of Science,PHYTOCHEMICAL ANALYSIS OF ENDOPHYTIC FUNGI ISOLATED FROM THE MEDICINAL PLANT (CHLOROPHYTUM BORIVILIANUM),,,,National,2023,978-93-91892-12-8,Kalinga University,Educational Publishers
book-chapter-23-24,180,DR. SUCHITRA KU PANIGRAHY,Faculty of Science,PHYTOCHEMICAL ANALYSIS OF ENDOPHYTIC FUNGI ISOLATED FROM THE MEDICINAL PLANT (CHLOROPHYTUM BORIVILIANUM),,,,National,2023,978-93-91892-12-8,Kalinga University,Educational Publishers
book-chapter-23-24,181,SWATI TANTI,Faculty of Science,"ANTI-BIOFILM PROPERTY OF GREEN SYNTHESIZED
 SILVER NANOPARTICLE USING ADHATODA VASICA",,,,National,2023,978-93-91892-54-8,Kalinga University,Educational Publishers
book-chapter-23-24,182,DR. SUCHITRA KU PANIGRAHY,Faculty of Science,"ANTI-BIOFILM PROPERTY OF GREEN SYNTHESIZED
 SILVER NANOPARTICLE USING ADHATODA VASICA",,,,National,2023,978-93-91892-54-8,Kalinga University,Educational Publishers
book-chapter-23-24,183,ARSALAN HALDER,Faculty of Science,"TESTING AND ANALYSIS OF POND WATER IN RAIPUR CITY, CHHATTISGARH, INDIA",,,,National,2023,978-93-91892-56-2,Kalinga University,Educational Publishers
book-chapter-23-24,184,MR. FAIZ BUX,Faculty of Science,"TESTING AND ANALYSIS OF POND WATER IN RAIPUR CITY, CHHATTISGARH, INDIA",,,,National,2023,978-93-91892-56-2,Kalinga University,Educational Publishers
book-chapter-23-24,185,CHANDINEE SAHU,Faculty of Science,"NUTRITIONAL ANALYSIS OF FRUIT OF SELECTED WILD
 FRUIT SPECIES OF ZIZIPHUS MAURITIANA L. FOUND
 IN NAYA RAIPUR, CHHATTISGARH REGION",,,,National,2023,978-93-91892-37-1,Kalinga University,Educational Publishers
book-chapter-23-24,186,MR. FAIZ BUX,Faculty of Science,"NUTRITIONAL ANALYSIS OF FRUIT OF SELECTED WILD
 FRUIT SPECIES OF ZIZIPHUS MAURITIANA L. FOUND
 IN NAYA RAIPUR, CHHATTISGARH REGION",,,,National,2023,978-93-91892-37-1,Kalinga University,Educational Publishers
book-chapter-23-24,187,GANGOTRI MOUREY,Faculty of Science,QUANTITATIVE ESTIMATION OF SECONDARY METABOLITES FROM LEAFY EDIBLE VEGETABLES OF RAIPUR,,,,National,2023,978-93-91892-25-8,Kalinga University,Educational Publishers
book-chapter-23-24,188,MS. ABHISMITA ROY,Faculty of Science,QUANTITATIVE ESTIMATION OF SECONDARY METABOLITES FROM LEAFY EDIBLE VEGETABLES OF RAIPUR,,,,National,2023,978-93-91892-25-8,Kalinga University,Educational Publishers
book-chapter-23-24,189,HARIPRIYA BISWAL,Faculty of Science,"PHYSICO-CHEMICAL ANALYSIS OF SOIL FROM
 DIFFERENT LOCALITIES OF RAIPUR REGION,
 CHHATTISGARH",,,,National,2023,978-93-91892-33-3,Kalinga University,Educational Publishers
book-chapter-23-24,190,MR. FAIZ BUX,Faculty of Science,"PHYSICO-CHEMICAL ANALYSIS OF SOIL FROM
 DIFFERENT LOCALITIES OF RAIPUR REGION,
 CHHATTISGARH",,,,National,2023,978-93-91892-33-3,Kalinga University,Educational Publishers
book-chapter-23-24,191,MADHUSHREE KOLEY,Faculty of Science,ETHNIC FOOD CULTURE OF WEST BENGAL STATE OF INDIA,,,,National,2023,978-93-91892-74-6,Kalinga University,Educational Publishers
book-chapter-23-24,192,MS. ABHISMITA ROY,Faculty of Science,ETHNIC FOOD CULTURE OF WEST BENGAL STATE OF INDIA,,,,National,2023,978-93-91892-74-6,Kalinga University,Educational Publishers
book-chapter-23-24,193,DR. ABHISHEK KUMAR PANDEY,Faculty of Science,ETHNIC FOOD CULTURE OF WEST BENGAL STATE OF INDIA,,,,National,2023,978-93-91892-74-6,Kalinga University,Educational Publishers
book-chapter-23-24,194,POOJA PANIGRAHI,Faculty of Science,"ETHNOMEDICINAL PLANTS USED IN THE HEALTHCARE SYSTEM BY TRIBAL AND RURAL PEOPLE OF DIPKA REGION,CHHATTISGARH",,,,National,2023,978-93-91892-73-9,Kalinga University,Educational Publishers
book-chapter-23-24,195,DR. DEEPA BISWAS,Faculty of Science,"ETHNOMEDICINAL PLANTS USED IN THE HEALTHCARE SYSTEM BY TRIBAL AND RURAL PEOPLE OF DIPKA REGION,CHHATTISGARH",,,,National,2023,978-93-91892-73-9,Kalinga University,Educational Publishers
book-chapter-23-24,196,PREMANJALI SABAR,Faculty of Science,ISOLATION AND IDENTIFICATION OF ENDOPHYTIC FUNGUS FROM TINOSPORA CORDIFOLIA AND THEIR BIOPROSPECTING,,,,National,2023,978-93-91892-32-6,Kalinga University,Educational Publishers
book-chapter-23-24,197,DR. DEEPA BISWAS,Faculty of Science,ISOLATION AND IDENTIFICATION OF ENDOPHYTIC FUNGUS FROM TINOSPORA CORDIFOLIA AND THEIR BIOPROSPECTING,,,,National,2023,978-93-91892-32-6,Kalinga University,Educational Publishers
book-chapter-23-24,198,SHRADDHA SAHU,Faculty of Science,"DIVERSITY OF PHYLLOPLANE LEAF MYCOFLORA SOME
 MEDICINAL PLANT OF NAYA RAIPUR",,,,National,2023,978-93-91892-97-5,Kalinga University,Educational Publishers
book-chapter-23-24,199,DR. DEEPA BISWAS,Faculty of Science,"DIVERSITY OF PHYLLOPLANE LEAF MYCOFLORA SOME
 MEDICINAL PLANT OF NAYA RAIPUR",,,,National,2023,978-93-91892-97-5,Kalinga University,Educational Publishers
book-chapter-23-24,200,SMARANIKA PANDA,Faculty of Science,"CHROMATOGRAPHIC AND MOLECULAR STUDY ON
 WILD PLANT SPECIES OF TOXICOLOGICAL ASPECT
 ABRUS PRECATORIUS COLLECTED FROM THE OPEN
 FOREST AREA OF LARKI, NUAPADA, ODISHA",,,,National,2023,978-93-91892-71-5,Kalinga University,Educational Publishers
book-chapter-23-24,201,MR. FAIZ BUX,Faculty of Science,"CHROMATOGRAPHIC AND MOLECULAR STUDY ON
 WILD PLANT SPECIES OF TOXICOLOGICAL ASPECT
 ABRUS PRECATORIUS COLLECTED FROM THE OPEN
 FOREST AREA OF LARKI, NUAPADA, ODISHA",,,,National,2023,978-93-91892-71-5,Kalinga University,Educational Publishers
book-chapter-23-24,202,SMRITI RAKESH,Faculty of Science,PHARMACOGNOSTIC AND PHYTOCHEMICAL ANALYSIS OF ARGEMONE MEXICANA L. ROOTS,,,,National,2023,978-93-91892-27-2,Kalinga University,Educational Publishers
book-chapter-23-24,203,MS. ABHISMITA ROY,Faculty of Science,PHARMACOGNOSTIC AND PHYTOCHEMICAL ANALYSIS OF ARGEMONE MEXICANA L. ROOTS,,,,National,2023,978-93-91892-27-2,Kalinga University,Educational Publishers
book-chapter-23-24,204,KUNJAL SHUKLA,Faculty of Science,ESTIMATION OF PHYTOCHEMICALS ANALYSIS AND ANTIOXIDANT ACTIVITY OF LINUM USITATISSIMUM,,,,National,2023,978-93-91892-41-8,Kalinga University,Educational Publishers
book-chapter-23-24,205,DR .WASIM RAJA,Faculty of Science,ESTIMATION OF PHYTOCHEMICALS ANALYSIS AND ANTIOXIDANT ACTIVITY OF LINUM USITATISSIMUM,,,,National,2023,978-93-91892-41-8,Kalinga University,Educational Publishers
book-chapter-23-24,206,SUPRIYA HEMRAJ BAWANE,Faculty of Science,CHARACTERIZATION OF BIOFILM PRODUCED BY DIFFERENT STRAINS OF BACTERIA,,,,National,2023,978-93-91892-55-5,Kalinga University,Educational Publishers
book-chapter-23-24,207,DR. PAROMITA BANERJEE,Faculty of Science,CHARACTERIZATION OF BIOFILM PRODUCED BY DIFFERENT STRAINS OF BACTERIA,,,,National,2023,978-93-91892-55-5,Kalinga University,Educational Publishers
book-chapter-23-24,208,S ARIF SHA,Faculty of Law,WOMEN RIGHTS IN ISLAM,,,,National,2023,978-93-91892-19-7,Kalinga University,Educational Publishers
book-chapter-23-24,209,MRS. DARSHI SHARMA,Faculty of Law,WOMEN RIGHTS IN ISLAM,,,,National,2023,978-93-91892-19-7,Kalinga University,Educational Publishers
book-chapter-23-24,210,SANDESH KUMAR BISEN,Faculty of Law,LABOUR REGULATIONS IN HEALTH WORKFORCE,,,,National,2023,978-93-91892-76-0,Kalinga University,Educational Publishers
book-chapter-23-24,211,MRS. DARSHI SHARMA,Faculty of Law,LABOUR REGULATIONS IN HEALTH WORKFORCE,,,,National,2023,978-93-91892-76-0,Kalinga University,Educational Publishers
book-chapter-23-24,212,SANDESH KUMAR BISEN,Faculty of Law,WHITE COLLAR CRIME IN INDIA,,,,National,2023,978-93-6072-412-2,Kalinga University,Educational Publishers
book-chapter-23-24,213,MRS. DARSHI SHARMA,Faculty of Law,WHITE COLLER CRIME IN INDIA,,,,National,2023,978-93-6072-412-2,Kalinga University,Educational Publishers
book-chapter-23-24,214,SANTOSH KR. SHUKLA,Faculty of Law,CORPORATE SOCIAL RESPONSIBILITY IN AGRICULTURE & SPORTS IN INDIA,,,,National,2023,978-93-6072-254-8,Kalinga University,Educational Publishers
book-chapter-23-24,215,MRS. DARSHI SHARMA,Faculty of Law,CORPORATE SOCIAL RESPONSIBILITY IN AGRICULTURE & SPORTS IN INDIA,,,,National,2023,978-93-6072-254-8,Kalinga University,Educational Publishers
book-chapter-23-24,216,SANTOSH KR. SHUKLA,Faculty of Law,"VICARIOUS LIABILITY IN 
 INDIA A COMPARATIVE STUDY: AN ANALYSIS",,,,National,2023,978-93-6072-149-7,Kalinga University,Educational Publishers
book-chapter-23-24,217,MRS. DARSHI SHARMA,Faculty of Law,"VICARIOUS LIABILITY IN 
 INDIA A COMPARATIVE STUDY: AN ANALYSIS",,,,National,2023,978-93-6072-149-7,Kalinga University,Educational Publishers
book-chapter-23-24,218,SHAHROZ GUL KHAN,Faculty of Law,INTERNATIONAL TRADE AND SUSTAINABLE DEVELOPMENT,,,,National,2023,978-93-6072-741-3,Kalinga University,Educational Publishers
book-chapter-23-24,219,MRS. DARSHI SHARMA,Faculty of Law,INTERNATIONAL TRADE AND SUSTAINABLE DEVELOPMENT,,,,National,2023,978-93-6072-741-3,Kalinga University,Educational Publishers
book-chapter-23-24,220,SHAHROZ GUL KHAN,Faculty of Law,CONFLICTS BETWEEN BUSINESS LAW AND TRADE SECRET,,,,National,2023,978-93-6072-582-2,Kalinga University,Educational Publishers
book-chapter-23-24,221,MRS. DARSHI SHARMA,Faculty of Law,CONFLICTS BETWEEN BUSINESS LAW AND TRADE SECRET,,,,National,2023,978-93-6072-582-2,Kalinga University,Educational Publishers
book-chapter-23-24,222,MS. SHAYARA,Faculty of Law,"CYBER CRIME AND ITS
 EFFECT ON YOUNG GENERATIONS",,,,National,2023,978-93-6072-287-6,Kalinga University,Educational Publishers
book-chapter-23-24,223,MRS. DARSHI SHARMA,Faculty of Law,"CYBER CRIME AND ITS
 EFFECT ON YOUNG GENERATIONS",,,,National,2023,978-93-6072-287-6,Kalinga University,Educational Publishers
book-chapter-23-24,224,SHAYON KAR,Faculty of Law,"A CRITICAL STUDY OF DOCTRINE OF FRUSTRATION IN
 CONTRACT LAW: AN ANALYTICAL AND COMPARATIVE STUDY OF
 JUDICIAL TREND IN INDIA AND ENGLAND",,,,National,2023,978-93-6072-383-5,Kalinga University,Educational Publishers
book-chapter-23-24,225,MRS. DARSHI SHARMA,Faculty of Law,"A CRITICAL STUDY OF DOCTRINE OF FRUSTRATION IN
 CONTRACT LAW: AN ANALYTICAL AND COMPARATIVE STUDY OF
 JUDICIAL TREND IN INDIA AND ENGLAND",,,,National,2023,978-93-6072-383-5,Kalinga University,Educational Publishers
book-chapter-23-24,226,SHAYON KAR,Faculty of Law,"A CRITICAL STUDY OF SCHEDULED CASTE/SCHEDULED TRIBES
 (PREVENTION OF ATROCITY) ACT 1989 AND AMENDMENT ACT,
 2015",,,,National,2023,978-93-6072-420-7,Kalinga University,Educational Publishers
book-chapter-23-24,227,MRS. DARSHI SHARMA,Faculty of Law,"A CRITICAL STUDY OF SCHEDULED CASTE/SCHEDULED TRIBES
 (PREVENTION OF ATROCITY) ACT 1989 AND AMENDMENT ACT,
 2015",,,,National,2023,978-93-6072-420-7,Kalinga University,Educational Publishers
book-chapter-23-24,228,ARINDAM DATTA,Faculty of Law,"CONSTITUTIONAL AND LEGAL DIMENSIONS
 OF RIGHT TO PRIVACY",,,,National,2023,978-93-6072-462-7,Kalinga University,Educational Publishers
book-chapter-23-24,229,MS. EKTA CHANDRAKAR,Faculty of Law,"CONSTITUTIONAL AND LEGAL DIMENSIONS
 OF RIGHT TO PRIVACY",,,,National,2023,978-93-6072-462-7,Kalinga University,Educational Publishers
book-chapter-23-24,230,AVIK ROY CHOWDHURY,Faculty of Law,"THE EFFECTIVENESS OF THE NEW DIGITAL PERSONAL DATA PROTECTION BILL,2022",,,,National,2023,978-93-6072-108-4,Kalinga University,Educational Publishers
book-chapter-23-24,231,MS. EKTA CHANDRAKAR,Faculty of Law,"THE EFFECTIVENESS OF THE NEW DIGITAL PERSONAL DATA PROTECTION BILL,2022",,,,National,2023,978-93-6072-108-4,Kalinga University,Educational Publishers
book-chapter-23-24,232,MR. BALJEET SINGH CHHABRA,Faculty of Law,BAIL AND JUDICIAL DISCRETION. A STUDY OF JUDICIAL DECISIONS,,,,National,2023,978-93-6072-802-1,Kalinga University,Educational Publishers
book-chapter-23-24,233,MS. EKTA CHANDRAKAR,Faculty of Law,BAIL AND JUDICIAL DISCRETION. A STUDY OF JUDICIAL DECISIONS,,,,National,2023,978-93-6072-802-1,Kalinga University,Educational Publishers
book-chapter-23-24,234,MR. BALJEET SINGH CHHABRA,Faculty of Law,"THE VARIOUS ISSUES IN CYBERSPACE THAT ARE NOT ADDRESSED BY THE COPYRIGHT LAWS, FROM THE INDIAN PERSPECTIVE",,,,National,2023,978-93-6072-499-3,Kalinga University,Educational Publishers
book-chapter-23-24,235,MS. EKTA CHANDRAKAR,Faculty of Law,"THE VARIOUS ISSUES IN CYBERSPACE THAT ARE NOT ADDRESSED BY THE COPYRIGHT LAWS, FROM THE INDIAN PERSPECTIVE",,,,National,2023,978-93-6072-499-3,Kalinga University,Educational Publishers
book-chapter-23-24,236,BHOLU KUMAR,Faculty of Law,"LAWS RELATING TO CYBER
 PORNOGRAPHY, A GLOBAL STUDY",,,,National,2023,978-93-6072-300-2,Kalinga University,Educational Publishers
book-chapter-23-24,237,MS. EKTA CHANDRAKAR,Faculty of Law,"LAWS RELATING TO CYBER
 PORNOGRAPHY, A GLOBAL STUDY",,,,National,2023,978-93-6072-300-2,Kalinga University,Educational Publishers
book-chapter-23-24,238,BHOLU KUMAR,Faculty of Law,A COMPARATIVE STUDY 0F CRIMES AND PHARMACEUTICAL DRUGS,,,,National,2023,978-93-6072-150-3,Kalinga University,Educational Publishers
book-chapter-23-24,239,MS. EKTA CHANDRAKAR,Faculty of Law,A COMPARATIVE STUDY 0F CRIMES AND PHARMACEUTICAL DRUGS,,,,National,2023,978-93-6072-150-3,Kalinga University,Educational Publishers
book-chapter-23-24,240,MONALISHA KHATUN,Faculty of Law,"THE RIGHTS OF SELF MINORITIES IN INDIA WITH SPECIAL REFERENCE
 TO THE ROLE OF NATIONAL COMMISSION FOR MINORITIES",,,,National,2023,978-93-6072-892-2,Kalinga University,Educational Publishers
book-chapter-23-24,241,MS. EKTA CHANDRAKAR,Faculty of Law,"THE RIGHTS OF SELF MINORITIES IN INDIA WITH SPECIAL REFERENCE
 TO THE ROLE OF NATIONAL COMMISSION FOR MINORITIES",,,,National,2023,978-93-6072-892-2,Kalinga University,Educational Publishers
book-chapter-23-24,242,MONALISHA KHATUN,Faculty of Law,"LEGAL IMPLICATION OF MEDIA TRIAL ON
 CRIMINAL JUSTICE SYSTEM",,,,National,2023,978-93-6072-463-4,Kalinga University,Educational Publishers
book-chapter-23-24,243,MS. EKTA CHANDRAKAR,Faculty of Law,"LEGAL IMPLICATION OF MEDIA TRIAL ON
 CRIMINAL JUSTICE SYSTEM",,,,National,2023,978-93-6072-463-4,Kalinga University,Educational Publishers
book-chapter-23-24,244,SOHEL KHAN,Faculty of Law,"RIGHTS OF VICTIMS AND COMPENSATION SCHEME:
 A GLOBAL STUDY",,,,National,2023,978-93-6072-901-1,Kalinga University,Educational Publishers
book-chapter-23-24,245,MS. EKTA CHANDRAKAR,Faculty of Law,"RIGHTS OF VICTIMS AND COMPENSATION SCHEME:
 A GLOBAL STUDY",,,,National,2023,978-93-6072-901-1,Kalinga University,Educational Publishers
book-chapter-23-24,246,AASTHA VERMA,Faculty of Law,"CHALLENGES FACED BY MINORITIES: WITH SPECIAL
 REFERENCES TO MUSLIMS",,,,National,2023,978-93-6072-602-7,Kalinga University,Educational Publishers
book-chapter-23-24,247,MS. HARLEEN KAUR,Faculty of Law,"CHALLENGES FACED BY MINORITIES: WITH SPECIAL
 REFERENCES TO MUSLIMS",,,,National,2023,978-93-6072-602-7,Kalinga University,Educational Publishers
book-chapter-23-24,248,AAYUSHI SAHU,Faculty of Law,"A STUDY OF LAW OF TORT IN INDIA WITH SPECIAL REFERENCE TO PRODUCT
 LIABILITY AND PUBLIC NUISANCE LITIGATION",,,,National,2023,978-93-6072-774-1,Kalinga University,Educational Publishers
book-chapter-23-24,249,MS. HARLEEN KAUR,Faculty of Law,"A STUDY OF LAW OF TORT IN INDIA WITH SPECIAL REFERENCE TO PRODUCT
 LIABILITY AND PUBLIC NUISANCE LITIGATION",,,,National,2023,978-93-6072-774-1,Kalinga University,Educational Publishers
book-chapter-23-24,250,AKSHITA SINGH,Faculty of Law,"CONNECTION BETWEEN MENTAL HEALTH AND
 LAW VIOLATION",,,,National,2023,978-93-6072-247-0,Kalinga University,Educational Publishers
book-chapter-23-24,251,MS. HARLEEN KAUR,Faculty of Law,"CONNECTION BETWEEN MENTAL HEALTH AND
 LAW VIOLATION",,,,National,2023,978-93-6072-247-0,Kalinga University,Educational Publishers
book-chapter-23-24,252,ANIMESH SHARMA,Faculty of Law,LAW RELATING TO ROLE OF JUVENILE JUSTICE SYSTEM,,,,National,2023,978-93-6072-912-7,Kalinga University,Educational Publishers
book-chapter-23-24,253,MS. HARLEEN KAUR,Faculty of Law,LAW RELATING TO ROLE OF JUVENILE JUSTICE SYSTEM,,,,National,2023,978-93-6072-912-7,Kalinga University,Educational Publishers
book-chapter-23-24,254,MS. ANISHA JAISWAL,Faculty of Law,INADEQUACY OF LEGAL FRAMEWORK GOVERNING BANKING FRAUD,,,,National,2023,978-93-6072-031-5,Kalinga University,Educational Publishers
book-chapter-23-24,255,MS. HARLEEN KAUR,Faculty of Law,INADEQUACY OF LEGAL FRAMEWORK GOVERNING BANKING FRAUD,,,,National,2023,978-93-6072-031-5,Kalinga University,Educational Publishers
book-chapter-23-24,256,ARADHANA CHOUDHARY,Faculty of Law,A CRITICAL ANALYSIS OF RIGHT TO LIFE AND PERSONAL LIBERTY UNDER ARTICLE 21 OF INDIAN CONSTITUTION,,,,National,2023,978-93-6072-926-4,Kalinga University,Educational Publishers
book-chapter-23-24,257,MS. HARLEEN KAUR,Faculty of Law,A CRITICAL ANALYSIS OF RIGHT TO LIFE AND PERSONAL LIBERTY UNDER ARTICLE 21 OF INDIAN CONSTITUTION,,,,National,2023,978-93-6072-926-4,Kalinga University,Educational Publishers
book-chapter-23-24,258,BHAWANA CHANDRAWANSHI,Faculty of Law,A CRITICAL STUDY OF LAWS RELATING TO CAPITAL PUNISHMENT IN DOCTRINE OF RAREST OF RARE CASES,,,,National,2023,978-93-6072-170-1,Kalinga University,Educational Publishers
book-chapter-23-24,259,MS. HARLEEN KAUR,Faculty of Law,A CRITICAL STUDY OF LAWS RELATING TO CAPITAL PUNISHMENT IN DOCTRINE OF RAREST OF RARE CASES,,,,National,2023,978-93-6072-170-1,Kalinga University,Educational Publishers
book-chapter-23-24,260,CHANDNI,Faculty of Law,CRITICAL ANALYSIS ABOUT VARIOUS ABUSES AGAINST MEN; AND SOCIAL CONCEPT,,,,National,2023,978-93-6072-032-2,Kalinga University,Educational Publishers
book-chapter-23-24,261,MS. HARLEEN KAUR,Faculty of Law,CRITICAL ANALYSIS ABOUT VARIOUS ABUSES AGAINST MEN; AND SOCIAL CONCEPT,,,,National,2023,978-93-6072-032-2,Kalinga University,Educational Publishers
book-chapter-23-24,262,JIGYASA,Faculty of Law,EUTHANASIA: A CRITICAL STUDY FROM ETHICAL AND LEGAL PERSPECTIVE,,,,National,2023,978-93-6072-378-1,Kalinga University,Educational Publishers
book-chapter-23-24,263,MS. HARLEEN KAUR,Faculty of Law,EUTHANASIA: A CRITICAL STUDY FROM ETHICAL AND LEGAL PERSPECTIVE,,,,National,2023,978-93-6072-378-1,Kalinga University,Educational Publishers
book-chapter-23-24,264,ANKITA,Faculty of Law,DOCTRINE OF PRIVITY OF CONTRACT AND CONSIDERATION A COMPARATIVE STUDY,,,,National,2023,978-93-6072-331-6,Kalinga University,Educational Publishers
book-chapter-23-24,265,MS. MEENAKSHI RANI AGARWAL,Faculty of Law,DOCTRINE OF PRIVITY OF CONTRACT AND CONSIDERATION A COMPARATIVE STUDY,,,,National,2023,978-93-6072-331-6,Kalinga University,Educational Publishers
book-chapter-23-24,266,ANKITA,Faculty of Law,CYBER TECHNIQUES VIS A VIS RIGHT TO PRIVACY NEED TO HUMAN RIGHT APPROACH,,,,National,2023,978-93-6072-759-8,Kalinga University,Educational Publishers
book-chapter-23-24,267,MS. MEENAKSHI RANI AGARWAL,Faculty of Law,CYBER TECHNIQUES VIS A VIS RIGHT TO PRIVACY NEED TO HUMAN RIGHT APPROACH,,,,National,2023,978-93-6072-759-8,Kalinga University,Educational Publishers
book-chapter-23-24,268,RAGHVENDRA KUMAR PRATIK,Faculty of Law,"TRADE UNIONS :
 HELPFUL OR HINDRANCE TO INDUSTRIALIZATION",,,,National,2023,978-93-6072-033-9,Kalinga University,Educational Publishers
book-chapter-23-24,269,MS. MEENAKSHI RANI AGARWAL,Faculty of Law,"TRADE UNIONS :
 HELPFUL OR HINDRANCE TO INDUSTRIALIZATION",,,,National,2023,978-93-6072-033-9,Kalinga University,Educational Publishers
book-chapter-23-24,270,MEGHA KIRAN PATEL,Faculty of Law,STATUS OF TRANSGENDER COMMUNITY IN INDIA: A SOCIO-LEGAL STUDY,,,,National,2023,978-93-6072-326-2,Kalinga University,Educational Publishers
book-chapter-23-24,271,MS. MEENAKSHI RANI AGARWAL,Faculty of Law,STATUS OF TRANSGENDER COMMUNITY IN INDIA: A SOCIO-LEGAL STUDY,,,,National,2023,978-93-6072-326-2,Kalinga University,Educational Publishers
book-chapter-23-24,272,OJASVI THAKUR,Faculty of Law,PROTECTION OF RIGHTS OF WOMEN IN INDIA UNDER THE CRIMINAL LAWS,,,,National,2023,978-93-6072-403-0,Kalinga University,Educational Publishers
book-chapter-23-24,273,MS. MEENAKSHI RANI AGARWAL,Faculty of Law,PROTECTION OF RIGHTS OF WOMEN IN INDIA UNDER THE CRIMINAL LAWS,,,,National,2023,978-93-6072-403-0,Kalinga University,Educational Publishers
book-chapter-23-24,274,MS. MEENKASHI RANI AGARWAL,Faculty of Law,RIGHTS OF CRIME VICTIMS A CRITICAL LEGAL STUDY,,,,National,2023,978-93-6072-120-6,Kalinga University,Educational Publishers
book-chapter-23-24,275,PRAKSHAY SHRIVASTAVA,Faculty of Law,BAIL AND HUMAN RIGHTS IN INDIA: AN ANALYSIS OF THE CORRELATION BETWEEN BAIL POLICY AND PROTECTION OF RIGHTS,,,,National,2023,978-93-6072-714-7,Kalinga University,Educational Publishers
book-chapter-23-24,276,MS. MEENAKSHI RANI AGARWAL,Faculty of Law,BAIL AND HUMAN RIGHTS IN INDIA: AN ANALYSIS OF THE CORRELATION BETWEEN BAIL POLICY AND PROTECTION OF RIGHTS,,,,National,2023,978-93-6072-714-7,Kalinga University,Educational Publishers
book-chapter-23-24,277,MUCHKUND SHARMA,Faculty of Law,THE LEGAL FRAMEWORK OF INSIDER TRADING IN INDIA AND OTHER COUNTRIES: A METHODOLOGICAL ANALYSIS,,,,National,2023,978-93-6072-451-1,Kalinga University,Educational Publishers
book-chapter-23-24,278,MS. MEENAKSHI RANI AGARWAL,Faculty of Law,THE LEGAL FRAMEWORK OF INSIDER TRADING IN INDIA AND OTHER COUNTRIES: A METHODOLOGICAL ANALYSIS,,,,National,2023,978-93-6072-451-1,Kalinga University,Educational Publishers
book-chapter-23-24,279,MICAYON,Faculty of Law,"AN OVERVIEW:
 ARTIFICIAL INTELLIGENCE AND INTELLECTUAL PROPERTY RIGHTS",,,,National,2023,978-93-6072-534-1,Kalinga University,Educational Publishers
book-chapter-23-24,280,MS. MEENAKSHI RANI AGARWAL,Faculty of Law,"AN OVERVIEW:
 ARTIFICIAL INTELLIGENCE AND INTELLECTUAL PROPERTY RIGHTS",,,,National,2023,978-93-6072-534-1,Kalinga University,Educational Publishers
book-chapter-23-24,281,NISHI ARCHANA BARAIK,Faculty of Law,SECTION 498A IPC 1860: A CRITICAL ANALYSIS OF IMPACT OF DOMESTIC VIOLENCE IN VIOLENCE AND THEIR LIVES,,,,National,2023,978-93-6072-430-6,Kalinga University,Educational Publishers
book-chapter-23-24,282,MS. MEENAKSHI RANI AGARWAL,Faculty of Law,SECTION 498A IPC 1860: A CRITICAL ANALYSIS OF IMPACT OF DOMESTIC VIOLENCE IN VIOLENCE AND THEIR LIVES,,,,National,2023,978-93-6072-430-6,Kalinga University,Educational Publishers
book-chapter-23-24,283,PRACHI PANDEY,Faculty of Law,WOMEN AND IMPRISONMENT: A LEGAL ANALYSIS OF CUSTODIAL RIGHTS OF WOMEN OFFENDERS IN INDIA,,,,National,2023,978-93-6072-080-3,Kalinga University,Educational Publishers
book-chapter-23-24,284,MS. MEENAKSHI RANI AGARWAL,Faculty of Law,WOMEN AND IMPRISONMENT: A LEGAL ANALYSIS OF CUSTODIAL RIGHTS OF WOMEN OFFENDERS IN INDIA,,,,National,2023,978-93-6072-080-3,Kalinga University,Educational Publishers
book-chapter-23-24,285,RAJSHREE NAIR,Faculty of Law,"SOCIAL MEDIA IS A PLATFORM FOR
 CRIMINAL ACTIVITIES
 AND NOT FOR SOCIALISATION",,,,National,2023,978-93-6072-782-6,Kalinga University,Educational Publishers
book-chapter-23-24,286,MS. MEENAKSHI RANI AGARWAL,Faculty of Law,"SOCIAL MEDIA IS A PLATFORM FOR
 CRIMINAL ACTIVITIES
 AND NOT FOR SOCIALISATION",,,,National,2023,978-93-6072-782-6,Kalinga University,Educational Publishers
book-chapter-23-24,287,GURJEET SINGH,Faculty of Law,"A STUDY OF CAPITAL PUNISHMENT IN INDIA""",,,,National,2023,978-93-6072-791-8,Kalinga University,Educational Publishers
book-chapter-23-24,288,MS. PALUCK SHARMA,Faculty of Law,"A STUDY OF CAPITAL PUNISHMENT IN INDIA""",,,,National,2023,978-93-6072-791-8,Kalinga University,Educational Publishers
book-chapter-23-24,289,JAISWAR ARVIND RAMNARESH,Faculty of Law,CONSERVATION PROTECTION OF BIOLOGICAL DIVERSITY IN INDIA AND CRITICAL STUDY OF IT’S LAWS,,,,National,2023,978-93-6072-806-9,Kalinga University,Educational Publishers
book-chapter-23-24,290,MS. PALUCK SHARMA,Faculty of Law,CONSERVATION PROTECTION OF BIOLOGICAL DIVERSITY IN INDIA AND CRITICAL STUDY OF IT’S LAWS,,,,National,2023,978-93-6072-806-9,Kalinga University,Educational Publishers
book-chapter-23-24,291,JAISWAR ARVIND RAMNARESH,Faculty of Law,"GENDER JUSTICE IN INDIAN CONSTITUTION”
 DISSERTATION",,,,National,2023,978-93-6072-504-4,Kalinga University,Educational Publishers
book-chapter-23-24,292,MS. PALUCK SHARMA,Faculty of Law,"GENDER JUSTICE IN INDIAN CONSTITUTION”
 DISSERTATION",,,,National,2023,978-93-6072-504-4,Kalinga University,Educational Publishers
book-chapter-23-24,293,AYUSHMAAN VERMA,Faculty of Law,GOODS & SERVICE TAX LAW (NEW INDIRECT TAX) & ITS IMPACT ON TRADERS AFTER 5 YEARS,,,,National,2023,978-93-6072-481-8,Kalinga University,Educational Publishers
book-chapter-23-24,294,MS. PALUCK SHARMA,Faculty of Law,GOODS & SERVICE TAX LAW (NEW INDIRECT TAX) & ITS IMPACT ON TRADERS AFTER 5 YEARS,,,,National,2023,978-93-6072-481-8,Kalinga University,Educational Publishers
book-chapter-23-24,295,PRIYANK DHARGAVE,Faculty of Law,CRITICAL ANALYSIS OF LOW COVICTION RATE IN INDIA CRIMINAL JUSTICE IN INDIA,,,,National,2023,978-93-6072-946-2,Kalinga University,Educational Publishers
book-chapter-23-24,296,MR. RANJAN KUMAR RAY,Faculty of Law,CRITICAL ANALYSIS OF LOW COVICTION RATE IN INDIA CRIMINAL JUSTICE IN INDIA,,,,National,2023,978-93-6072-946-2,Kalinga University,Educational Publishers
book-chapter-23-24,297,NIKITA DWIVEDI,Faculty of Law,"CRUELTY AGAINST MARRIED WOMEN:
 AN ANALYSIS",,,,National,2023,978-93-6072-308-8,Kalinga University,Educational Publishers
book-chapter-23-24,298,MR. RANJAN KUMAR RAY,Faculty of Law,"CRUELTY AGAINST MARRIED WOMEN:
 AN ANALYSIS",,,,National,2023,978-93-6072-308-8,Kalinga University,Educational Publishers
book-chapter-23-24,299,RAMESH KAFLE,Faculty of Law,UNCOVERING THE MULTIFACETED DIMENSIONS OF DOMESTIC VIOLENCE IN NEPAL: A CRITICAL PERSPECTIVE,,,,National,2023,978-93-6072-688-1,Kalinga University,Educational Publishers
book-chapter-23-24,300,MR. RANJAN KUMAR RAY,Faculty of Law,UNCOVERING THE MULTIFACETED DIMENSIONS OF DOMESTIC VIOLENCE IN NEPAL: A CRITICAL PERSPECTIVE,,,,National,2023,978-93-6072-688-1,Kalinga University,Educational Publishers
book-chapter-23-24,301,RAMESH KAFLE,Faculty of Law,THE CHALLENGING ISSUES OF INTELLECTUAL PROPERTY RIGHTS IN CONTEMPORARY BUSINESS: CRITICAL ANALYSIS OF LEGAL FRAMEWORK OF NEPAL,,,,National,2023,978-93-6072-607-2,Kalinga University,Educational Publishers
book-chapter-23-24,302,MR. RANJAN KUMAR RAY,Faculty of Law,THE CHALLENGING ISSUES OF INTELLECTUAL PROPERTY RIGHTS IN CONTEMPORARY BUSINESS: CRITICAL ANALYSIS OF LEGAL FRAMEWORK OF NEPAL,,,,National,2023,978-93-6072-607-2,Kalinga University,Educational Publishers
book-chapter-23-24,303,KRISHNA PRASAD BHTTARAI,Faculty of Law,CORRUPTION IN NEPAL: A DOCTRINAL ANALYSIS OF NATIONAL LEGISLATION & JUDICIAL DECISIONS IN CORRUPTION CASES,,,,National,2023,978-93-6072-631-7,Kalinga University,Educational Publishers
book-chapter-23-24,304,MR. RANJAN KUMAR RAY,Faculty of Law,CORRUPTION IN NEPAL: A DOCTRINAL ANALYSIS OF NATIONAL LEGISLATION & JUDICIAL DECISIONS IN CORRUPTION CASES,,,,National,2023,978-93-6072-631-7,Kalinga University,Educational Publishers
book-chapter-23-24,305,KRISHNA PRASAD BHTTARAI,Faculty of Law,EXPLORING MINORITY PROTECTION IN COMPANIES UNDER NEPALESE LEGAL SYSTEM: CHALLENGES AND PROSPECTS,,,,National,2023,978-93-6072-322-4,Kalinga University,Educational Publishers
book-chapter-23-24,306,MR. RANJAN KUMAR RAY,Faculty of Law,EXPLORING MINORITY PROTECTION IN COMPANIES UNDER NEPALESE LEGAL SYSTEM: CHALLENGES AND PROSPECTS,,,,National,2023,978-93-6072-322-4,Kalinga University,Educational Publishers
book-chapter-23-24,307,NIKITA DWIVEDI,Faculty of Law,RIGHT AGAINST SELF INCRIMINATION OF ACCUSED PERSON,,,,National,2023,978-93-6072-417-7,Kalinga University,Educational Publishers
book-chapter-23-24,308,MR. RANJAN KUMAR RAY,Faculty of Law,RIGHT AGAINST SELF INCRIMINATION OF ACCUSED PERSON,,,,National,2023,978-93-6072-417-7,Kalinga University,Educational Publishers
book-chapter-23-24,309,RANJEETA PRADHAN,Faculty of Law,STATUS OF POLICE PERSONNEL IN INDIA,,,,National,2023,978-93-6072-135-0,Kalinga University,Educational Publishers
book-chapter-23-24,310,MR. RANJAN KUMAR RAY,Faculty of Law,STATUS OF POLICE PERSONNEL IN INDIA,,,,National,2023,978-93-6072-135-0,Kalinga University,Educational Publishers
book-chapter-23-24,311,RANJEETA PRADHAN,Faculty of Law,CYBER CRIME IN INDIA CHALLENGES AND SOLUTIONS,,,,National,2023,978-93-6072-778-9,Kalinga University,Educational Publishers
book-chapter-23-24,312,MR. RANJAN KUMAR RAY,Faculty of Law,CYBER CRIME IN INDIA CHALLENGES AND SOLUTIONS,,,,National,2023,978-93-6072-778-9,Kalinga University,Educational Publishers
book-chapter-23-24,313,MRS. AAKRITI AGRAWAL,Faculty of Law,CRITICAL EVALUATION OF THE APPLICATION OF SEPARATION OF POWER THEORY IN INDIA,,,,National,2023,978-93-6072-210-4,Kalinga University,Educational Publishers
book-chapter-23-24,314,MRS. SALONI TYAGI,Faculty of Law,CRITICAL EVALUATION OF THE APPLICATION OF SEPARATION OF POWER THEORY IN INDIA,,,,National,2023,978-93-6072-210-4,Kalinga University,Educational Publishers
book-chapter-23-24,315,AKANKSHA PANDEY,Faculty of Law,"CYBER CRIMES AND CRIMINAL JUSTICE SYSTEM IN
 INDIA",,,,National,2023,978-93-6072-106-0,Kalinga University,Educational Publishers
book-chapter-23-24,316,MRS. SALONI TYAGI,Faculty of Law,"CYBER CRIMES AND CRIMINAL JUSTICE SYSTEM IN
 INDIA",,,,National,2023,978-93-6072-106-0,Kalinga University,Educational Publishers
book-chapter-23-24,317,AKANKSHA PANDEY,Faculty of Law,CRITICAL ANALYSIS OF POCSO ACT,,,,National,2023,978-93-6072-006-3,Kalinga University,Educational Publishers
book-chapter-23-24,318,MRS. SALONI TYAGI,Faculty of Law,CRITICAL ANALYSIS OF POCSO ACT,,,,National,2023,978-93-6072-006-3,Kalinga University,Educational Publishers
book-chapter-23-24,319,AKASH MISHRA,Faculty of Law,EXPLORING THE IMPACT OF CYBER CRIMES ON SOCIAL MEDIA IN CENTRAL INDIA : A CRITICAL ANALYSIS,,,,National,2023,978-93-6072-859-5,Kalinga University,Educational Publishers
book-chapter-23-24,320,MRS. SALONI TYAGI,Faculty of Law,EXPLORING THE IMPACT OF CYBER CRIMES ON SOCIAL MEDIA IN CENTRAL INDIA : A CRITICAL ANALYSIS,,,,National,2023,978-93-6072-859-5,Kalinga University,Educational Publishers
book-chapter-23-24,321,KIRTI AHUJA,Faculty of Law,"POWER OF ARREST:
 WHETHER DISCRETIONARY OR CONTROLLED",,,,National,2023,978-93-6072-681-2,Kalinga University,Educational Publishers
book-chapter-23-24,322,MRS. SALONI TYAGI,Faculty of Law,"POWER OF ARREST:
 WHETHER DISCRETIONARY OR CONTROLLED",,,,National,2023,978-93-6072-681-2,Kalinga University,Educational Publishers
book-chapter-23-24,323,KIRTI AHUJA,Faculty of Law,"A CRITICAL ANALYSIS ON DOUBLE
 JEOPARDY IN INDIA",,,,National,2023,978-93-6072-612-6,Kalinga University,Educational Publishers
book-chapter-23-24,324,MRS. SALONI TYAGI,Faculty of Law,"A CRITICAL ANALYSIS ON DOUBLE
 JEOPARDY IN INDIA",,,,National,2023,978-93-6072-612-6,Kalinga University,Educational Publishers
book-chapter-23-24,325,AKHILA M,Faculty of Law,INVESTIGATING BEST PRACTICES IN CORPORATE GOVERNANCE TRENDS THROUGH THE CONTEXT OF THE BOARD OF DIRECTORS,,,,National,2023,978-93-6072-748-2,Kalinga University,Educational Publishers
book-chapter-23-24,326,MRS. SALONI TYAGI,Faculty of Law,INVESTIGATING BEST PRACTICES IN CORPORATE GOVERNANCE TRENDS THROUGH THE CONTEXT OF THE BOARD OF DIRECTORS,,,,National,2023,978-93-6072-748-2,Kalinga University,Educational Publishers
book-chapter-23-24,327,AKHILA M,Faculty of Law,"HOW CAN INTELLECTUAL PROPERTY RIGHTS BE SAFEGUARDED
 PERMANENTLY",,,,National,2023,978-93-6072-598-3,Kalinga University,Educational Publishers
book-chapter-23-24,328,MRS. SALONI TYAGI,Faculty of Law,"HOW CAN INTELLECTUAL PROPERTY RIGHTS BE SAFEGUARDED
 PERMANENTLY",,,,National,2023,978-93-6072-598-3,Kalinga University,Educational Publishers
book-chapter-23-24,329,AKASH MISHRA,Faculty of Law,CHANGING DIMENSIONS OF TRADEMARK & COPYRIGHT IN CYBERSPACE,,,,National,2023,978-93-6072-051-3,Kalinga University,Educational Publishers
book-chapter-23-24,330,MRS. SALONI TYAGI,Faculty of Law,CHANGING DIMENSIONS OF TRADEMARK & COPYRIGHT IN CYBERSPACE,,,,National,2023,978-93-6072-051-3,Kalinga University,Educational Publishers
book-chapter-23-24,331,PRATYUSH DWIVEDI,Faculty of Law,A COMPARATIVE ANALYSIS OF ENFORCEMENT OF FOREIGN JUDGEMENTS IN INDIA PRIVATE INTERNATIONAL LAW,,,,National,2023,978-93-6072-617-1,Kalinga University,Educational Publishers
book-chapter-23-24,332,MRS. SALONI TYAGI,Faculty of Law,A COMPARATIVE ANALYSIS OF ENFORCEMENT OF FOREIGN JUDGEMENTS IN INDIA PRIVATE INTERNATIONAL LAW,,,,National,2023,978-93-6072-617-1,Kalinga University,Educational Publishers
book-chapter-23-24,333,AMIT KUMAR FULVADHAYA,Faculty of Law,A CRITICAL STUDY OF CYBER-CRIMES WITH SPECIAL REFERENCE TO SOCIAL MEDIA IN CENTRAL INDIA,,,,National,2023,978-93-6072-423-8,Kalinga University,Educational Publishers
book-chapter-23-24,334,MR. SOUMYADEEP CHAKRABORTY,Faculty of Law,A CRITICAL STUDY OF CYBER-CRIMES WITH SPECIAL REFERENCE TO SOCIAL MEDIA IN CENTRAL INDIA,,,,National,2023,978-93-6072-423-8,Kalinga University,Educational Publishers
book-chapter-23-24,335,AMIT KUMAR FULVADHAYA,Faculty of Law,ON INFRINGEMENTS OF INTELLECTUAL PROPERTY RIGHTS” SPECIALIZATION-IPR,,,,National,2023,978-93-6072-042-1,Kalinga University,Educational Publishers
book-chapter-23-24,336,MR. SOUMYADEEP CHAKRABORTY,Faculty of Law,ON INFRINGEMENTS OF INTELLECTUAL PROPERTY RIGHTS” SPECIALIZATION-IPR,,,,National,2023,978-93-6072-042-1,Kalinga University,Educational Publishers
book-chapter-23-24,337,SUDHIR R. TAMGADGE,Faculty of Law,CYBER CRIME IN INDIA,,,,National,2023,978-93-6072-357-6,Kalinga University,Educational Publishers
book-chapter-23-24,338,MR. SOUMYADEEP CHAKRABORTY,Faculty of Law,CYBER CRIME IN INDIA,,,,National,2023,978-93-6072-357-6,Kalinga University,Educational Publishers
book-chapter-23-24,339,GAURAV SATPATHY,Faculty of Law,RIGHT OF ACCUSED UNDER INDIAN CONSTITUTION,,,,National,2023,978-93-6072-475-7,Kalinga University,Educational Publishers
book-chapter-23-24,340,MR. SOUMYADEEP CHAKRABORTY,Faculty of Law,RIGHT OF ACCUSED UNDER INDIAN CONSTITUTION,,,,National,2023,978-93-6072-475-7,Kalinga University,Educational Publishers
book-chapter-23-24,341,SHUBHAM SINGH,Faculty of Law,CYBER TECHNIQUES VIS-A-VIS RIGHT TO PRIVACY,,,,National,2023,978-93-6072-733-8,Kalinga University,Educational Publishers
book-chapter-23-24,342,MR. SOUMYADEEP CHAKRABORTY,Faculty of Law,CYBER TECHNIQUES VIS-A-VIS RIGHT TO PRIVACY,,,,National,2023,978-93-6072-733-8,Kalinga University,Educational Publishers
book-chapter-23-24,343,SHUBHAM SINGH,Faculty of Law,A CRITICAL STUDY WITH SPECIAL REFERENCE OF FOOD SECURITY ACT.,,,,National,2023,978-93-6072-045-2,Kalinga University,Educational Publishers
book-chapter-23-24,344,MR. SOUMYADEEP CHAKRABORTY,Faculty of Law,A CRITICAL STUDY WITH SPECIAL REFERENCE OF FOOD SECURITY ACT.,,,,National,2023,978-93-6072-045-2,Kalinga University,Educational Publishers
book-chapter-23-24,345,SOURAJIT GHOSH,Faculty of Law,"MERGERS AND ACQUISITIONS
 -A STUDY IN THE INDIAN BUSINESS CONTEXT",,,,National,2023,978-93-6072-501-3,Kalinga University,Educational Publishers
book-chapter-23-24,346,MR. SOUMYADEEP CHAKRABORTY,Faculty of Law,"MERGERS AND ACQUISITIONS
 -A STUDY IN THE INDIAN BUSINESS CONTEXT",,,,National,2023,978-93-6072-501-3,Kalinga University,Educational Publishers
book-chapter-23-24,347,SOURAJIT GHOSH,Faculty of Law,"COLLECTIVE BARGAINING
 -A STUDY IN THE INDIAN BUSINESS CONTEXT",,,,National,2023,978-93-6072-026-1,Kalinga University,Educational Publishers
book-chapter-23-24,348,MR. SOUMYADEEP CHAKRABORTY,Faculty of Law,"COLLECTIVE BARGAINING
 -A STUDY IN THE INDIAN BUSINESS CONTEXT",,,,National,2023,978-93-6072-026-1,Kalinga University,Educational Publishers
book-chapter-23-24,349,SREEKUMAR K,Faculty of Law,"CORPORATE GOVERNANCE TRENDS ACROSS THE WORLD
 A COMPARISON",,,,National,2023,978-93-6072-440-5,Kalinga University,Educational Publishers
book-chapter-23-24,350,MR. SOUMYADEEP CHAKRABORTY,Faculty of Law,"CORPORATE GOVERNANCE TRENDS ACROSS THE WORLD
 A COMPARISON",,,,National,2023,978-93-6072-440-5,Kalinga University,Educational Publishers
book-chapter-23-24,351,SUMITA DEBNATH,Faculty of Law,CORPORATE SOCIAL RESPONSIBILITY IN CONTEXT TO CORPORATE FINANCE: AN EMPIRICAL STUDY,,,,National,2023,978-93-6072-171-8,Kalinga University,Educational Publishers
book-chapter-23-24,352,MR. SOUMYADEEP CHAKRABORTY,Faculty of Law,CORPORATE SOCIAL RESPONSIBILITY IN CONTEXT TO CORPORATE FINANCE: AN EMPIRICAL STUDY,,,,National,2023,978-93-6072-171-8,Kalinga University,Educational Publishers
book-chapter-23-24,353,SUSHIL KUMAR PANDEY,Faculty of Law,A CRITICAL EVALUATION OF CYBER CRIME IN INDIA: SPECIAL REFERENCE TO CYBER TERRORISM,,,,National,2023,978-93-6072-353-8,Kalinga University,Educational Publishers
book-chapter-23-24,354,MR. SOUMYADEEP CHAKRABORTY,Faculty of Law,A CRITICAL EVALUATION OF CYBER CRIME IN INDIA: SPECIAL REFERENCE TO CYBER TERRORISM,,,,National,2023,978-93-6072-353-8,Kalinga University,Educational Publishers
book-chapter-23-24,355,GAURAV SATPATHY,Faculty of Law,RIGHT OF ACCUSED UNDER INDIAN CONSTITUTION,,,,National,2023,978-93-6072-729-1,Kalinga University,Educational Publishers
book-chapter-23-24,356,MS. SURBHI AGARWAL,Faculty of Law,RIGHT OF ACCUSED UNDER INDIAN CONSTITUTION,,,,National,2023,978-93-6072-729-1,Kalinga University,Educational Publishers
book-chapter-23-24,357,KRISHNA KANT UPADHYAY,Faculty of Law,VICTIM OF SPECIAL PENAL LEGISLATION RELATING TO WOMEN,,,,National,2023,978-93-6072-567-9,Kalinga University,Educational Publishers
book-chapter-23-24,358,MS. SURBHI AGARWAL,Faculty of Law,VICTIM OF SPECIAL PENAL LEGISLATION RELATING TO WOMEN,,,,National,2023,978-93-6072-567-9,Kalinga University,Educational Publishers
book-chapter-23-24,359,KRISHNA KANT UPADHYAY,Faculty of Law,OVERVIEW OF CYBER LAWS IN INDIA,,,,National,2023,978-93-6072-092-6,Kalinga University,Educational Publishers
book-chapter-23-24,360,MS. SURBHI AGARWAL,Faculty of Law,OVERVIEW OF CYBER LAWS IN INDIA,,,,National,2023,978-93-6072-092-6,Kalinga University,Educational Publishers
book-chapter-23-24,361,KRISHNA PRASAD BHTTARAI,Faculty of Law,ANALYSIS OF NATIONAL LEGISLATION AND JUDICIAL DECISIONS CORRUPTION CASES IN NEPAL,,,,National,2023,978-93-6072-235-7,Kalinga University,Educational Publishers
book-chapter-23-24,362,MS. SURBHI AGARWAL,Faculty of Law,ANALYSIS OF NATIONAL LEGISLATION AND JUDICIAL DECISIONS CORRUPTION CASES IN NEPAL,,,,National,2023,978-93-6072-235-7,Kalinga University,Educational Publishers
book-chapter-23-24,363,KRISHNA PRASAD BHTTARAI,Faculty of Law,MINORITY PROTECTION IN COMPANY IN CONTEXT TO NEPALESE LEGAL SYSTEM,,,,National,2023,978-93-6072-160-2,Kalinga University,Educational Publishers
book-chapter-23-24,364,MS. SURBHI AGARWAL,Faculty of Law,MINORITY PROTECTION IN COMPANY IN CONTEXT TO NEPALESE LEGAL SYSTEM,,,,National,2023,978-93-6072-160-2,Kalinga University,Educational Publishers
book-chapter-23-24,365,KRISHNA,Faculty of Law,DOCTRINE OF PRIVITY OF CONTRACT AND CONSIDERATION A COMPARATIVE STUDY,,,,National,2023,978-93-6072-439-9,Kalinga University,Educational Publishers
book-chapter-23-24,366,MS. SURBHI AGARWAL,Faculty of Law,DOCTRINE OF PRIVITY OF CONTRACT AND CONSIDERATION A COMPARATIVE STUDY,,,,National,2023,978-93-6072-439-9,Kalinga University,Educational Publishers
book-chapter-23-24,367,KRISHNA,Faculty of Law,CYBER TECHNIQUES VIS A VIS RIGHT TO PRIVACY NEED TO HUMAN RIGHT APPROACH,,,,National,2023,978-93-6072-876-2,Kalinga University,Educational Publishers
book-chapter-23-24,368,MS. SURBHI AGARWAL,Faculty of Law,CYBER TECHNIQUES VIS A VIS RIGHT TO PRIVACY NEED TO HUMAN RIGHT APPROACH,,,,National,2023,978-93-6072-876-2,Kalinga University,Educational Publishers
book-chapter-23-24,369,KSHAMA SINGH,Faculty of Law,CYBER LAW “COPYRIGHT AND SOCIAL MEDIA,,,,National,2023,978-93-6072-168-8,Kalinga University,Educational Publishers
book-chapter-23-24,370,MS. SURBHI AGARWAL,Faculty of Law,CYBER LAW “COPYRIGHT AND SOCIAL MEDIA,,,,National,2023,978-93-6072-168-8,Kalinga University,Educational Publishers
book-chapter-23-24,371,KSHAMA SINGH,Faculty of Law,INTELLECTUAL PROPERTY RIGHTS “BIODIVERSITY”,,,,National,2023,978-93-6072-824-3,Kalinga University,Educational Publishers
book-chapter-23-24,372,MS. SURBHI AGARWAL,Faculty of Law,INTELLECTUAL PROPERTY RIGHTS “BIODIVERSITY”,,,,National,2023,978-93-6072-824-3,Kalinga University,Educational Publishers
book-chapter-23-24,373,KUNDAN LAL SAHU,Faculty of Law,A CRITICAL ANALYSIS ON ELECTION,,,,National,2023,978-93-6072-550-1,Kalinga University,Educational Publishers
book-chapter-23-24,374,MS. SURBHI AGARWAL,Faculty of Law,A CRITICAL ANALYSIS ON ELECTION,,,,National,2023,978-93-6072-550-1,Kalinga University,Educational Publishers
book-chapter-23-24,375,KUNDAN LAL SAHU,Faculty of Law,A CRITICAL ANALYSIS ON CYBER TERRORISM,,,,National,2023,978-93-6072-244-9,Kalinga University,Educational Publishers
book-chapter-23-24,376,MS. SURBHI AGARWAL,Faculty of Law,A CRITICAL ANALYSIS ON CYBER TERRORISM,,,,National,2023,978-93-6072-244-9,Kalinga University,Educational Publishers
book-chapter-23-24,377,LALIT KUMAR CHANDRAKAR,Faculty of Law,MAKING OF CONSTITUTION OF INDIA : A STUDY,,,,National,2023,978-93-6072-652-2,Kalinga University,Educational Publishers
book-chapter-23-24,378,MS. SURBHI AGARWAL,Faculty of Law,MAKING OF CONSTITUTION OF INDIA : A STUDY,,,,National,2023,978-93-6072-652-2,Kalinga University,Educational Publishers
book-chapter-23-24,379,MOHAMMED RASHID,Faculty of Law,LAW FOR SEXUAL ABUSE OF CHILD IN INDIA: A CRITICAL ANALYSIS WITH SPECIAL REFERENCE TO LOOPHOLES AND CHALLENGES IN ITS IMPLEMENTATION,,,,National,2023,978-93-6072-405-4,Kalinga University,Educational Publishers
book-chapter-23-24,380,MS. SURBHI AGARWAL,Faculty of Law,LAW FOR SEXUAL ABUSE OF CHILD IN INDIA: A CRITICAL ANALYSIS WITH SPECIAL REFERENCE TO LOOPHOLES AND CHALLENGES IN ITS IMPLEMENTATION,,,,National,2023,978-93-6072-405-4,Kalinga University,Educational Publishers
book-chapter-23-24,381,MOHAMMED RASHID,Faculty of Law,SECURITY OF DATA & PRIVACY IN CYBER SPACE – A CRITICAL ANALYSIS OF DATA SECURITY LAWS IN INDIA,,,,National,2023,978-93-6072-767-3,Kalinga University,Educational Publishers
book-chapter-23-24,382,MS. SURBHI AGARWAL,Faculty of Law,SECURITY OF DATA & PRIVACY IN CYBER SPACE – A CRITICAL ANALYSIS OF DATA SECURITY LAWS IN INDIA,,,,National,2023,978-93-6072-767-3,Kalinga University,Educational Publishers
book-chapter-23-24,383,NANDANI PATEL,Faculty of Law,TRACING THE EVOLUTION OF DATA PROTECTION AND SECURITY WITH SPECIAL EMPHASIS ON PRIVACY RIGHTS.,,,,National,2023,978-93-6072-156-5,Kalinga University,Educational Publishers
book-chapter-23-24,384,MS. SURBHI AGARWAL,Faculty of Law,TRACING THE EVOLUTION OF DATA PROTECTION AND SECURITY WITH SPECIAL EMPHASIS ON PRIVACY RIGHTS.,,,,National,2023,978-93-6072-156-5,Kalinga University,Educational Publishers
book-chapter-23-24,385,MD SHAHNAWAZ ALAM,Faculty of Law,ANALYSIS OF LAW OF CRIMINAL ATTEMPT,,,,National,2023,978-93-6072-295-1,Kalinga University,Educational Publishers
book-chapter-23-24,386,MS. SURBHI AGARWAL,Faculty of Law,ANALYSIS OF LAW OF CRIMINAL ATTEMPT,,,,National,2023,978-93-6072-295-1,Kalinga University,Educational Publishers
book-chapter-23-24,387,ANKITA SINGH,Faculty of Technology,A STUDY AND COMPARISON OF NORMAL CONCRETE AND ADMIXTURE MIXED CONCRETE,,,,National,2023,978-93-6072-208-1,Kalinga University,Educational Publishers
book-chapter-23-24,388,MUSKAN PETHE,Faculty of Technology,A STUDY AND COMPARISON OF NORMAL CONCRETE AND ADMIXTURE MIXED CONCRETE,,,,National,2023,978-93-6072-208-1,Kalinga University,Educational Publishers
book-chapter-23-24,389,SYED SHAHID ALI,Faculty of Technology,A STUDY AND COMPARISON OF NORMAL CONCRETE AND ADMIXTURE MIXED CONCRETE,,,,National,2023,978-93-6072-208-1,Kalinga University,Educational Publishers
book-chapter-23-24,390,HARSHIT JAIN,Faculty of Technology,A STUDY AND COMPARISON OF NORMAL CONCRETE AND ADMIXTURE MIXED CONCRETE,,,,National,2023,978-93-6072-208-1,Kalinga University,Educational Publishers
book-chapter-23-24,391,MS. SWATI AGRAWAL,Faculty of Technology,A STUDY AND COMPARISON OF NORMAL CONCRETE AND ADMIXTURE MIXED CONCRETE,,,,National,2023,978-93-6072-208-1,Kalinga University,Educational Publishers
book-chapter-23-24,392,HRISHABH BISWAS,Faculty of Technology,ANALYSIS OF FLOATING BRICK,,,,National,2023,978-93-6072-887-8,Kalinga University,Educational Publishers
book-chapter-23-24,393,AMAR KUMAR,Faculty of Technology,ANALYSIS OF FLOATING BRICK,,,,National,2023,978-93-6072-887-8,Kalinga University,Educational Publishers
book-chapter-23-24,394,ASHISH SHRIVASTAV,Faculty of Technology,ANALYSIS OF FLOATING BRICK,,,,National,2023,978-93-6072-887-8,Kalinga University,Educational Publishers
book-chapter-23-24,395,RAKESH SAHU,Faculty of Technology,ANALYSIS OF FLOATING BRICK,,,,National,2023,978-93-6072-887-8,Kalinga University,Educational Publishers
book-chapter-23-24,396,MR. MANAS RATHORE,Faculty of Technology,ANALYSIS OF FLOATING BRICK,,,,National,2023,978-93-6072-887-8,Kalinga University,Educational Publishers
book-chapter-23-24,397,MANOJ CHAUDHARY,Faculty of Technology,2D AND 3D MODELLING OF KALINGA UNIVERSITY MAIN BUILDING,,,,National,2023,978-93-6072-627-0,Kalinga University,Educational Publishers
book-chapter-23-24,398,BRIJESH KUMAR BARAI,Faculty of Technology,2D AND 3D MODELLING OF KALINGA UNIVERSITY MAIN BUILDING,,,,National,2023,978-93-6072-627-0,Kalinga University,Educational Publishers
book-chapter-23-24,399,MANOJ KUMAR CHAUDHARY,Faculty of Technology,2D AND 3D MODELLING OF KALINGA UNIVERSITY MAIN BUILDING,,,,National,2023,978-93-6072-627-0,Kalinga University,Educational Publishers
book-chapter-23-24,400,MR. PIYUSH DAS,Faculty of Technology,2D AND 3D MODELLING OF KALINGA UNIVERSITY MAIN BUILDING,,,,National,2023,978-93-6072-627-0,Kalinga University,Educational Publishers
book-chapter-23-24,401,AMAR DEY,Faculty of Technology,WASTE PLASTIC BOTTLE AS CONSTRUCTION MATERIAL,,,,National,2023,978-93-6072-985-1,Kalinga University,Educational Publishers
book-chapter-23-24,402,BASANT KUMAR SAHU,Faculty of Technology,WASTE PLASTIC BOTTLE AS CONSTRUCTION MATERIAL,,,,National,2023,978-93-6072-985-1,Kalinga University,Educational Publishers
book-chapter-23-24,403,MANJUL NARESH LANJEWAR,Faculty of Technology,WASTE PLASTIC BOTTLE AS CONSTRUCTION MATERIAL,,,,National,2023,978-93-6072-985-1,Kalinga University,Educational Publishers
book-chapter-23-24,404,VIVEK SINGH,Faculty of Technology,WASTE PLASTIC BOTTLE AS CONSTRUCTION MATERIAL,,,,National,2023,978-93-6072-985-1,Kalinga University,Educational Publishers
book-chapter-23-24,405,MR. AKSHIT LAMBA,Faculty of Technology,WASTE PLASTIC BOTTLE AS CONSTRUCTION MATERIAL,,,,National,2023,978-93-6072-985-1,Kalinga University,Educational Publishers
book-chapter-23-24,406,PARASH MANI THAKUR,Faculty of Technology,"CONTROLLING AND MONITORING THE DAM USING
 IOT",,,,National,2023,978-93-6072-823-6,Kalinga University,Educational Publishers
book-chapter-23-24,407,NEHAL KUMAR ADHIKARI,Faculty of Technology,"CONTROLLING AND MONITORING THE DAM USING
 IOT",,,,National,2023,978-93-6072-823-6,Kalinga University,Educational Publishers
book-chapter-23-24,408,NITESH SEN,Faculty of Technology,"CONTROLLING AND MONITORING THE DAM USING
 IOT",,,,National,2023,978-93-6072-823-6,Kalinga University,Educational Publishers
book-chapter-23-24,409,AMIT KUMAR MAHATO,Faculty of Technology,"CONTROLLING AND MONITORING THE DAM USING
 IOT",,,,National,2023,978-93-6072-823-6,Kalinga University,Educational Publishers
book-chapter-23-24,410,MS. RUCHI CHANDRAKAR,Faculty of Technology,"CONTROLLING AND MONITORING THE DAM USING
 IOT",,,,National,2023,978-93-6072-823-6,Kalinga University,Educational Publishers
book-chapter-23-24,411,SUHAIB AYOUB NAJAR,Faculty of Technology,WATER FOUNTAIN MADE WITH PCC AND BAMBOO STICKS,,,,National,2023,978-93-6072-676-8,Kalinga University,Educational Publishers
book-chapter-23-24,412,VISHAL KUMAR,Faculty of Technology,WATER FOUNTAIN MADE WITH PCC AND BAMBOO STICKS,,,,National,2023,978-93-6072-676-8,Kalinga University,Educational Publishers
book-chapter-23-24,413,SUNIL YADAV,Faculty of Technology,WATER FOUNTAIN MADE WITH PCC AND BAMBOO STICKS,,,,National,2023,978-93-6072-676-8,Kalinga University,Educational Publishers
book-chapter-23-24,414,RAVIN KUMAR NAGAR,Faculty of Technology,WATER FOUNTAIN MADE WITH PCC AND BAMBOO STICKS,,,,National,2023,978-93-6072-676-8,Kalinga University,Educational Publishers
book-chapter-23-24,415,MS. RUCHI CHANDRAKAR,Faculty of Technology,WATER FOUNTAIN MADE WITH PCC AND BAMBOO STICKS,,,,National,2023,978-93-6072-676-8,Kalinga University,Educational Publishers
book-chapter-23-24,416,MR. DONGA SUNIL,Faculty of Technology,COMPUTATION OF X-RAY POWDER DIFFRACTOGRAMS,,,,National,2023,978-93-6072-455-9,Kalinga University,Educational Publishers
book-chapter-23-24,417,DR. N K DHAPEKAR,Faculty of Technology,COMPUTATION OF X-RAY POWDER DIFFRACTOGRAMS,,,,National,2023,978-93-6072-455-9,Kalinga University,Educational Publishers
book-chapter-23-24,418,RAVINDRA KUMAR SUNHARE,Faculty of Technology,IMPACT OF NANO SILICA PARTICLES (NSP) & SILICA FUME ON CONCRETE FRESH AND HARDENED PROPERTY,,,,National,2023,978-93-6072-986-8,Kalinga University,Educational Publishers
book-chapter-23-24,419,DR. N K DHAPEKAR,Faculty of Technology,IMPACT OF NANO SILICA PARTICLES (NSP) & SILICA FUME ON CONCRETE FRESH AND HARDENED PROPERTY,,,,National,2023,978-93-6072-986-8,Kalinga University,Educational Publishers
book-chapter-23-24,420,MR. ROHIT JHA,Faculty of Technology,INVESTIGATION OF TALL BUILDINGS UNDER WIND LOADS,,,,National,2023,978-93-6072-336-1,Kalinga University,Educational Publishers
book-chapter-23-24,421,DR N K DHAPEKAR,Faculty of Technology,INVESTIGATION OF TALL BUILDINGS UNDER WIND LOADS,,,,National,2023,978-93-6072-336-1,Kalinga University,Educational Publishers
book-chapter-23-24,422,SHAILESH SINGH THAKUR,Faculty of Technology,ANALYSIS OF SUGARCANE ASH-BASED GEOPOLYMER,,,,National,2023,978-93-6072-407-8,Kalinga University,Educational Publishers
book-chapter-23-24,423,MR. AKSHIT LAMBA,Faculty of Technology,ANALYSIS OF SUGARCANE ASH-BASED GEOPOLYMER,,,,National,2023,978-93-6072-407-8,Kalinga University,Educational Publishers
book-chapter-23-24,424,SUKANT VERMA,Faculty of Technology,POST-TENSIONED HIGHWAY BRIDGE'S SUPERSTRUCTURE IN RELATION TO THE SPAN TO DEPTH RATIO,,,,National,2023,978-93-6072-937-0,Kalinga University,Educational Publishers
book-chapter-23-24,425,MR. AKSHIT LAMBA,Faculty of Technology,POST-TENSIONED HIGHWAY BRIDGE'S SUPERSTRUCTURE IN RELATION TO THE SPAN TO DEPTH RATIO,,,,National,2023,978-93-6072-937-0,Kalinga University,Educational Publishers
book-chapter-23-24,426,AAKARSH KUMAR GUPTA,Faculty of Technology,IMPACT OF CUPOLA BLAST FURNACE SLAG (CBFS)ON MORTAR & CONCRETE (M20),,,,National,2023,978-93-6072-421-4,Kalinga University,Educational Publishers
book-chapter-23-24,427,MR. PIYUSH DAS,Faculty of Technology,IMPACT OF CUPOLA BLAST FURNACE SLAG (CBFS)ON MORTAR & CONCRETE (M20),,,,National,2023,978-93-6072-421-4,Kalinga University,Educational Publishers
book-chapter-23-24,428,KISHOR PANDEY,Faculty of Technology,STUDY ON REPLACEMENT OF DIFFERENTIAL GLOBAL POSITIONING SYSTEM (DGPS)INSTRUMENT WITH DRONE (UNNMANED ARIEAL VEHICLE)INSTRUMENT,,,,National,2023,978-93-6072-972-1,Kalinga University,Educational Publishers
book-chapter-23-24,429,MRS. KIRTI SAHU TIRPUDE,Faculty of Technology,STUDY ON REPLACEMENT OF DIFFERENTIAL GLOBAL POSITIONING SYSTEM (DGPS)INSTRUMENT WITH DRONE (UNNMANED ARIEAL VEHICLE)INSTRUMENT,,,,National,2023,978-93-6072-972-1,Kalinga University,Educational Publishers
book-chapter-23-24,430,MANISH KUMAR VERMA,Faculty of Technology,IMPACT OF CORNER RADIUS AND CONFINEMENT LAYERS ON RC COLUMNS BEHAVIOR,,,,National,2023,978-93-6072-713-0,Kalinga University,Educational Publishers
book-chapter-23-24,431,MRS. SWATI AGRAWAL,Faculty of Technology,IMPACT OF CORNER RADIUS AND CONFINEMENT LAYERS ON RC COLUMNS BEHAVIOR,,,,National,2023,978-93-6072-713-0,Kalinga University,Educational Publishers
book-chapter-23-24,432,SHUBHAM DEWANGAN,Faculty of Technology,POSITIVE PERMANENT LINEAR CHANGE STUDY ON DOLOMITE BRICKS,,,,National,2023,978-93-6072-151-0,Kalinga University,Educational Publishers
book-chapter-23-24,433,MRS. SWATI AGRAWAL,Faculty of Technology,POSITIVE PERMANENT LINEAR CHANGE STUDY ON DOLOMITE BRICKS,,,,National,2023,978-93-6072-151-0,Kalinga University,Educational Publishers
book-chapter-23-24,434,MS. AKANKSHA CHANDRAKAR,Faculty of Technology,GAINFUL UTILIZATION APPERTAINING TOWARDS LIMESTONE (KOTA STONE) WASTE AS PAVEMENT MATERIAL,,,,National,2023,978-93-6072-339-2,Kalinga University,Educational Publishers
book-chapter-23-24,435,MR. HONEY GOUR,Faculty of Technology,GAINFUL UTILIZATION APPERTAINING TOWARDS LIMESTONE (KOTA STONE) WASTE AS PAVEMENT MATERIAL,,,,National,2023,978-93-6072-339-2,Kalinga University,Educational Publishers
book-chapter-23-24,436,AYAN BANDYOPADHYAY,Faculty of Technology,"ADVANCE CONSTRUCTION IN PAVEMENT OF NATIONAL HIGHWAY -31 (BARHI TO KODERMA, JHARKHAND)",,,,National,2023,978-93-6072-274-6,Kalinga University,Educational Publishers
book-chapter-23-24,437,MR. PIYUSH DAS,Faculty of Technology,"ADVANCE CONSTRUCTION IN PAVEMENT OF NATIONAL HIGHWAY -31 (BARHI TO KODERMA, JHARKHAND)",,,,National,2023,978-93-6072-274-6,Kalinga University,Educational Publishers
book-chapter-23-24,438,DEVENDRA SINGH,Faculty of Technology,THERMAL PERFORMANCE OF MORTAR AND CONCRETE WITH GREEN INSULATING WASTE MATERIAL,,,,National,2023,978-93-6072-546-4,Kalinga University,Educational Publishers
book-chapter-23-24,439,MR. PIYUSH DAS,Faculty of Technology,THERMAL PERFORMANCE OF MORTAR AND CONCRETE WITH GREEN INSULATING WASTE MATERIAL,,,,National,2023,978-93-6072-546-4,Kalinga University,Educational Publishers
book-chapter-23-24,440,MS. MANSI DEWANGAN,Faculty of Technology,PAVEMENT QUALITY CONCRETE WITH RESPECT TO UTILIZATION OF BLAST FURNACE SLAG AS FINE AGGREGATE,,,,National,2023,978-93-6072-332-3,Kalinga University,Educational Publishers
book-chapter-23-24,441,MR. HONEY GOUR,Faculty of Technology,PAVEMENT QUALITY CONCRETE WITH RESPECT TO UTILIZATION OF BLAST FURNACE SLAG AS FINE AGGREGATE,,,,National,2023,978-93-6072-332-3,Kalinga University,Educational Publishers
book-chapter-23-24,442,MALAYA SWAIN,Faculty of Technology,SOIL STRUCTURE INTERACTION IN MOMENT RESISTING FRAMES: FINITE ELEMENT STUDY,,,,National,2023,978-93-6072-346-0,Kalinga University,Educational Publishers
book-chapter-23-24,443,MR. MANAS RATHORE,Faculty of Technology,SOIL STRUCTURE INTERACTION IN MOMENT RESISTING FRAMES: FINITE ELEMENT STUDY,,,,National,2023,978-93-6072-346-0,Kalinga University,Educational Publishers
book-chapter-23-24,444,MR. PRATIK KUMAR KATHALE,Faculty of Technology,RECENT TECHNIQUES IN HIGHWAY CONSTRUCTION,,,,National,2023,978-93-6072-197-8,Kalinga University,Educational Publishers
book-chapter-23-24,445,DR. N K DHAPEKAR,Faculty of Technology,RECENT TECHNIQUES IN HIGHWAY CONSTRUCTION,,,,National,2023,978-93-6072-197-8,Kalinga University,Educational Publishers
book-chapter-23-24,446,MS. REETIKA DEWANGAN,Faculty of Technology,STUDY OF USE OF STEEL SLAG,,,,National,2023,978-93-6072-381-1,Kalinga University,Educational Publishers
book-chapter-23-24,447,MS. RUCHI CHANDRAKAR,Faculty of Technology,STUDY OF USE OF STEEL SLAG,,,,National,2023,978-93-6072-381-1,Kalinga University,Educational Publishers
book-chapter-23-24,448,ABHINANDAN KUMAR,Faculty of Technology,FABRICATION OF LAKE WASTAGE CLEANER,,,,National,2023,978-93-6072-074-2,Kalinga University,Educational Publishers
book-chapter-23-24,449,ABHISHEK DWIVEDI,Faculty of Technology,FABRICATION OF LAKE WASTAGE CLEANER,,,,National,2023,978-93-6072-074-2,Kalinga University,Educational Publishers
book-chapter-23-24,450,PRASHANT MAURYA,Faculty of Technology,FABRICATION OF LAKE WASTAGE CLEANER,,,,National,2023,978-93-6072-074-2,Kalinga University,Educational Publishers
book-chapter-23-24,451,NISHA YADAV,Faculty of Technology,FABRICATION OF LAKE WASTAGE CLEANER,,,,National,2023,978-93-6072-074-2,Kalinga University,Educational Publishers
book-chapter-23-24,452,DR. VINAY CHANDRA JHA,Faculty of Technology,FABRICATION OF LAKE WASTAGE CLEANER,,,,National,2023,978-93-6072-074-2,Kalinga University,Educational Publishers
book-chapter-23-24,453,NABODITA SARMA,Faculty of Technology,INNOVATING A MATERIAL AND A SMART AUTOMATION DEVICE FOR CARBON DIOXIDE REDUCTION,,,,National,2023,978-93-6072-891-5,Kalinga University,Educational Publishers
book-chapter-23-24,454,RAHUL KASHYAP,Faculty of Technology,INNOVATING A MATERIAL AND A SMART AUTOMATION DEVICE FOR CARBON DIOXIDE REDUCTION,,,,National,2023,978-93-6072-891-5,Kalinga University,Educational Publishers
book-chapter-23-24,455,SAMEER VERMA,Faculty of Technology,INNOVATING A MATERIAL AND A SMART AUTOMATION DEVICE FOR CARBON DIOXIDE REDUCTION,,,,National,2023,978-93-6072-891-5,Kalinga University,Educational Publishers
book-chapter-23-24,456,SHIVAM SINGH,Faculty of Technology,INNOVATING A MATERIAL AND A SMART AUTOMATION DEVICE FOR CARBON DIOXIDE REDUCTION,,,,National,2023,978-93-6072-891-5,Kalinga University,Educational Publishers
book-chapter-23-24,457,MR. GAURAV TAMREKAR,Faculty of Technology,INNOVATING A MATERIAL AND A SMART AUTOMATION DEVICE FOR CARBON DIOXIDE REDUCTION,,,,National,2023,978-93-6072-891-5,Kalinga University,Educational Publishers
book-chapter-23-24,458,HONEY KUMAR,Faculty of Technology,FABRICATION OF PROPULSION SYSTEM WORKING THROUGH PLASMA,,,,National,2023,978-93-6072-221-0,Kalinga University,Educational Publishers
book-chapter-23-24,459,TAMIRA JAYENDRA,Faculty of Technology,FABRICATION OF PROPULSION SYSTEM WORKING THROUGH PLASMA,,,,National,2023,978-93-6072-221-0,Kalinga University,Educational Publishers
book-chapter-23-24,460,ABHISHEK WARKE,Faculty of Technology,FABRICATION OF PROPULSION SYSTEM WORKING THROUGH PLASMA,,,,National,2023,978-93-6072-221-0,Kalinga University,Educational Publishers
book-chapter-23-24,461,KAMIL AHMED,Faculty of Technology,FABRICATION OF PROPULSION SYSTEM WORKING THROUGH PLASMA,,,,National,2023,978-93-6072-221-0,Kalinga University,Educational Publishers
book-chapter-23-24,462,MR. SWAPNIL SHUKLA,Faculty of Technology,FABRICATION OF PROPULSION SYSTEM WORKING THROUGH PLASMA,,,,National,2023,978-93-6072-221-0,Kalinga University,Educational Publishers
book-chapter-23-24,463,MR. KUNAL DEWANGAN,Faculty of Technology,FABRICATION OF PROPULSION SYSTEM WORKING THROUGH PLASMA,,,,National,2023,978-93-6072-221-0,Kalinga University,Educational Publishers
book-chapter-23-24,464,AJAY LOHAR,Faculty of Technology,DESIGN OF PICK AND PLACE ROBOT,,,,National,2023,978-93-6072-328-6,Kalinga University,Educational Publishers
book-chapter-23-24,465,ANGELA CLEMENT PAULO,Faculty of Technology,DESIGN OF PICK AND PLACE ROBOT,,,,National,2023,978-93-6072-328-6,Kalinga University,Educational Publishers
book-chapter-23-24,466,SARFARAJ MANSURI,Faculty of Technology,DESIGN OF PICK AND PLACE ROBOT,,,,National,2023,978-93-6072-328-6,Kalinga University,Educational Publishers
book-chapter-23-24,467,ATUL SHARMA,Faculty of Technology,DESIGN OF PICK AND PLACE ROBOT,,,,National,2023,978-93-6072-328-6,Kalinga University,Educational Publishers
book-chapter-23-24,468,MR. ANUP KUMAR JANA,Faculty of Technology,DESIGN OF PICK AND PLACE ROBOT,,,,National,2023,978-93-6072-328-6,Kalinga University,Educational Publishers
book-chapter-23-24,469,MR. SARAT CHANDRA MOHANTY,Faculty of Technology,DESIGN OF PICK AND PLACE ROBOT,,,,National,2023,978-93-6072-328-6,Kalinga University,Educational Publishers
book-chapter-23-24,470,SHASHIKANT KUMAR,Faculty of Technology,COMPUTATIONAL FLUID DYNAMIC(DRONE),,,,National,2023,978-93-6072-334-7,Kalinga University,Educational Publishers
book-chapter-23-24,471,MR. NURESH KUMAR KHUNTEY,Faculty of Technology,COMPUTATIONAL FLUID DYNAMIC(DRONE),,,,National,2023,978-93-6072-334-7,Kalinga University,Educational Publishers
book-chapter-23-24,472,SANJU TANDAN,Faculty of Technology,SOLAR POWER BANK WITH WIRELESS CHARGING,,,,National,2023,978-93-6072-203-6,Kalinga University,Educational Publishers
book-chapter-23-24,473,AKASH CHAKRABORTY,Faculty of Technology,SOLAR POWER BANK WITH WIRELESS CHARGING,,,,National,2023,978-93-6072-203-6,Kalinga University,Educational Publishers
book-chapter-23-24,474,KHUSBOO SINGH,Faculty of Technology,SOLAR POWER BANK WITH WIRELESS CHARGING,,,,National,2023,978-93-6072-203-6,Kalinga University,Educational Publishers
book-chapter-23-24,475,MR. SHAILESH SINGH THAKUR,Faculty of Technology,SOLAR POWER BANK WITH WIRELESS CHARGING,,,,National,2023,978-93-6072-203-6,Kalinga University,Educational Publishers
book-chapter-23-24,476,ANAMAY SHRIVASTAVA,Faculty of Technology,DESING AND ANALYSIS OF SOLAR ENERGY CONTROL SYSTEM,,,,National,2023,978-93-6072-944-8,Kalinga University,Educational Publishers
book-chapter-23-24,477,DR. VINAY CHANDRA JHA,Faculty of Technology,DESING AND ANALYSIS OF SOLAR ENERGY CONTROL SYSTEM,,,,National,2023,978-93-6072-944-8,Kalinga University,Educational Publishers
book-chapter-23-24,478,SAKSHAM PRASAD SHUKLA,Faculty of Technology,AN INVESTIGATION AND OPTIMIZATION OF THE MECHANICAL PROPERTIES OF WELDED JOINT FOR AISI 4130 PLATES USING ANFIS AND TAGUCHI APPROACH,,,,National,2023,978-93-6072-458-0,Kalinga University,Educational Publishers
book-chapter-23-24,479,MR. NURESH KUMAR KHUTEY,Faculty of Technology,AN INVESTIGATION AND OPTIMIZATION OF THE MECHANICAL PROPERTIES OF WELDED JOINT FOR AISI 4130 PLATES USING ANFIS AND TAGUCHI APPROACH,,,,National,2023,978-93-6072-458-0,Kalinga University,Educational Publishers
book-chapter-23-24,480,ALEXIUS LAKRA,Faculty of Science,BIOFUELS AS AN OPPORTUNITY TO SUSTAINABLE ENERGY,,,,National,2023,978-93-6072-153-4,Kalinga University,Educational Publishers
book-chapter-23-24,481,MRS. SARVAREE BANO,Faculty of Science,BIOFUELS AS AN OPPORTUNITY TO SUSTAINABLE ENERGY,,,,National,2023,978-93-6072-153-4,Kalinga University,Educational Publishers
book-chapter-23-24,482,AMBER CHOPRA,Faculty of Science,GREEN SYNTHESIS OF SILVER NANOPARTICLES USING BACTERIA AND ITS APPLICATION,,,,National,2023,978-93-6072-525-9,Kalinga University,Educational Publishers
book-chapter-23-24,483,DR. PREETI PANDEY,Faculty of Science,GREEN SYNTHESIS OF SILVER NANOPARTICLES USING BACTERIA AND ITS APPLICATION,,,,National,2023,978-93-6072-525-9,Kalinga University,Educational Publishers
book-chapter-23-24,484,ARCHANA HARPAL,Faculty of Science,GREEN SYNTHESIS OF ZINC OXIDE NANOPARTICLE AND ITS APPLICATION,,,,National,2023,978-93-6072-761-1,Kalinga University,Educational Publishers
book-chapter-23-24,485,DR. PREETI PANDEY,Faculty of Science,GREEN SYNTHESIS OF ZINC OXIDE NANOPARTICLE AND ITS APPLICATION,,,,National,2023,978-93-6072-761-1,Kalinga University,Educational Publishers
book-chapter-23-24,486,BHAGYASHREE MEHER,Faculty of Science,ENVIRONMENTAL REMEDIATION AND ANALYSIS OF METALLOIDS IN WATER BY NOVEL TECHNIQUE,,,,National,2023,978-93-6072-682-9,Kalinga University,Educational Publishers
book-chapter-23-24,487,MS. PRIYANKA GUPTA,Faculty of Science,ENVIRONMENTAL REMEDIATION AND ANALYSIS OF METALLOIDS IN WATER BY NOVEL TECHNIQUE,,,,National,2023,978-93-6072-682-9,Kalinga University,Educational Publishers
book-chapter-23-24,488,HIMANSHI SONWANI,Faculty of Science,CHARACTERIZATION TECHNIQUES USING FOR NANOPARTICLES STUDY,,,,National,2023,978-93-6072-646-1,Kalinga University,Educational Publishers
book-chapter-23-24,489,DR. SHILPI SHRIVASTAVA,Faculty of Science,CHARACTERIZATION TECHNIQUES USING FOR NANOPARTICLES STUDY,,,,National,2023,978-93-6072-646-1,Kalinga University,Educational Publishers
book-chapter-23-24,490,JAGRITI,Faculty of Science,"EVALUATION OF PHYSICOCHEMICAL PARAMETERS OF GROUND WATER IN RAIPUR DISTRICT, CHHATTISGARH, INDIA",,,,National,2023,978-93-6072-271-5,Kalinga University,Educational Publishers
book-chapter-23-24,491,MS.PRIYANKA GUPTA,Faculty of Science,"EVALUATION OF PHYSICOCHEMICAL PARAMETERS OF GROUND WATER IN RAIPUR DISTRICT, CHHATTISGARH, INDIA",,,,National,2023,978-93-6072-271-5,Kalinga University,Educational Publishers
book-chapter-23-24,492,KAJAL,Faculty of Science,BIOACTIVE COMPONENT OF SWERTIA CHIRAYATA : A REVIEW,,,,National,2023,978-93-6072-662-1,Kalinga University,Educational Publishers
book-chapter-23-24,493,DR. SANYOGITA SHAHI,Faculty of Science,BIOACTIVE COMPONENT OF SWERTIA CHIRAYATA : A REVIEW,,,,National,2023,978-93-6072-662-1,Kalinga University,Educational Publishers
book-chapter-23-24,494,SANGEETA MUND,Faculty of Science,SYNTHESIS AND CHARACTERIZATION OF BIODEGRADABLE PLANT BASED BIOPLASTIC,,,,National,2023,978-93-6072-836-6,Kalinga University,Educational Publishers
book-chapter-23-24,495,DR. SHILPI SHRIVASTAVA,Faculty of Science,SYNTHESIS AND CHARACTERIZATION OF BIODEGRADABLE PLANT BASED BIOPLASTIC,,,,National,2023,978-93-6072-836-6,Kalinga University,Educational Publishers
book-chapter-23-24,496,SEPHALI SINHA,Faculty of Science,BIOACTIVE COMPONENT OF CINNAMON : A REVIEW,,,,National,2023,978-93-6072-387-3,Kalinga University,Educational Publishers
book-chapter-23-24,497,DR. SANYOGITA SHAHI,Faculty of Science,BIOACTIVE COMPONENT OF CINNAMON : A REVIEW,,,,National,2023,978-93-6072-387-3,Kalinga University,Educational Publishers
book-chapter-23-24,498,SWAYAMPRABHA PATI,Faculty of Science,BIOACTIVE COMPONENT OF CLOVE : A REVIEW,,,,National,2023,978-93-6072-098-8,Kalinga University,Educational Publishers
book-chapter-23-24,499,DR. SANYOGITA SHAHI,Faculty of Science,BIOACTIVE COMPONENT OF CLOVE : A REVIEW,,,,National,2023,978-93-6072-098-8,Kalinga University,Educational Publishers
book-chapter-23-24,500,VIKAS,Faculty of Science,HEAVY METAL POLLUTION AND MICROORGANISM REMANDIATION STRATEGIES,,,,National,2023,978-93-6072-942-4,Kalinga University,Educational Publishers
book-chapter-23-24,501,DR. SHILPI SHRIVASTAVA,Faculty of Science,HEAVY METAL POLLUTION AND MICROORGANISM REMANDIATION STRATEGIES,,,,National,2023,978-93-6072-942-4,Kalinga University,Educational Publishers
book-chapter-23-24,502,AHMAD HUSAIN JOLHA,Faculty of Pharmacy,"A RESEARCH PAPER ON FORMULATION AND EVALUATION OF HERBAL CREAM FOR SKIN CARE USING TULSI EXTRACT, NEEM OIL AND TURMERIC POWDER AS ANTIFUNGAL, ANTIBACTERIAL AND ANTIMICROBIAL ACTIVITY",,,,National,2023,978-93-6072-491-7,Kalinga University,Educational Publishers
book-chapter-23-24,503,MR. HITESH KUMAR,Faculty of Pharmacy,"A RESEARCH PAPER ON FORMULATION AND EVALUATION OF HERBAL CREAM FOR SKIN CARE USING TULSI EXTRACT, NEEM OIL AND TURMERIC POWDER AS ANTIFUNGAL, ANTIBACTERIAL AND ANTIMICROBIAL ACTIVITY",,,,National,2023,978-93-6072-491-7,Kalinga University,Educational Publishers
book-chapter-23-24,504,HARISH BHAWNANI,Faculty of Pharmacy,RECENT ADVANCEMENT IN THE TREATMENT OF GENITAL CANCER IN FEMALES,,,,National,2023,978-93-6072-067-4,Kalinga University,Educational Publishers
book-chapter-23-24,505,MR. SATISH SIRIPINI,Faculty of Pharmacy,RECENT ADVANCEMENT IN THE TREATMENT OF GENITAL CANCER IN FEMALES,,,,National,2023,978-93-6072-067-4,Kalinga University,Educational Publishers
book-chapter-23-24,506,MS. RAJNI YADAV,Faculty of Pharmacy,RECENT ADVANCEMENT IN THE TREATMENT OF GENITAL CANCER IN FEMALES,,,,National,2023,978-93-6072-067-4,Kalinga University,Educational Publishers
book-chapter-23-24,507,DR. SANDIP PRASAD TIWARI,Faculty of Pharmacy,RECENT ADVANCEMENT IN THE TREATMENT OF GENITAL CANCER IN FEMALES,,,,National,2023,978-93-6072-067-4,Kalinga University,Educational Publishers
book-chapter-23-24,508,JORAM PAPU NIYA,Faculty of Pharmacy,A REVIEW ON DNA AND RECOMBINANT DNA TECHNOLOGY,,,,National,2023,978-93-6072-085-8,Kalinga University,Educational Publishers
book-chapter-23-24,509,DR. SANDIP PRASAD TIWARI,Faculty of Pharmacy,A REVIEW ON DNA AND RECOMBINANT DNA TECHNOLOGY,,,,National,2023,978-93-6072-085-8,Kalinga University,Educational Publishers
book-chapter-23-24,510,MS. MONIKA RAY,Faculty of Pharmacy,A REVIEW ON DNA AND RECOMBINANT DNA TECHNOLOGY,,,,National,2023,978-93-6072-085-8,Kalinga University,Educational Publishers
book-chapter-23-24,511,MS. RAJNI YADAV,Faculty of Pharmacy,A REVIEW ON DNA AND RECOMBINANT DNA TECHNOLOGY,,,,National,2023,978-93-6072-085-8,Kalinga University,Educational Publishers
book-chapter-23-24,512,KASSIM IDDI KASSIM,Faculty of Pharmacy,THE MEDICINAL AND ANTIMICROBIAL ACTIVITY OF HONEY,,,,National,2023,978-93-6072-843-4,Kalinga University,Educational Publishers
book-chapter-23-24,513,MR. HITESH KUMAR,Faculty of Pharmacy,THE MEDICINAL AND ANTIMICROBIAL ACTIVITY OF HONEY,,,,National,2023,978-93-6072-843-4,Kalinga University,Educational Publishers
book-chapter-23-24,514,AHMAD HUSAIN JOLHA,Faculty of Pharmacy,"FORMULATION AND EVALUATION OF HERBAL CREAM FOR SKIN CARE USING TULSI EXTRACT, NEEM OIL AND TURMERIC POWDER AS ANTIFUNGAL, ANTIBACTERIAL AND ANTIMICROBIAL ACTIVITY",,,,National,2023,978-93-6072-086-5,Kalinga University,Educational Publishers
book-chapter-23-24,515,MR. HITESH KUMAR,Faculty of Pharmacy,"FORMULATION AND EVALUATION OF HERBAL CREAM FOR SKIN CARE USING TULSI EXTRACT, NEEM OIL AND TURMERIC POWDER AS ANTIFUNGAL, ANTIBACTERIAL AND ANTIMICROBIAL ACTIVITY",,,,National,2023,978-93-6072-086-5,Kalinga University,Educational Publishers
book-chapter-23-24,516,SAIYYAD TOUSHIF ALI,Faculty of Pharmacy,PHYTOCHEMISTRY AND PHARMACOLOGICAL ACTIVITY OF MADHUCA LONGIFOLIA,,,,National,2023,978-93-6072-779-6,Kalinga University,Educational Publishers
book-chapter-23-24,517,MS. JAYSHREE SWARNKAR,Faculty of Pharmacy,PHYTOCHEMISTRY AND PHARMACOLOGICAL ACTIVITY OF MADHUCA LONGIFOLIA,,,,National,2023,978-93-6072-779-6,Kalinga University,Educational Publishers
book-chapter-23-24,518,VISHAL RAJ,Faculty of Pharmacy,AN OVERVIEW ON TOPICAL GELS OF CAMPHOR OR EUCALYPTUS,,,,National,2023,978-93-6072-609-6,Kalinga University,Educational Publishers
book-chapter-23-24,519,RAJNI YADAV,Faculty of Pharmacy,AN OVERVIEW ON TOPICAL GELS OF CAMPHOR OR EUCALYPTUS,,,,National,2023,978-93-6072-609-6,Kalinga University,Educational Publishers
book-chapter-23-24,520,DR. SANDIP PRASAD TIWARI,Faculty of Pharmacy,AN OVERVIEW ON TOPICAL GELS OF CAMPHOR OR EUCALYPTUS,,,,National,2023,978-93-6072-609-6,Kalinga University,Educational Publishers
book-chapter-23-24,521,YUGALKISHOR VERMA,Faculty of Pharmacy,ANTIOXIDANT FROM PUMPKIN AND HEALTH BENEFITS OF PUMPKIN AS A NUTRACEUTICAL,,,,National,2023,978-93-6072-990-5,Kalinga University,Educational Publishers
book-chapter-23-24,522,MR. SAURABH SHARMA,Faculty of Pharmacy,ANTIOXIDANT FROM PUMPKIN AND HEALTH BENEFITS OF PUMPKIN AS A NUTRACEUTICAL,,,,National,2023,978-93-6072-990-5,Kalinga University,Educational Publishers
book-chapter-23-24,523,MR. SHREY VAISHNAW,Faculty of Science,SYNTHESIS AND CHARACTERIZATION OF THERMO LUMINESCENCE OF TB3+/SM+ DOPED PHOSPHORS.,,,,National,2023,978-93-6072-354-5,Kalinga University,Educational Publishers
book-chapter-23-24,524,DR. ARUN KUMAR DIWAKAR,Faculty of Science,SYNTHESIS AND CHARACTERIZATION OF THERMO LUMINESCENCE OF TB3+/SM+ DOPED PHOSPHORS.,,,,National,2023,978-93-6072-354-5,Kalinga University,Educational Publishers
book-chapter-23-24,525,MS. VEENA SAHU,Faculty of Science,DESIGNING AN INNOVATIVE REAL TIME ASSISTIVE STICK TO NAVIGATE THE BLIND PERSON WITH SMART DETECTION & EMERGENCY FEATURES ULTRASONIC & WATER SENSOR AND GPS & GSM INTERFACE WITH ARDUINO NANO.,,,,National,2023,978-93-6072-000-1,Kalinga University,Educational Publishers
book-chapter-23-24,526,DR. TRIPTI RICHARIYA,Faculty of Science,DESIGNING AN INNOVATIVE REAL TIME ASSISTIVE STICK TO NAVIGATE THE BLIND PERSON WITH SMART DETECTION & EMERGENCY FEATURES ULTRASONIC & WATER SENSOR AND GPS & GSM INTERFACE WITH ARDUINO NANO.,,,,National,2023,978-93-6072-000-1,Kalinga University,Educational Publishers
book-chapter-23-24,527,MR. AAKASH SINGH THAKUR,Faculty of Science,"EXPLORING THE PROPERTIES AND POTENTIAL APPLICATIONS OF 2D MATERIALS, SUCH AS GRAPHENE OR TRANSITION METAL DICHALCOGENIDES.",,,,National,2023,978-93-6072-129-9,Kalinga University,Educational Publishers
book-chapter-23-24,528,DR. ALOKE VERMA,Faculty of Science,"EXPLORING THE PROPERTIES AND POTENTIAL APPLICATIONS OF 2D MATERIALS, SUCH AS GRAPHENE OR TRANSITION METAL DICHALCOGENIDES.",,,,National,2023,978-93-6072-129-9,Kalinga University,Educational Publishers
book-chapter-23-24,529,MR. ANKUR MAJUMDAR,Faculty of Science,NANOPHOTONIC DESIGN AND NANO MATERIAL ASSEMBLY FOR NEXT GENERATION OPTOELECTRONICS.,,,,National,2023,978-93-6072-934-9,Kalinga University,Educational Publishers
book-chapter-23-24,530,DR. ALOKE VERMA,Faculty of Science,NANOPHOTONIC DESIGN AND NANO MATERIAL ASSEMBLY FOR NEXT GENERATION OPTOELECTRONICS.,,,,National,2023,978-93-6072-934-9,Kalinga University,Educational Publishers
book-chapter-23-24,531,MS. ANJALI SAHU,Faculty of Science,REVIEW ON PHOTOLUMINESCENCE PROPERTIES OF DIFFERENT RARE EARTH DOPED ALUMINO SILICATE PHOSPHORS.,,,,National,2023,978-93-6072-568-6,Kalinga University,Educational Publishers
book-chapter-23-24,532,DR. TRIPTI RICHHARIYA,Faculty of Science,REVIEW ON PHOTOLUMINESCENCE PROPERTIES OF DIFFERENT RARE EARTH DOPED ALUMINO SILICATE PHOSPHORS.,,,,National,2023,978-93-6072-568-6,Kalinga University,Educational Publishers
book-chapter-23-24,533,MS. DEEPIKA SAHU,Faculty of Science,ACCESS TO ENERGY IN EMERGING NATIONS RURAL AREAS IS CONSISTENT.,,,,National,2023,978-93-6072-164-0,Kalinga University,Educational Publishers
book-chapter-23-24,534,DR. ALOKE VERMA,Faculty of Science,ACCESS TO ENERGY IN EMERGING NATIONS RURAL AREAS IS CONSISTENT.,,,,National,2023,978-93-6072-164-0,Kalinga University,Educational Publishers
book-chapter-23-24,535,MR. GIRIRAJ SAHU,Faculty of Science,"EFFICIENCY, STABILITY, AND FUTURE PROSPECTS OF NOVEL MATERIALS IN PEROVSKITE SOLAR CELLS.",,,,National,2023,978-93-6072-618-8,Kalinga University,Educational Publishers
book-chapter-23-24,536,DR. ALOKE VERMA,Faculty of Science,"EFFICIENCY, STABILITY, AND FUTURE PROSPECTS OF NOVEL MATERIALS IN PEROVSKITE SOLAR CELLS.",,,,National,2023,978-93-6072-618-8,Kalinga University,Educational Publishers
book-chapter-23-24,537,MS. MRUNMAYEE PANDA,Faculty of Science,UNVEILING THE MYSTERIES OF DARK ENERGY.,,,,National,2023,978-93-6072-140-4,Kalinga University,Educational Publishers
book-chapter-23-24,538,DR. AVINASH SINGH,Faculty of Science,UNVEILING THE MYSTERIES OF DARK ENERGY.,,,,National,2023,978-93-6072-140-4,Kalinga University,Educational Publishers
book-chapter-23-24,539,MS. NAMITA SAHU,Faculty of Science,A STUDY OF ADVANCED THERMO LUMINESCENT MATERIALS FOR RADIATION DOSIMETRY APPLICATIONS.,,,,National,2023,978-93-6072-957-8,Kalinga University,Educational Publishers
book-chapter-23-24,540,DR. ALOKE VERMA,Faculty of Science,A STUDY OF ADVANCED THERMO LUMINESCENT MATERIALS FOR RADIATION DOSIMETRY APPLICATIONS.,,,,National,2023,978-93-6072-957-8,Kalinga University,Educational Publishers
book-chapter-23-24,541,MS. NIKITA KANDULNA,Faculty of Science,EFFECT OF DARK MATTERS ON EVOLUTION OF THE UNIVERSE.,,,,National,2023,978-93-6072-196-1,Kalinga University,Educational Publishers
book-chapter-23-24,542,DR. AVINASH SINGH,Faculty of Science,EFFECT OF DARK MATTERS ON EVOLUTION OF THE UNIVERSE.,,,,National,2023,978-93-6072-196-1,Kalinga University,Educational Publishers
book-chapter-23-24,543,MS. POOJA SANADYA,Faculty of Science,STUDY OF SOLAR FLARE AND ITS IMPACT ON EARTH.,,,,National,2023,978-93-6072-594-5,Kalinga University,Educational Publishers
book-chapter-23-24,544,DR. ALOKE VERMA,Faculty of Science,STUDY OF SOLAR FLARE AND ITS IMPACT ON EARTH.,,,,National,2023,978-93-6072-594-5,Kalinga University,Educational Publishers
book-chapter-23-24,545,AYUSH GUPTA,Faculty of Pharmacy,REVIEW ON FLOATING DRUG DELIVERY SYSTEM,,,,National,2023,978-93-6072-267-8,Kalinga University,Educational Publishers
book-chapter-23-24,546,MR. PRANJUL SHRIVASTAVA,Faculty of Pharmacy,REVIEW ON FLOATING DRUG DELIVERY SYSTEM,,,,National,2023,978-93-6072-267-8,Kalinga University,Educational Publishers
book-chapter-23-24,547,ASHUTOSH SINGH RAJPUT,Faculty of Pharmacy,REVIEW ON MICROEMULSION FOR TREATMENT OF FUNGAL INFECTION,,,,National,2023,978-93-6072-181-7,Kalinga University,Educational Publishers
book-chapter-23-24,548,MS. JAYSHREE SWARNKAR,Faculty of Pharmacy,REVIEW ON MICROEMULSION FOR TREATMENT OF FUNGAL INFECTION,,,,National,2023,978-93-6072-181-7,Kalinga University,Educational Publishers
book-chapter-23-24,549,MS. HUMAN SAHU,Faculty of Science,REVIEW ON OPTICAL PROPERTIES OF IMPURITIES DOPED PHOSPHATE PHOSPHORS.,,,,National,2023,978-93-6072-432-0,Kalinga University,Educational Publishers
book-chapter-23-24,550,DR. TRIPTI RICHHARIYA,Faculty of Science,REVIEW ON OPTICAL PROPERTIES OF IMPURITIES DOPED PHOSPHATE PHOSPHORS.,,,,National,2023,978-93-6072-432-0,Kalinga University,Educational Publishers
book-chapter-23-24,551,SHIVAM KUMAR YADAV,Faculty of Pharmacy,DEVELOPMENTS IN NANO DRUG DELIVERY SYSTEMS IN THE TREATMENT OF DIABETES- A REVIEW,,,,National,2023,978-93-6072-285-2,Kalinga University,Educational Publishers
book-chapter-23-24,552,MR. SATISH SIRIPINI,Faculty of Pharmacy,DEVELOPMENTS IN NANO DRUG DELIVERY SYSTEMS IN THE TREATMENT OF DIABETES- A REVIEW,,,,National,2023,978-93-6072-285-2,Kalinga University,Educational Publishers
book-chapter-23-24,553,Dr. Shilpi Bhattacharya,Faculty of Arts & Humanities,Empowering Women Entrepreneurs,Empowering Women Entrepreneurs,Strengthening Women Entrepreneurship for Achieving Sustainable Developmental Goals,,National,2023,978-93-92568-80-0,Kalinga University,Aditi Publication
book-chapter-23-24,554,Dr. Ajay Shukla,Faculty of Arts & Humanities,Agro-Based Women Entrepreneurs: Catalysts for Sustainable Development in Rural Communities,Agro-Based Women Entrepreneurs: Catalysts for Sustainable Development in Rural Communities,Strengthening Women Entrepreneurship for Achieving Sustainable Developmental Goals,,National,2023,978-93-92568-80-0,Kalinga University,Aditi Publication
book-chapter-23-24,555,Dr. Ajay Shukla,Faculty of Arts & Humanities,NGOS and Civil Society Support: Empowering Women Entrepreneurs for Sustainable Change,NGOS and Civil Society Support: Empowering Women Entrepreneurs for Sustainable Change,Strengthening Women Entrepreneurship for Achieving Sustainable Developmental Goals,,National,2023,978-93-92568-80-0,Kalinga University,Aditi Publication
book-chapter-23-24,556,Dr. Ajay Shukla,Faculty of Arts & Humanities,Women in Agriculture and Rural Development Bridging Gender Disparities for Sustainable Progress,Women in Agriculture and Rural Development Bridging Gender Disparities for Sustainable Progress,Strengthening Women Entrepreneurship for Achieving Sustainable Developmental Goals,,National,2023,978-93-92568-80-0,Kalinga University,Aditi Publication
book-chapter-23-24,557,Dr. Vineeta Diwan,Faculty of Arts & Humanities,"Role of Women in Agriculture, Rural Economy and SDGs","Role of Women in Agriculture, Rural Economy and SDGs",Strengthening Women Entrepreneurship for Achieving Sustainable Developmental Goals,,National,2023,978-93-92568-80-0,Kalinga University,Aditi Publication
book-chapter-23-24,558,Ms. Anupa Sinha,Faculty of Arts & Humanities,Leveraging Technology and Data Analytics for Advancing Gender Equality in Entrepreneurship,Leveraging Technology and Data Analytics for Advancing Gender Equality in Entrepreneurship,Strengthening Women Entrepreneurship for Achieving Sustainable Developmental Goals,,National,2023,978-93-92568-80-0,Kalinga University,Aditi Publication
book-chapter-23-24,559,Ms. Anupa Sinha,Faculty of Arts & Humanities,Strengthening Women Entrepreneurship for Achieving Sustainable Development Goals: Computational Approach,Strengthening Women Entrepreneurship for Achieving Sustainable Development Goals: Computational Approach,Strengthening Women Entrepreneurship for Achieving Sustainable Developmental Goals,,National,2023,978-93-92568-80-0,Kalinga University,Aditi Publication
book-chapter-23-24,560,Dr. Shraddha Verma,Faculty of Law,Empowering Women Entrepreneurs for Economic Growth and Gender Equality,Empowering Women Entrepreneurs for Economic Growth and Gender Equality,Strengthening Women Entrepreneurship for Achieving Sustainable Developmental Goals,,National,2023,978-93-92568-80-0,Kalinga University,Aditi Publication
book-chapter-23-24,561,Dr. Lubhawani Tripathi,Faculty of Law,Entrepreneurship: A Pathway to Sustainable Development in Raipur Region,Entrepreneurship: A Pathway to Sustainable Development in Raipur Region,Strengthening Women Entrepreneurship for Achieving Sustainable Developmental Goals,,National,2023,978-93-92568-80-0,Kalinga University,Aditi Publication
book-chapter-23-24,562,Dr. A. Vijayanand,Faculty of Arts & Humanities,Strengthening Women Entrepreneurship for Achieving Sustainable Goals with Reference to Intersectionality and Inclusivity,Strengthening Women Entrepreneurship for Achieving Sustainable Goals with Reference to Intersectionality and Inclusivity,Strengthening Women Entrepreneurship for Achieving Sustainable Developmental Goals,,National,2023,978-93-92568-80-0,Kalinga University,Aditi Publication
book-chapter-23-24,563,Dr. A.Vijayanand,Faculty of Arts & Humanities,Women Entrepreneurs: From Parody to Perfection,Women Entrepreneurs: From Parody to Perfection,Strengthening Women Entrepreneurship for Achieving Sustainable Developmental Goals,,National,2023,978-93-92568-80-0,Kalinga University,Aditi Publication
book-chapter-23-24,564,Ms. Deepshikha Patel,Faculty of Commerce & Management,Women in Agriculture: A Study of Farm- Livelihood in Chhattisgarh State,Women in Agriculture: A Study of Farm- Livelihood in Chhattisgarh State,Strengthening Women Entrepreneurship for Achieving Sustainable Developmental Goals,,National,2023,978-93-92568-80-0,Kalinga University,Aditi Publication
book-chapter-23-24,565,Mr. Pawan Kumar,Faculty of CS & IT,Women in Agriculture and Rural Development Bridging Gender Disparities for Sustainable Progress,Women in Agriculture and Rural Development Bridging Gender Disparities for Sustainable Progress,Strengthening Women Entrepreneurship for Achieving Sustainable Developmental Goals,,National,2023,978-93-92568-80-0,Kalinga University,Aditi Publication
book-chapter-23-24,566,Mr.Ranjan Kumar Ray,Faculty of Law,Unveiling equality: The legal position of women within the religion framework of India,Gender and Religious,Gender and Religious,,National,2023,978-93-92108-96-9,Kalinga University,Rudra Publications
book-chapter-23-24,567,Mr. Soumyadeep Chakrebarti,Faculty of Law,Unveiling equality: The legal position of women within the religion framework of India,Gender and Religious,Gender and Religious,,National,2023,978-93-92108-96-9,Kalinga University,Rudra Publications
book-chapter-23-24,568,Ms. Abhismita Roy,Faculty of Science,Role of women's religious beliefs in their response to the climate crisis,Gender and Religious,Gender and Religious,,National,2023,978-93-92108-96-9,Kalinga University,Rudra Publications
book-chapter-23-24,569,Dr. Shilpi Bhattacharya,Faculty of Science,"Portrayal of Violence against women in Taslima Nasrin's ""lajji"" and james baldwin's ""the fire next time""",Gender and Religious,Gender and Religious,,National,2023,978-93-92108-96-9,Kalinga University,Rudra Publications
book-chapter-23-24,570,Ms. Marieta Jagdalla,Faculty of Arts & Humanities,"Rights of the individual and religious dogma: Analysing the intellectual and religious implications of ""the stoning"" of sorya M",Gender and Religious,Gender and Religious,,National,2023,978-93-92108-96-9,Kalinga University,Rudra Publications
book-chapter-23-24,571,Ms. Vaishali Sinha,Faculty of Science,Forensic women spies: Unveiling the hidden contribution and challenges,Gender and Religious,Gender and Religious,,National,2023,978-93-92108-96-9,Kalinga University,Rudra Publications
book-chapter-23-24,572,Ms. Geetika Bramhbhatta,Faculty of Arts & Humanities,Women's Contribution towards religious in pre-colonial era,Gender and Religious,Gender and Religious,,National,2023,978-93-92108-96-9,Kalinga University,Rudra Publications
book-chapter-23-24,573,Ms. L Jyoti Reddy,Faculty of Arts & Humanities,Women after independence in perspectives of religion,Gender and Religious,Gender and Religious,,National,2023,978-93-92108-96-9,Kalinga University,Rudra Publications
book-chapter-23-24,574,Dr. Anita Samal,Faculty of Arts & Humanities,Women and Religion: A journey towards equality and empowerment,Gender and Religious,Gender and Religious,,National,2023,978-93-92108-96-9,Kalinga University,Rudra Publications
book-chapter-23-24,575,Dr. Wafi Ahmed Khan,Faculty of Arts & Humanities,Unleashing her potential: Government initiatives redefining women empowerment and status in India,Gender and Religious,Gender and Religious,,National,2023,978-93-92108-96-9,Kalinga University,Rudra Publications
book-chapter-23-24,576,Ms. Shreya Dwivedi,Faculty of Arts & Humanities,Unveiling transgander portrayal in Indian cinema: A cinematic journey,Gender and Religious,Gender and Religious,,National,2023,978-93-92108-96-9,Kalinga University,Rudra Publications
book-chapter-23-24,577,Mr. Kamlesh Kumar Yadav,Faculty of CS & IT,Societal Intervention to enhance the status of transgender people,Gender and Religious,Gender and Religious,,National,2023,978-93-92108-96-9,Kalinga University,Rudra Publications
book-chapter-23-24,578,Mr. Ashish kumar samal,Faculty of Arts & Humanities,Economic perspective of working lady: in rural area,Gender and Religious,Gender and Religious,,National,2023,978-93-92108-96-9,Kalinga University,Rudra Publications
book-chapter-23-24,579,Ms. Jesika Minj,Faculty of Arts & Humanities,Women in the context of present policy of India,Gender and Religious,Gender and Religious,,National,2023,978-93-92108-96-9,Kalinga University,Rudra Publications
book-chapter-23-24,580,Dr. Shraddha Hirkane,Faculty of Arts & Humanities,The painful story of third party life,Gender and Religious,Gender and Religious,,National,2023,978-93-92108-96-9,Kalinga University,Rudra Publications
book-chapter-23-24,581,Dr. Wafi Ahmed Khan,Faculty of Arts & Humanities,"Hkkjr esa l'kfDrdj.k vkSj fLFkfr dks fQj ls ifjHkkf""kr djuss fd ljdkjh igy","fyax vkSj /keZ ,d voyksdu",Gender and Religious,,National,2023,978-93-92108-96-9,Kalinga University,Rudra Publications
book-chapter-23-24,582,Mr. Ranjan Kumar Rai,Faculty of Arts & Humanities,** lekurk dk inkZQkl Hkkjr ds /kkfeZd <kpksa esa efgykvksa fd dkuwuh fLFkfr **,"fyax vkSj /keZ ,d voyksdu",Gender and Religious,,National,2023,978-93-92108-96-9,Kalinga University,Rudra Publications
book-chapter-23-24,583,Mr. Saumyadeep Chawardee,Faculty of Arts & Humanities,** lekurk dk inkZQkl Hkkjr ds /kkfeZd <kpksa esa efgykvksa fd dkuwuh fLFkfr **,"fyax vkSj /keZ ,d voyksdu",Gender and Religious,,National,2023,978-93-92108-96-9,Kalinga University,Rudra Publications
book-chapter-23-24,584,Ms. Abhismita Roy,Faculty of Science,tyok;q ladV ds izfr efgykvksa fd izfrfØ;kvksa esa mudh /kkfeZd ekU;rkvksa fd Hkwfedk,"fyax vkSj /keZ ,d voyksdu",Gender and Religious,,National,2023,978-93-92108-96-9,Kalinga University,Rudra Publications
book-chapter-23-24,585,Ms. Marieta Jagdalla,Faculty of Arts & Humanities,"O;fDrxr vkSj /kkfeZd MkWXek ds vf/kdkj* n Lvsfuax vkWQ lksjk;k ,e* ds ckSf)d vkSj /kkfeZd izHkkoksa dk fo'ys""k.k","fyax vkSj /keZ ,d voyksdu",Gender and Religious,,National,2023,978-93-92108-96-9,Kalinga University,Rudra Publications
book-chapter-23-24,586,Mrs. Shreya Dwedi,Faculty of Arts & Humanities,"Hkkjrh; flusek esa VªkaltsasMj izfr:Ik% ,d fluseSfVd ;k+=k","fyax vkSj /keZ ,d voyksdu",Gender and Religious,,National,2023,978-93-92108-96-9,Kalinga University,Rudra Publications
book-chapter-23-24,587,Mr. Shubham Rai,Faculty of Law,"vk/kqfud vkSj fefM;k lekt essa efgyk l'kfDrdj.k% ,d oSf'od ifjizs{;","fyax vkSj /keZ ,d voyksdu",Gender and Religious,,National,2023,978-93-92108-96-9,Kalinga University,Rudra Publications
book-chapter-23-24,588,Mr. Kamlesh Kumar Yadav,Faculty of CS & IT,"VªkaltsaMj yksxksa fd fLFkfr dks c<+kus ds fy, lekftd gLr{ksi","fyax vkSj /keZ ,d voyksdu",Gender and Religious,,National,2023,978-93-92108-96-9,Kalinga University,Rudra Publications
book-chapter-23-24,589,Ms. Geetika Bramhbhatta,Faculty of Arts & Humanities,iwoZ & vkSifuosf'kd ;qx esa /keZ ds izfr efyykvksa dks ;ksxnku,"fyax vkSj /keZ ,d voyksdu",Gender and Religious,,National,2023,978-93-92108-96-9,Kalinga University,Rudra Publications
book-chapter-23-24,590,Ms. L Jyoti Reddy,Faculty of Arts & Humanities,"/keZ ds ifjiz{; esa Lora=rk ds ckn fd efgy,a","fyax vkSj /keZ ,d voyksdu",Gender and Religious,,National,2023,978-93-92108-96-9,Kalinga University,Rudra Publications
book-chapter-23-24,591,Ashish kumar Samal,Faculty of Arts & Humanities,ofdaZx ysMh dk vkfFkZd ifjisz{;% xzkeh.k {ks= esa,"fyax vkSj /keZ ,d voyksdu",Gender and Religious,,National,2023,978-93-92108-96-9,Kalinga University,Rudra Publications
book-chapter-23-24,592,Ms. Jesika Minj,Faculty of Arts & Humanities,"Hkkjr fd orZeku uhfr ds lanHkZ esa efgyk,a","fyax vkSj /keZ ,d voyksdu",Gender and Religious,,National,2023,978-93-92108-96-9,Kalinga University,Rudra Publications
book-chapter-23-24,593,Dr. Shraddha Hirkane,Faculty of Arts & Humanities,rqrh;iFkh thou% nnZ Hkjh nkLrku,"fyax vkSj /keZ ,d voyksdu",Gender and Religious,,National,2023,978-93-92108-96-9,Kalinga University,Rudra Publications
book-chapter-23-24,594,Dr. Anita Samal,Faculty of Arts & Humanities,"efgyk,a vkSj /keZ% lkekurk vkSj l'kfDrdj.k fd n'kk esa ,d ;k=k","fyax vkSj /keZ ,d voyksdu",Gender and Religious,,National,2023,978-93-92108-96-9,Kalinga University,Rudra Publications
book-chapter-23-24,595,Dr. Shilpi Shrivastava,Faculty of Science,Analysing Metallic Nanoparticles in Plant Extract,"2nd International Conference on
 Hodiernal Aspect of Science and
 Technology","2nd International Conference on
 Hodiernal Aspect of Science and
 Technology",,International,2023,978-81-962175-0-1,Kalinga University,Avani Publication
book-chapter-23-24,596,Dr. Preeti Pandey*,Faculty of Science,A Review: Characteristics of Nanomaterial with it application,"2nd International Conference on
 Hodiernal Aspect of Science and
 Technology","2nd International Conference on
 Hodiernal Aspect of Science and
 Technology",,International,2023,978-81-962175-0-1,Kalinga University,Avani Publication
book-chapter-23-24,597,Preeti Pandey,Faculty of Science,Alternative Source of Protein for Vegans,"2nd International Conference on
 Hodiernal Aspect of Science and
 Technology","2nd International Conference on
 Hodiernal Aspect of Science and
 Technology",,International,2023,978-81-962175-0-1,Kalinga University,Avani Publication
book-chapter-23-24,598,Sarvaree Bano,Faculty of Science,"A Comprehensive Review of Toxic Heavy Metals in Polluted Soil to
 Evaluate Pollution Levels","2nd International Conference on
 Hodiernal Aspect of Science and
 Technology","2nd International Conference on
 Hodiernal Aspect of Science and
 Technology",,International,2023,978-81-962175-0-1,Kalinga University,Avani Publication
book-chapter-23-24,599,Sanyogita Shahi,Faculty of Science,Bioactive Component of Cinnamon: A Review,"2nd International Conference on
 Hodiernal Aspect of Science and
 Technology","2nd International Conference on
 Hodiernal Aspect of Science and
 Technology",,International,2023,978-81-962175-0-1,Kalinga University,Avani Publication
book-chapter-23-24,600,Sanyogita Shahi,Faculty of Science,Bioactive properties of Papaver sominiferum : A Review,"2nd International Conference on
 Hodiernal Aspect of Science and
 Technology","2nd International Conference on
 Hodiernal Aspect of Science and
 Technology",,International,2023,978-81-962175-0-1,Kalinga University,Avani Publication
book-chapter-23-24,601,Sanyogita Shahi,Faculty of Science,Bio active properties of Star anise : A Review,"2nd International Conference on
 Hodiernal Aspect of Science and
 Technology","2nd International Conference on
 Hodiernal Aspect of Science and
 Technology",,International,2023,978-81-962175-0-1,Kalinga University,Avani Publication
book-chapter-23-24,602,Sanyogita Shahi,Faculty of Science,Bio active properties of Piper cubeba : A Review,"2nd International Conference on
 Hodiernal Aspect of Science and
 Technology","2nd International Conference on
 Hodiernal Aspect of Science and
 Technology",,International,2023,978-81-962175-0-1,Kalinga University,Avani Publication
book-chapter-23-24,603,Preeti Pandey,Faculty of Science,Biogenesis of silver nanoparticles and its antibacterial studies,"2nd International Conference on
 Hodiernal Aspect of Science and
 Technology","2nd International Conference on
 Hodiernal Aspect of Science and
 Technology",,International,2023,978-81-962175-0-1,Kalinga University,Avani Publication
book-chapter-23-24,604,Sanyogita Shahi,Faculty of Science,Bioactive Component of Chirayata: A Review,"2nd International Conference on
 Hodiernal Aspect of Science and
 Technology","2nd International Conference on
 Hodiernal Aspect of Science and
 Technology",,International,2023,978-81-962175-0-1,Kalinga University,Avani Publication
book-chapter-23-24,605,Dr. Shilpi Shrivastava,Faculty of Science,Biodiesel production using Soybeans: A green approach,"2nd International Conference on
 Hodiernal Aspect of Science and
 Technology","2nd International Conference on
 Hodiernal Aspect of Science and
 Technology",,International,2023,978-81-962175-0-1,Kalinga University,Avani Publication
book-chapter-23-24,606,Sanyogita Shahi,Faculty of Science,Bioactive Component of Clove: A Review,"2nd International Conference on
 Hodiernal Aspect of Science and
 Technology","2nd International Conference on
 Hodiernal Aspect of Science and
 Technology",,International,2023,978-81-962175-0-1,Kalinga University,Avani Publication
book-chapter-23-24,607,Dr. Shilpi Shrivastava,Faculty of Science,Bioinspired Nanomaterial in Drug Delivery,"2nd International Conference on
 Hodiernal Aspect of Science and
 Technology","2nd International Conference on
 Hodiernal Aspect of Science and
 Technology",,International,2023,978-81-962175-0-1,Kalinga University,Avani Publication
book-chapter-23-24,608,Dr. Shilpi Shrivastava,Faculty of Science,"EFFECTS OF SOIL POLLUTION IN PATHALGAON AREA OF
 JASHPUR DISTRICT (C.G.)","2nd International Conference on
 Hodiernal Aspect of Science and
 Technology","2nd International Conference on
 Hodiernal Aspect of Science and
 Technology",,International,2023,978-81-962175-0-1,Kalinga University,Avani Publication
book-chapter-23-24,609,Priyanka Gupta,Faculty of Science,"Environmental Remediation and Analysis of metalloids in Water by
 Novel Techniques","2nd International Conference on
 Hodiernal Aspect of Science and
 Technology","2nd International Conference on
 Hodiernal Aspect of Science and
 Technology",,International,2023,978-81-962175-0-1,Kalinga University,Avani Publication
book-chapter-23-24,610,Preeti Pandey,Faculty of Science,Green synthesis of ZnO nanoparticle: A critical review,"2nd International Conference on
 Hodiernal Aspect of Science and
 Technology","2nd International Conference on
 Hodiernal Aspect of Science and
 Technology",,International,2023,978-81-962175-0-1,Kalinga University,Avani Publication
book-chapter-23-24,611,Dr. Shilpi Shrivastava,Faculty of Science,Microfluidics in the in-situ drug delivery of cancer medications,"2nd International Conference on
 Hodiernal Aspect of Science and
 Technology","2nd International Conference on
 Hodiernal Aspect of Science and
 Technology",,International,2023,978-81-962175-0-1,Kalinga University,Avani Publication
book-chapter-23-24,612,Sanyogita Shahi,Faculty of Science,Medicinal value of Calotropis procerais : A Review,"2nd International Conference on
 Hodiernal Aspect of Science and
 Technology","2nd International Conference on
 Hodiernal Aspect of Science and
 Technology",,International,2023,978-81-962175-0-1,Kalinga University,Avani Publication
book-chapter-23-24,613,Sarvaree Bano,Faculty of Science,Preparation of Nanoparticle through Terpenoid: An Overview,"2nd International Conference on
 Hodiernal Aspect of Science and
 Technology","2nd International Conference on
 Hodiernal Aspect of Science and
 Technology",,International,2023,978-81-962175-0-1,Kalinga University,Avani Publication
book-chapter-23-24,614,Shilpi Shrivastava,Faculty of Science,"Physicochemical Studies on Assessment of GroundWater Quality of
 Raipur District","2nd International Conference on
 Hodiernal Aspect of Science and
 Technology","2nd International Conference on
 Hodiernal Aspect of Science and
 Technology",,International,2023,978-81-962175-0-1,Kalinga University,Avani Publication
book-chapter-23-24,615,Shilpi Shrivastava,Faculty of Science,"PHISICO-CHEMICAL STUDIES OF WATER SUPPLIED BY AREA
 OF RAJIM MUNICIPALITY DISTRICT –RAIPUR","2nd International Conference on
 Hodiernal Aspect of Science and
 Technology","2nd International Conference on
 Hodiernal Aspect of Science and
 Technology",,International,2023,978-81-962175-0-1,Kalinga University,Avani Publication
book-chapter-23-24,616,Shilpi Shrivastava,Faculty of Science,"Synthesis And Characterization of Biodegradable Plant Based
 Bioplastic","2nd International Conference on
 Hodiernal Aspect of Science and
 Technology","2nd International Conference on
 Hodiernal Aspect of Science and
 Technology",,International,2023,978-81-962175-0-1,Kalinga University,Avani Publication
book-chapter-23-24,617,Priyanka Gupta,Faculty of Science,Therapeutic applications and Health benefits of Water Lily: A Review,"2nd International Conference on
 Hodiernal Aspect of Science and
 Technology","2nd International Conference on
 Hodiernal Aspect of Science and
 Technology",,International,2023,978-81-962175-0-1,Kalinga University,Avani Publication
book-chapter-23-24,618,Dr.Sandeep Gandhi,Faculty of Commerce & Management,Issues & Challenges of IPR in India,,National Conference on Intellectual Property Rights,,National,2023,978-93-92568-83-1,Kalinga University,Aditi Publication
book-chapter-23-24,619,Dr.Shraddha Verma,Faculty of Education,IPR & Overview,,National Conference on Intellectual Property Rights,,National,2023,978-93-92568-83-1,Kalinga University,Aditi Publication
book-chapter-23-24,620,Ajay kumar harit,Faculty of Science,intellectual property Rights Awareness survey among students and technical staff,,National Conference on Intellectual Property Rights,,National,2023,978-93-92568-83-1,Kalinga University,Aditi Publication
book-chapter-23-24,621,M.Gayatri,Faculty of Education,Importance of Introduction of intellectual Property rights in Curriculum of Masters of Education Program,,National Conference on Intellectual Property Rights,,National,2023,978-93-92568-83-1,Kalinga University,Aditi Publication
book-chapter-23-24,622,Dr.Ranjeeta Singh,Faculty of Education,Intellectual Property Rights Issues and Challenges in india,,National Conference on Intellectual Property Rights,,National,2023,978-93-92568-83-1,Kalinga University,Aditi Publication
book-chapter-23-24,623,Dr.Harsha Patil,Faculty of Education,IPR & Overview,,National Conference on Intellectual Property Rights,,National,2023,978-93-92568-83-1,Kalinga University,Aditi Publication
book-chapter-23-24,624,Saurabh Sharma,Faculty of Pharmacy,Importance of IPR Related to Competitiveness in Pharmaceutical Research,,National Conference on Intellectual Property Rights,,National,2023,978-93-92568-83-1,Kalinga University,Aditi Publication
book-chapter-23-24,625,Ku. Pooja Dev,Faculty of Education,बौद्धिक संपदा अधिकार: चुनौतियाँ एवं समाधान,,National Conference on Intellectual Property Rights,,National,2023,978-93-92568-83-1,Kalinga University,Aditi Publication
book-chapter-23-24,626,Ms. Abhismita Roy,Faculty of Science,A Review of Models and Projections on the effects of climate change on energy systems,"International conference on climate change, sustainable development and smart agriculture","International conference on climate change, sustainable development and smart agriculture",,International,2023,978-93-92568-55-8,Kalinga University,Aditi Publication
book-chapter-23-24,627,Sarvaree Bano,Faculty of Science,Sustainable development through waste plant material and its environmental application: An overview,"International conference on climate change, sustainable development and smart agriculture","International conference on climate change, sustainable development and smart agriculture",,International,2023,978-93-92568-55-8,Kalinga University,Aditi Publication
book-chapter-23-24,628,Abhismita Roy,Faculty of Science,Ethnic Food Culture of West Bengal State of India,"International conference on climate change, sustainable development and smart agriculture","International conference on climate change, sustainable development and smart agriculture",,International,2023,978-93-92568-55-8,Kalinga University,Aditi Publication
book-chapter-23-24,629,Abhishek Kumar Pandey,Faculty of Science,Ethnic Food Culture of West Bengal State of India,"International conference on climate change, sustainable development and smart agriculture","International conference on climate change, sustainable development and smart agriculture",,International,2023,978-93-92568-55-8,Kalinga University,Aditi Publication
book-chapter-23-24,630,Deepa Biswas,Faculty of Science,Ethnic Food Culture of West Bengal State of India,"International conference on climate change, sustainable development and smart agriculture","International conference on climate change, sustainable development and smart agriculture",,International,2023,978-93-92568-55-8,Kalinga University,Aditi Publication
book-chapter-23-24,631,Faiz Bux,Faculty of Science,Ethnic Food Culture of West Bengal State of India,"International conference on climate change, sustainable development and smart agriculture","International conference on climate change, sustainable development and smart agriculture",,International,2023,978-93-92568-55-8,Kalinga University,Aditi Publication
book-chapter-23-24,632,Preeti Pandey,Faculty of Science,Overview of the use of nanoparticles to control water pollution,"International conference on climate change, sustainable development and smart agriculture","International conference on climate change, sustainable development and smart agriculture",,International,2023,978-93-92568-55-8,Kalinga University,Aditi Publication
book-chapter-23-24,633,Wafi Ahmed Khan,Faculty of Science,NGOs contribution to uphold local communities rights in the context of climate change and sustainable development challenges,"International conference on climate change, sustainable development and smart agriculture","International conference on climate change, sustainable development and smart agriculture",,International,2023,978-93-92568-55-8,Kalinga University,Aditi Publication
book-chapter-23-24,634,Faiz Bux,Faculty of Science,The role of wetlands in carbon sequestration,"International conference on climate change, sustainable development and smart agriculture","International conference on climate change, sustainable development and smart agriculture",,International,2023,978-93-92568-55-8,Kalinga University,Aditi Publication
book-chapter-23-24,635,Paromita Banerjee,Faculty of Science,The role of wetlands in carbon sequestration,"International conference on climate change, sustainable development and smart agriculture","International conference on climate change, sustainable development and smart agriculture",,International,2023,978-93-92568-55-8,Kalinga University,Aditi Publication
book-chapter-23-24,636,Amisha Lakra,Faculty of Technology,A review on sustainable development in agriculture and horticulture,"International conference on climate change, sustainable development and smart agriculture","International conference on climate change, sustainable development and smart agriculture",,International,2023,978-93-92568-55-8,Kalinga University,Aditi Publication
book-chapter-23-24,637,Manoj Singh,Faculty of Science,A study to assess the usage of animal based products by the people living around forest areas of andhra pradesh,"International conference on climate change, sustainable development and smart agriculture","International conference on climate change, sustainable development and smart agriculture",,International,2023,978-93-92568-55-8,Kalinga University,Aditi Publication
book-chapter-23-24,638,Paromita Banerjee,Faculty of Science,A review on microbial degradation of petroleum hydrocarbon contamination and the bacterial community response to Sea water horizon oil spill,"International conference on climate change, sustainable development and smart agriculture","International conference on climate change, sustainable development and smart agriculture",,International,2023,978-93-92568-55-8,Kalinga University,Aditi Publication
book-chapter-23-24,639,Priyanka Gupta,Faculty of Science,Efficient techniques and nano remediation: A sustainable approach for the removal of toxic pollutants from the waste water,"International conference on climate change, sustainable development and smart agriculture","International conference on climate change, sustainable development and smart agriculture",,International,2023,978-93-92568-55-8,Kalinga University,Aditi Publication
book-chapter-23-24,640,Gaurav Tamrakar,Faculty of Technology,Efficient techniques and nano remediation: A sustainable approach for the removal of toxic pollutants from the waste water,"International conference on climate change, sustainable development and smart agriculture","International conference on climate change, sustainable development and smart agriculture",,International,2023,978-93-92568-55-8,Kalinga University,Aditi Publication
book-chapter-23-24,641,Pranjul Shrivastava,Faculty of Pharmacy,Global climate change and its consequences,"International conference on climate change, sustainable development and smart agriculture","International conference on climate change, sustainable development and smart agriculture",,International,2023,978-93-92568-55-8,Kalinga University,Aditi Publication
book-chapter-23-24,642,Pranjul Shrivastava,Faculty of Pharmacy,Global climate change's: cause of concern and its effects on human health and environment,"International conference on climate change, sustainable development and smart agriculture","International conference on climate change, sustainable development and smart agriculture",,International,2023,978-93-92568-55-8,Kalinga University,Aditi Publication
book-chapter-23-24,643,Aloke Verma,Faculty of Science,Fractional Reaction Diffusion Models with Similar Solution,,Advance Approaches in Pure and Applied Mathematics,,International,2023,978-93-92568-33-6,Kalinga University,Aditi Publication
book-chapter-23-24,644,Avinash Singh,Faculty of Science,Fractional Reaction Diffusion Models with Similar Solution,,Advance Approaches in Pure and Applied Mathematics,,International,2023,978-93-92568-33-6,Kalinga University,Aditi Publication
book-chapter-23-24,645,Tripti Richhariya,Faculty of Science,Fractional Reaction Diffusion Models with Similar Solution,,Advance Approaches in Pure and Applied Mathematics,,International,2023,978-93-92568-33-6,Kalinga University,Aditi Publication
book-chapter-23-24,646,Ekta Chandrawanshi,Faculty of Science,Fractional Reaction Diffusion Models with Similar Solution,,Advance Approaches in Pure and Applied Mathematics,,International,2023,978-93-92568-33-6,Kalinga University,Aditi Publication
book-chapter-23-24,647,Subhash Kamli,Faculty of Science,Detection framework of automatic irrigation system using dingo optimisation based feature selection and deep learning techniques,,Advance Approaches in Pure and Applied Mathematics,,International,2023,978-93-92568-33-6,Kalinga University,Aditi Publication
book-chapter-23-24,648,Tejaswini Pradhan,Faculty of Science,Weighted λ-almost statistical convergence for sequences of fuzzy real numbers with applications to approximation's theory,,Advance Approaches in Pure and Applied Mathematics,,International,2023,978-93-92568-33-6,Kalinga University,Aditi Publication
book-chapter-23-24,649,Dr. Asha Ambhaikar,Faculty of CS & IT,Face anti-spoofing techniques and challenges: a short survey,,Advance Approaches in Pure and Applied Mathematics,,International,2023,978-93-92568-33-6,Kalinga University,Aditi Publication
book-chapter-23-24,650,Ms L. Maria Christia,Faculty of Arts & Humanities,Analysing the ethical foundations of women's entrepreneurship through the lens of papal encyclicals,,Strengthening women entrepreneurship for achieving sustainable development goals,,National,2023,978-93-92568-93-0,Kalinga University,Aditi Publication
book-chapter-23-24,651,Dr. A. Vijayanand,Faculty of Arts & Humanities,Analysing the ethical foundations of women's entrepreneurship through the lens of papal encyclicals,,Strengthening women entrepreneurship for achieving sustainable development goals,,National,2023,978-93-92568-93-0,Kalinga University,Aditi Publication
book-chapter-23-24,652,Dr. Shilpi Bhattacharya,Faculty of Arts & Humanities,Perception of Dalit Women Empowerment,,Strengthening women entrepreneurship for achieving sustainable development goals,,National,2023,978-93-92568-93-0,Kalinga University,Aditi Publication
book-chapter-23-24,653,Dr. Shilpi Bhattacharya,Faculty of Arts & Humanities,Empowering women with reference to the works of Han Kang: A Confucianist Approach,,Strengthening women entrepreneurship for achieving sustainable development goals,,National,2023,978-93-92568-93-0,Kalinga University,Aditi Publication
book-chapter-23-24,654,Dr. A Rajshekhar,Faculty of Arts & Humanities,Role of women empowerment in the geographical sustainability,,Strengthening women entrepreneurship for achieving sustainable development goals,,National,2023,978-93-92568-93-0,Kalinga University,Aditi Publication
book-chapter-23-24,655,Dr. Abhishek Agrawal,Faculty of Arts & Humanities,Challenges in the women participation in politics: Critically analysis of 73rd and 74th amendments,,Strengthening women entrepreneurship for achieving sustainable development goals,,National,2023,978-93-92568-93-0,Kalinga University,Aditi Publication
book-chapter-23-24,656,Dr. Anita Samal,Faculty of Arts & Humanities,Political leadership of women towards achieving sustainable development goals,,Strengthening women entrepreneurship for achieving sustainable development goals,,National,2023,978-93-92568-93-0,Kalinga University,Aditi Publication
book-chapter-23-24,657,Dr. Shilpi Bhattacharya,Faculty of Arts & Humanities,"The empowerment of women and entrepreneurship in mary wollstonecraft work called "" A vindication of the rights of women""",,Strengthening women entrepreneurship for achieving sustainable development goals,,National,2023,978-93-92568-93-0,Kalinga University,Aditi Publication
book-chapter-23-24,658,Dr. Anita Samal,Faculty of Arts & Humanities,l-Mh-th- varxZr Hkkjr ds xzkeh.k vFkZO;oLFkk esa efgyvkaass afd Hkwfedk,,Strengthening women entrepreneurship for achieving sustainable development goals,,National,2023,978-93-92568-93-0,Kalinga University,Aditi Publication
book-chapter-23-24,659,Dr. Shradha Hirkane,Faculty of Arts & Humanities,"eS=s;h iq""ik ds miU;klksa esa ikjh 'kks""k.k ds fofo/k vk;ke",,Strengthening women entrepreneurship for achieving sustainable development goals,,National,2023,978-93-92568-93-0,Kalinga University,Aditi Publication
book-chapter-23-24,660,Dr. Shradha Hirkane,Faculty of Arts & Humanities,"NRRkhlx<+h miU;klksa esa 21oha lnh esa ukjh mRd""kZ",,Strengthening women entrepreneurship for achieving sustainable development goals,,National,2023,978-93-92568-93-0,Kalinga University,Aditi Publication
book-chapter-23-24,661,Dr. Shradha Hirkane,Faculty of Arts & Humanities,"""kf""kizHkk 'kkL=h ds dFkk & lkfgR; esa ukjh dh Hkwfedk",,Strengthening women entrepreneurship for achieving sustainable development goals,,National,2023,978-93-92568-93-0,Kalinga University,Aditi Publication
book-chapter-23-24,662,Dr. Vijayalaxmi Biradar,Faculty of Technology,Grid Connected photovoltaic systems design and Simulation based on MPPT strategy,,World Conference on Communication & Computing 2023,,International,2023,979-835031120-4,Kalinga University,IEEE
book-chapter-23-24,663,Dr. Vijayalaxmi Biradar,Faculty of Technology,Assistive Technology: An Alternative for Locomotion Disability and Resultant Social Participation,,World Conference on Communication & Computing 2023,,International,2023,979-835031120-4,Kalinga University,IEEE
book-chapter-23-24,664,Mr. Anup Jana,Faculty of Technology,Assistive Technology: An Alternative for Locomotion Disability and Resultant Social Participation,,World Conference on Communication & Computing 2023,,International,2023,979-835031120-4,Kalinga University,IEEE
book-chapter-23-24,665,Mr. Sarat Chandra Mohanty,Faculty of Technology,Assistive Technology: An Alternative for Locomotion Disability and Resultant Social Participation,,World Conference on Communication & Computing 2023,,International,2023,979-835031120-4,Kalinga University,IEEE
book-chapter-23-24,666,Dr. Shraddha Hirkane,Faculty of Arts & Humanities,fp= eqn~xy ds miU;klksa esa lkekftd ;FkkFkZ,,,,National,2023,978-93-92356-71-1,Kalinga University,Samkaleen Prakashan
book-chapter-23-24,667,Mrs. Saloni Tyagi Shrivastava,Faculty of Law,Rights of Differently Abled Persons in India,,,,National,2023,978-620-4-98356-1,Kalinga University,LAP LAMBART Academic Publishing
book-chapter-23-24,668,Ms. Ekta Chandrakar,Faculty of Law,Rights of Differently Abled Persons in India,,,,National,2023,978-620-4-98356-1,Kalinga University,LAP LAMBART Academic Publishing
book-chapter-23-24,669,Ms. Paluck Sharma,Faculty of Law,Rights of Differently Abled Persons in India,,,,National,2023,978-620-4-98356-1,Kalinga University,LAP LAMBART Academic Publishing
book-chapter-23-24,670,Dr. Lubhawani Tripathi,Faculty of Education,"Women and Literature : A Journey of identity, Expression and Resilience",,,,National,2023,978-9393-092-91-5,Kalinga University,Sunbeam Publishers
book-chapter-23-24,671,Ms. Tuhina Choubey,Faculty of Arts & Humanities,Book -Strengthening Women Entrepreneurship for achieving Sustainable Development Goals - 2nd Edition,,,,National,2023,978-93-92568-93-0,Kalinga University,Aditi Publications
book-chapter-23-24,672,Ms. Tuhina Choubey,Faculty of Arts & Humanities,Book- Strengthening Women Entrepreneurship for achieving Sustainable Development Goals - Seminar Proceeding,,,,National,2023,9978-93-92568-80-0,Kalinga University,Aditi Publications
book-chapter-23-24,673,Dr.Ajay Kumar Shukla,Faculty of Arts & Humanities,Manjul Bhagat Ji ke Sahitya me Nari udhyamita,,,,National,2023,978-93-92568-93-0,Kalinga University,Aditi Publications
book-chapter-23-24,674,Dr.Ajay Kumar Shukla,Faculty of Arts & Humanities,Agro- Based Women Entrepreneurs: Catalysts For Sustainable Development in Rural Communities,,,,National,2023,9978-93-92568-80-0,Kalinga University,Aditi Publications
book-chapter-23-24,675,Dr.Ajay Kumar Shukla,Faculty of Arts & Humanities,NGOs and Civil Society Support: Empowering Women Entrepreneurs for Sustainable Change,,,,National,2023,9978-93-92568-80-0,Kalinga University,Aditi Publications
book-chapter-23-24,676,Dr.Ajay Kumar Shukla,Faculty of Arts & Humanities,Women in Agriculture and Rural Development Bridging Gender Disparities for Sustainable Progress,,,,National,2023,9978-93-92568-80-0,Kalinga University,Aditi Publications
book-chapter-23-24,677,Dr. Anita Samal,Faculty of Arts & Humanities,C.D.G. Antargat Bharat ke gramin arthvyawastha me mahilao ki bhumika,,,,National,2023,9978-93-92568-80-0,Kalinga University,Aditi Publications
book-chapter-23-24,678,Dr. Anita Samal,Faculty of Arts & Humanities,Political Leadership of Women Towards Achieving Sustainable Development Goals,,,,National,2023,9978-93-92568-80-0,Kalinga University,Aditi Publications
book-chapter-23-24,679,Dr. Amit Joshi,Faculty of Science,"Chapter 6 - Role of functional foods and nutraceuticals for depression, post-traumatic stress disorder, and suicidal behaviors",,,,National,2023,978-0-443-18951-7,Kalinga University,"Academic Press, Elsevier"
book-chapter-23-24,680,Ms. Mariyam Ahmed,Faculty of Commerce & Management,Revolutionizing digital marketing: the impact of artificial intelligence on personalized campaigns,,,,National,2023,978-984-35-5501-4,Kalinga University,Social Science and Business. Zenodo.
book-chapter-23-24,681,CMA Sujata Singh,Faculty of Commerce & Management,Evidence from India for Measuring Equity Fund Efficiency,,,,National,2023,978-984-35-5501-4,Kalinga University,Social Science and Business. Zenodo.
book-chapter-23-24,682,Ms. Mariyam Ahmed,Faculty of Commerce & Management,"The Planning and Implementation of Urban City at Naya Raipur in the State of Chhattisgarh, India – A Descriptive Study",,,,National,2023,978-984-35-5501-4,Kalinga University,Social Science and Business. Zenodo.
book-chapter-23-24,683,Nishtha Sharma,Faculty of Commerce & Management,Trend Analysis of LIC Products for Safeguarding Future Financial Security in an AI Scenario,,,,National,2023,978-984-35-5501-4,Kalinga University,Social Science and Business. Zenodo.
book-chapter-23-24,684,Ms. Shinki K Pandey,Faculty of Commerce & Management,Trend Analysis of LIC Products for Safeguarding Future Financial Security in an AI Scenario,,,,National,2023,978-984-35-5501-4,Kalinga University,Social Science and Business. Zenodo.
book-chapter-23-24,685,Dr. Asha Ambhaikar,Faculty of CS & IT,Surgical Phase Recognition Using Videos: A Deep Neural Network Approach,,,,National,2023,978-100-33-7125-0,Kalinga University,Apple Academic press
book-chapter-23-24,686,Pawan Kumar,Faculty of CS & IT,Women in Agriculture and Rural Development Bridging Gender Disparities for Sustainable Progress,Strengthening women entrepreneurship for achieving sustainable development goals,,,National,2023,978-93-92568-80-0,Kalinga University,"NABARD (Aditi Publication, Raipur)"
book-chapter-23-24,687,Saroj Nayyar,Faculty of Education,Exploring the Interplay: The Impact of Anxiety on Decision-Making Processes,,,,National,2023,978-81-965128-9-7,Kalinga University,"Innovative Scientific Publication, Nagpur"
book-chapter-23-24,688,Dr. R. Shridhar,Faculty of Commerce & Management,New Education Regulations,,,,National,2023,978-93-92568-76-3,Kalinga University,Aditi Publication
book-chapter-23-24,689,Ms. Mariyam Ahmed,Faculty of Commerce & Management,New Education Regulations,,,,National,2023,978-93-92568-76-3,Kalinga University,Aditi Publication
book-chapter-23-24,690,Mr.Ajay Kumar Shukla,Faculty of Arts & Humanities,hindi Sahitya ki vyang vidha ke samrat harishankar parshai,,,,National,2023,978-81-19110-53-7,Kalinga University,Shodh Prakashan
book-chapter-23-24,691,Mr.Ajay Kumar Shukla,Faculty of Arts & Humanities,baal patrakarita dasha ev disha,,,,National,2023,978-81-965181-0-7,Kalinga University,shiddhi vinayak publisher
book-chapter-23-24,692,Ms.Neelam Ahirwar,Faculty of Science,Cyber Victimology,,,,National,2023,978-81-96656-86-7,Kalinga University,Bloomsberry Publishing India PVT LTD
book-chapter-23-24,693,Mr. Tushar Ranjan Barik,Faculty of Commerce & Management,Student's Guide to Computerised Accounting,,,,National,2023,978-81-961534-6-5,Kalinga University,Abhyansh International Publication
book-chapter-23-24,694,Mr. Dheeraj Daniel,Faculty of Commerce & Management,Student's Guide to Computerised Accounting,,,,National,2023,978-81-961534-6-5,Kalinga University,Abhyansh International Publication
book-chapter-23-24,695,Dr. Chandra Bhooshan Singh,Faculty of Commerce & Management,Personal Finance & Investment Planning,,,,National,2023,978-93-5883-706-3,Kalinga University,Pencil
book-chapter-23-24,696,Dr. Nidhi Goenka,Faculty of Commerce & Management,Personal Finance & Investment Planning,,,,National,2023,978-93-5883-706-3,Kalinga University,Pencil
book-chapter-23-24,697,Dr.Aakriti Dewangan,Faculty of Arts & Humanities,Ain-i-Talak-e-biddat,,,,National,2023,978-93-92108-86-0,Kalinga University,Rudra Publishers & Distributors
book-chapter-23-24,698,Mrs. Sarvaree Bano,Faculty of Science,Trends of Sustainable Higher Education Systems,,,,National,2023,978-81-962554-6-6,Kalinga University,"Dept. of Research & publications A2Z Edul earningHub, Kerala"
book-chapter-23-24,699,Mr. Ranjan Kumar Ray,Faculty of Law,New Age Management Strategy and Innovation,Intellectual Property Rights and Innovation in Start - Ups and SMEs: A Theoretical Deconstruction,Intellectual Property Rights and Innovation in Start - Ups and SMEs: A Theoretical Deconstruction,,National,2023,978-93-947018-7-8,Kalinga University,Bloomsbury Publishing
book-chapter-23-24,700,Dr.Ajay Kumar Shukla,Faculty of Arts & Humanities,बाल साहित्य - दशा एवं दिशा,बाल पत्रकारिता- दशा एवं दिशा,-,,National,2023,978-81-965118-0-7,Kalinga University,Siddhi Vinayak Publication
book-chapter-23-24,701,Ms. Jharna Maiti,Faculty of Science,A Practical Manual of:Biochemistry,,-,,National,2023,979-8858223856,Kalinga University,Independently published (National)
book-chapter-23-24,702,Dr. Amit Joshi,Faculty of Science,A Practical Manual of:Biochemistry,,-,,National,2023,979-8858223856,Kalinga University,Independently published (National)
book-chapter-23-24,703,Dr. Anushree Saha,Faculty of Science,Deleterious Effects of Heavy Metals on the Health of Human and Aquatic Environment,,,,National,2023,978-93-88901-66-6,Kalinga University,Bhumi Publishing
book-chapter-23-24,704,Dr. Shilpi Shrivastava,Faculty of Science,Deleterious Effects of Heavy Metals on the Health of Human and Aquatic Environment,,,,National,2023,978-93-88901-66-6,Kalinga University,Bhumi Publishing
book-chapter-23-24,705,Mohammad Irshad Ansari,Faculty of Technology,Sustainable Solutions: Advancing Plastic Recycling and Waste Management,Sustainable Solutions: Advancing Plastic Recycling and Waste Management,,,National,2023,978-81-19489-41-1,Kalinga University,R K publication
book-chapter-23-24,706,Mr. Pranjul Shrivastava,Faculty of Pharmacy,MODERN VACCINES - A IMPACTFUL AND COMPREHENSIVE STUDY FOR VACCINATION,,,,National,2023,978-81-958127-4-5,Kalinga University,"Academic Decipher Press, Mumbai"
book-chapter-23-24,707,Mr. Pranjul Shrivastava,Faculty of Pharmacy,MORINGA SEED AS ANTIDIABETICS,,,,National,2023,978-81-958127-5-2,Kalinga University,"Academic Decipher Press, Mumbai"
book-chapter-23-24,708,Dr. Sandip Prasad Tiwari,Faculty of Pharmacy,MORINGA SEED AS ANTIDIABETICS,,,,National,2023,978-81-958127-5-2,Kalinga University,"Academic Decipher Press, Mumbai"
book-chapter-23-24,709,Dr. Aloke Verma,Faculty of Science,NATIONAL EDUCATION POLICY 2020: A COMPREHENSIVE ANALYSIS AND IMPLICATIONS FOR EDUCATIONAL DEVELOPMENT,Nil,,,National,2023,978-93-88901-66-6,Kalinga University,Bhumi Publication
book-chapter-23-24,710,Dr. Aloke Verma,Faculty of Science,HARNESSING THE POWER OF 2D NANOMATERIALS FOR FLEXIBLE SOLAR CELL APPLICATIONS,Nil,,,National,2023,978-93-88901-71-0,Kalinga University,Bhumi Publication
book-chapter-23-24,711,Ms.Shreya Dwivedi,Faculty of Arts & Humanities,Cinema socio-political Reflection,Bollywood Blockbusters:Boons and Bans in the realm of Politics,,,National,2023,978-93-5868-127-7,Kalinga University,Kitab Writing Publication
book-chapter-23-24,712,Dr.Ajay Kumar Shukla,Faculty of Arts & Humanities,Cinema socio-political Reflection,Bollywood Blockbusters:Boons and Bans in the realm of Politics,,,National,2023,978-93-5868-127-7,Kalinga University,Kitab Writing Publication
book-chapter-23-24,713,Ms. L Jyoti Reddy,Faculty of Arts & Humanities,Sahitya or Ithihas ke Aayine Me Stree,Pandemic Lockdown and Impact on Women,,,National,2023,978-93-93146-03-8,Kalinga University,Shiva Books
book-chapter-23-24,714,Mohammad Irshad Ansari,Faculty of Technology,Analysis of Alternative Soil Binders and Their Effect on Soil: A Review,International Conference on Recent Advances in Civil Engineering,,,National,2023,978-981-99-2676-3,Kalinga University,Springer
book-chapter-23-24,715,Mohammad Irshad Ansari,Faculty of Technology,Impact of Soil Property in Selection of Stabilisation Technique—A Review,International Conference on Recent Advances in Civil Engineering,,,National,2023,978-981-99-2676-3,Kalinga University,Springer
book-chapter-23-24,716,Mr. Kamlesh Kumar Yadav,Faculty of CS & IT,Women's Empowerment in the digital age,,,,National,2023,978-93-93146-03-8,Kalinga University,Shiva Books
book-chapter-23-24,717,Lt. Vibha Chandrakar,Faculty of Science,"Technology as an Enabler: “Empowering Education in the Digital Age""",,,,National,2023,978-81-962554-9-7,Kalinga University,
book-chapter-23-24,718,Dr Shraddha Verma,Faculty of Education,Assessment in Learning,,,,National,2023,979-8860832275,Kalinga University,IMMENSE publications pvt. ltd.
book-chapter-23-24,719,Dr Aakriti Dewangan`,Faculty of Arts & Humanities,Book : Gender and Religion,Women and Religion: A Journey Towards Equality and Empowerment,,,National,2023,978-93-92108-96-9,Kalinga University,Rudra Publishers & Distributors
book-chapter-23-24,720,Ms Tuhina Choubey,Faculty of Arts & Humanities,Book: Ling or Dharm Ek Avlokan,Mahilain or Dharm: Samanta or Sashaktikaran ki Disha mai ek yatra,,,National,2023,978-93-92108-96-6,Kalinga University,Rudra Publishers & Distributors
book-chapter-23-24,721,Anu G Pillai,Faculty of Technology,A review on a sensor based brain-computer interface and its applications,A review on a sensor based brain-computer interface and its applications,,,National,2023,978-075035346-5,Kalinga University,"Cognitive Sensors, Volume 2: Applications in smart healthcare"
book-chapter-23-24,722,Dr. Sohini Bhattacharyya,Faculty of Science,Innovative Approaches in Basic science and Environmental Technology,Paving a way between Nature and Kitchen: Connecting Climate Change and Food Security,,,National,2023,978-81-965194-0-7,Kalinga University,"Genic Books Publishers Pvt. Ltd, Agra, India"
book-chapter-23-24,723,Dr. Ajay Kumar Harit,Faculty of Science,Innovative Approaches in Basic science and Environmental Technology,Paving a way between Nature and Kitchen: Connecting Climate Change and Food Security,,,National,2023,978-81-965194-0-7,Kalinga University,"Genic Books Publishers Pvt. Ltd, Agra, India"
book-chapter-23-24,724,Omprakash Dewangan,Faculty of CS & IT,AI-enabled Crop Health Monitoring and Nutrient Management in Smart Agriculture,6th International Conference on Contemporary Computing and Informatics (IC3I-2023),,,International,2023,"No (Amity University, Greater Noida, 14th to 16th September 2023 (IEEE UP Section))",Kalinga University,Not Published yet
book-chapter-23-24,725,Omprakash Dewangan,Faculty of CS & IT,Predictive Modeling for Disease Progression in Chronic Conditions using Machine Learning,6th International Conference on Contemporary Computing and Informatics (IC3I-2023),,,International,2023,"No (Amity University, Greater Noida, 14th to 16th September 2023 (IEEE UP Section))",Kalinga University,IEEE Explorer
book-chapter-23-24,726,Mr. Kamlesh Kumar Yadav,Faculty of CS & IT,Faculty of Cs & IT,Transgender logo ki stithi ko badhane ke liye samajit hastashep,,,National,2023,978-93-92108-97-6,Kalinga University,RUDRA PUBLISHERS & DISTRIBUTORS
book-chapter-23-24,727,Vaishali Sinha,Faculty of Science,"Qksjsafld efgyk tklwl% fNis gq, ;ksxnku vkSj pqukSfr;ksa dk vukoj.k","fyax vkSj /keZ % ,d voyksdu",,,National,2023,978-93-92108-97-6,Kalinga University,":nz ifCy’klZ ,.M fMLVahC;wVlZ"
book-chapter-23-24,728,Shubham Rai,Faculty of Law,"vk/kqfud vkSj ehfM;k lekt esa efgyk l’kfädj.k% ,d oSf’od ifjizs{;","fyax vkSj /keZ % ,d voyksdu",,,National,2023,978-93-92108-97-6,Kalinga University,":nz ifCy’klZ ,.M fMLVahC;wVlZ"
book-chapter-23-24,729,Vaishali sinha,Faculty of Science,Forensic Women Spies: Unveiling the Hidden Contributions and Challenges,Gender and Religion,,,National,2023,978-93-92108-96-9,Kalinga University,RUDRA PUBLISHERS & DISTRIBUTORS
book-chapter-23-24,730,Shubham Rai,Faculty of Law,Women Empowerment in Modern and Media Society: A Global Perspective,Gender and Religion,,,National,2023,978-93-92108-96-9,Kalinga University,RUDRA PUBLISHERS & DISTRIBUTORS
book-chapter-23-24,731,Ajay Kumar Harit,Faculty of Science,"A study on alivi vala (siene nets) in krishna river fishery, Telangana",,7th Pure Earth Environment Conference 2023 (Nov) Bi-annual National Conference Focal Theme: Environment and Biodiversity,,National,2023,978-93-95854-02-3,Kalinga University,"Professional Book Publishers, New Delhi"
book-chapter-23-24,732,Dr.Shilpi Bhattacharya,Faculty of Science,Chapter: Gender and Religion,,,,National,2023,978-93-92108-96-9,Kalinga University,Rudra Publishers & Distributors
book-chapter-23-24,733,Dr.Shilpi Bhattacharya,Faculty of Science,Chapter: Ling or Dharm Ek Avlokan,,,,National,2023,978-93-92108-96-6,Kalinga University,Rudra Publishers & Distributors
book-chapter-23-24,734,Dr. Chandra Bhooshan Singh,Faculty of Commerce & Management,Personal Finance and Investment Planning,,,,National,2023,978-93- 5883-840- 4,Kalinga University,One Point Six Technologies Pvt. Ltd
book-chapter-23-24,735,Dr. Nidhi Goyenka,Faculty of Commerce & Management,Personal Finance and Investment Planning,,,,National,2023,978-93- 5883-840- 4,Kalinga University,One Point Six Technologies Pvt. Ltd
book-chapter-23-24,736,Dr.Lubhawani Tripathi,Faculty of Education,Pedagogy of Physical Science ( Book),,,,National,2023,978-81-19908-45-5,Kalinga University,Shashwat Publication
book-chapter-23-24,737,Lt. Vibha Chandrakar,Faculty of Science,Empowering Financial Literacy: “Navigating Education for Wealth: Vol II”,,"“Achieving Financial Empowerment: Developing Wealth Via Financial Literacy""",,National,2023,978-81-9677-98-7-0,Kalinga University,A2ZLearningHub LLP
book-chapter-23-24,740,Dr.Ajay Kumar Shukla,Faculty of Science,Chapter- Strengthening Women Entrepreneurship for achieving Sustainable Development Goals,,Manjul Bhagat Ji ke Sahitya me Nari udhyamita,,National,2023,978-93-92568-93-0,Kalinga University,Aditi Publications
book-chapter-23-24,741,Dr.Ajay Kumar Shukla,Faculty of Science,Chapter- Strengthening Women Entrepreneurship for achieving Sustainable Development Goals - Seminar Proceeding,,Agro- Based Women Entrepreneurs: Catalysts For Sustainable Development in Rural Communities,,National,2023,9978-93-92568-80-0,Kalinga University,Aditi Publications
book-chapter-23-24,742,Dr.Ajay Kumar Shukla,Faculty of Arts & Humanities,Chapter- Strengthening Women Entrepreneurship for achieving Sustainable Development Goals - Seminar Proceeding,,NGOs and Civil Society Support: Empowering Women Entrepreneurs for Sustainable Change,,National,2023,9978-93-92568-80-0,Kalinga University,Aditi Publications
book-chapter-23-24,743,Dr.Ajay Kumar Shukla,Faculty of Arts & Humanities,Chapter- Strengthening Women Entrepreneurship for achieving Sustainable Development Goals - Seminar Proceeding,,Women in Agriculture and Rural Development Bridging Gender Disparities for Sustainable Progress,,National,2023,9978-93-92568-80-0,Kalinga University,Aditi Publications
book-chapter-23-24,744,Dr. Anita Samal,Faculty of Arts & Humanities,Chapter- Strengthening Women Entrepreneurship for achieving Sustainable Development Goals - Seminar Proceeding,,C.D.G. Antargat Bharat ke gramin arthvyawastha me mahilao ki bhumika,,National,2023,9978-93-92568-80-0,Kalinga University,Aditi Publications
book-chapter-23-24,745,Dr. Anita Samal,Faculty of Arts & Humanities,Chapter- Strengthening Women Entrepreneurship for achieving Sustainable Development Goals - Seminar Proceeding,,Political Leadership of Women Towards Achieving Sustainable Development Goals,,National,2023,9978-93-92568-80-0,Kalinga University,Aditi Publications
book-chapter-23-24,746,Dr. Amit Joshi,Faculty of Science,"Chapter 6 - Role of functional foods and nutraceuticals for depression, post-traumatic stress disorder, and suicidal behaviors (in International edited Book Nutraceutical Fruits and Foods for Neurodegenerative Disorders)",,"Chapter 6 - Role of functional foods and nutraceuticals for depression, post-traumatic stress disorder, and suicidal behaviors",,National,2023,978-0-443-18951-7,Kalinga University,"Academic Press, Elsevier"
book-chapter-23-24,747,Priya Paul,Faculty of Science,Environment Education overview and Significance,,,,National,2023,978-81-930000-0-0,Kalinga University,"Genic Books Publishers Pvt. Ltd, Agra, India"
book-chapter-23-24,748,Ram Girdhar,Faculty of Commerce & Management,Trading of Fractional Shares in India: A Critical Analysis,,,,National,2023,978-93-91410-82-7,Kalinga University,The Bhopal School of Social Sciences
book-chapter-23-24,749,Shinki k Pandey,Faculty of Commerce & Management,Role of Education and Skill in Rural Development: A Perspective of India,,,,National,2023,978-93-91410-82-7,Kalinga University,The Bhopal School of Social Sciences
book-chapter-23-24,750,Khushboo Gupta,Faculty of Pharmacy,"Nutritional Management of Endocrine and Nervous System Diseases,",,,,National,2023,978-81-964365-3-7,Kalinga University,"Academic Decipher Press, Mumbai"
book-chapter-23-24,751,Pranjul Shrivastava,Faculty of Pharmacy,Nutritional Management of Various Diseases,,,,National,2023,978-81-964365-7-5,Kalinga University,"Academic Decipher Press, Mumbai"
book-chapter-23-24,752,Harsha Patil,Faculty of Education,Connecting Knowledge to life outside the School,,,,National,2023,978-93-92268-87-8,Kalinga University,WIZCRAFT Publications
book-chapter-23-24,753,Harsha Patil,Faculty of Education,Importance of Renewable Energy,,,,National,2023,978-93-92268-87-8,Kalinga University,WIZCRAFT Publications
book-chapter-23-24,754,Dr. Ajay Kmar Harit,Faculty of Science,"FISH DIVERSITY IN DIFFERENT PONDS OF NUAPADA DISTRICT, ODISHA",,,,International,2023,978-93-91892-83-8,Kalinga University,Excellent Books Educational Publishers
book-chapter-23-24,755,Mrs. Jharna Maiti,Faculty of Science,A Practical Manual of:Biochemistry,,,,National,2023,979-8-8582-2385-6,Kalinga University,Independently published (National)
book-chapter-23-24,756,Ms. Aakriti Dewangan,Faculty of Arts & Humanities,Single Parents A study in Dixville Township,,,,National,2023,978-620-6-78639-9,Kalinga University,LAP LAMBART Academic Publishing
book-chapter-23-24,757,Mr.Tushar Ranjan Barik,Faculty of Commerce & Management,Social Science and Business,The Synergy Between Social Science and Business: An Interdisciplinary Perspective,,,,2023,505092482,Kalinga University,KMF Publishers
book-chapter-23-24,758,Mr. Dheeraj Daniel,Faculty of Commerce & Management,Social Science and Business,Evidence from India for Measuring Equity Fund Efficiency,,,,2023,505092482,Kalinga University,KMF Publishers
book-chapter-23-24,759,Omprakash Dewangan,Faculty of CS & IT,Emerging Technologies and Multidisciplinary Research for Sustainable Development,Enhanced Multimodal Sentiment Analysis through Transfer Learning and Autoencoder-based Feature Fusion: A Machine Learning Approach,,,,2023,978-93-5607-877-2,Kalinga University,"RCET, Bhilai"
book-chapter-23-24,760,Ms. Shinki K Pandey,Faculty of Commerce & Management,India's Road to 26 Trillion Economy,Role of Education and skill development : A perspective of India,,,,2023,978-93-91410-82-7,Kalinga University,The Bhopal School of Social Sciences
book-chapter-23-24,761,Lt. Vibha Chandrakar,Faculty of Science,National Education Policy and Nature of Higher Education,"Analysis of the New Education Policy 2020: Implications, Innovations, and Challenges",,,,2023,978-93-92759-85-7,Kalinga University,Shrihind Publications Pvt. Ltd
book-chapter-19-20,1,The Level of Patient Satisfaction in A Cardiac Hospital at Raipur,R. Shridhar,Faculty of Commerce & Management,European Journal of Molecular & Clinical Medicine,2020,2515-8260,https://ejmcm.com/article_3789.html,Web of Science,,,
book-chapter-19-20,2,"Diversity of Medicinal Plants in Kalinga University, New Raipur (C.G.)",Deepa Biswas,Faculty of Science,European Journal of Molecular & Clinical Medicine,2020,2515-8260,https://ejmcm.com/article_3790_78383934ac735be807b501e583941c70.pdf,Web of Science,,,
book-chapter-19-20,3,Educational Status of the Slum Dwellers: Kharagpur City,Madhumita Ghosh,Faculty of Arts & Humanities,European Journal of Molecular & Clinical Medicine,2020,2515-8260,https://ejmcm.com/article_3611.html,Web of Science,,,
book-chapter-19-20,4,Educational Status of the Slum Dwellers: Kharagpur City,Atul Bhardwaj,Faculty of Arts & Humanities,European Journal of Molecular & Clinical Medicine,2020,2515-8260,https://ejmcm.com/article_3611.html,Web of Science,,,
book-chapter-19-20,5,A Comprehensive Report on Critical Aspects of The Virus That Caged Us.,"Pratik Kumar Jagtap,",Faculty of Science,European Journal of Molecular & Clinical Medicine,2020,2515-8260,https://ejmcm.com/article_3791.html,Web of Science,,,
book-chapter-19-20,6,A Comprehensive Report on Critical Aspects of The Virus That Caged Us.,Varaprasad Kolla,Faculty of Science,European Journal of Molecular & Clinical Medicine,2020,2515-8260,https://ejmcm.com/article_3791.html,Web of Science,,,
book-chapter-19-20,7,Problem Solving of First and Second-Order Stationary Perturbation for Nondegenerate Case Using Time Independent Quantum Approximation,Aloke Verma,Faculty of Science,PalArch's Journal of Archaeology of Egypt/ Egyptology,2020,1567-214X.,http://www.palarch.nl/index.php/jae/article/view/2171,Scopus,,,
book-chapter-19-20,8,An Assessment of Software Effort Estimation using Data Mining approaches,Bhavendra Kumar Sinha,Faculty of Engineering,PalArch's Journal of Archaeology of Egypt/ Egyptology,2020,1567-214X.,http://www.palarch.nl/index.php/jae/article/view/2172,Scopus,,,
book-chapter-19-20,9,Bhromor Koi Gia: A study in Radical Event on Taslima Nasrin,M. S. Mishra,Faculty of Arts & Humanities,PalArch's Journal of Archaeology of Egypt/ Egyptology,2020,1567-214X.,http://www.palarch.nl/index.php/jae/article/view/2173,Scopus,,,
book-chapter-19-20,10,A Descriptive study on E-Banking vs. Traditional Banking in India,Sandeep Gandhi,Faculty of Commerce & Management,PalArch's Journal of Archaeology of Egypt/ Egyptology,2020,1567-214X.,https://archives.palarch.nl/index.php/jae/article/download/2419/2371/4731,Scopus,,,
book-chapter-19-20,11,A Descriptive study on E-Banking vs. Traditional Banking in India,Ruchi Gupta,Faculty of Commerce & Management,PalArch's Journal of Archaeology of Egypt/ Egyptology,2020,1567-214X.,https://archives.palarch.nl/index.php/jae/article/download/2419/2371/4731,Scopus,,,
book-chapter-19-20,12,Role of Data Science in Covid-19 Era,Kailash Prasad Dewangan,Faculty of Engineering,PalArch's Journal of Archaeology of Egypt/ Egyptology,2020,1567-214X.,http://www.palarch.nl/index.php/jae/article/view/2194,Scopus,,,
book-chapter-19-20,13,"Ramifications of Roadways Conditions and Traffic Features on Roads Safety: A safety perspective for Jalandhar, Punjab (India)",Kushagra Pandey,Faculty of Engineering,PalArch's Journal of Archaeology of Egypt/ Egyptology,2020,1567-214X.,http://www.palarch.nl/index.php/jae/article/view/2195,Scopus,,,
book-chapter-19-20,14,"Ramifications of Roadways Conditions and Traffic Features on Roads Safety: A safety perspective for Jalandhar, Punjab (India)",P.S. Charpe,Faculty of Engineering,PalArch's Journal of Archaeology of Egypt/ Egyptology,2020,1567-214X.,http://www.palarch.nl/index.php/jae/article/view/2195,Scopus,,,
book-chapter-19-20,15,Research Based Pedagogy Tool (RBPT) in Undergraduate Teaching: Proof of Concept,Varaprasad Kolla,Faculty of Science,PalArch's Journal of Archaeology of Egypt/ Egyptology,2020,1567-214X.,http://www.palarch.nl/index.php/jae/article/view/2200,Scopus,,,
book-chapter-19-20,16,Status of Tourism in India,Namrata Shrivastava,Faculty of Arts & Humanities,PalArch's Journal of Archaeology of Egypt/ Egyptology,2020,1567-214X.,http://www.palarch.nl/index.php/jae/article/view/2202,Scopus,,,
book-chapter-19-20,17,Futuristic Energy Source of CTB (Cs2TiBr6) Thin Films Based Lead-free Perovskite Solar Cells: Synthesis and Characterization,Aloke Verma,Faculty of Science,Solid State Technology,2020,0038-111X,http://solidstatetechnology.us/index.php/JSST/article/view/6333,Scopus,,,
book-chapter-19-20,18,Futuristic Energy Source of CTB (Cs2TiBr6) Thin Films Based Lead-free Perovskite Solar Cells: Synthesis and Characterization,A. K. Diwakar,Faculty of Science,Solid State Technology,2020,0038-111X,http://solidstatetechnology.us/index.php/JSST/article/view/6333,Scopus,,,
book-chapter-19-20,19,Futuristic Energy Source of CTB (Cs2TiBr6) Thin Films Based Lead-free Perovskite Solar Cells: Synthesis and Characterization,P. Goswami,Faculty of Science,Solid State Technology,2020,0038-111X,http://solidstatetechnology.us/index.php/JSST/article/view/6333,Scopus,,,
book-chapter-19-20,20,Futuristic Energy Source of CTB (Cs2TiBr6) Thin Films Based Lead-free Perovskite Solar Cells: Synthesis and Characterization,R. P. Patel,Faculty of Science,Solid State Technology,2020,0038-111X,http://solidstatetechnology.us/index.php/JSST/article/view/6333,Scopus,,,
book-chapter-19-20,21,Futuristic Energy Source of CTB (Cs2TiBr6) Thin Films Based Lead-free Perovskite Solar Cells: Synthesis and Characterization,S.C. Das,Faculty of Science,Solid State Technology,2020,0038-111X,http://solidstatetechnology.us/index.php/JSST/article/view/6333,Scopus,,,
book-chapter-19-20,23,A Study on Planning and Style of Urban Residential Building,Ahsan Rabbani,Faculty of Engineering,Solid State Technology,2020,0038-111X,http://solidstatetechnology.us/index.php/JSST/article/view/6334,Scopus,,,
book-chapter-19-20,24,"An Ethno-botanical Diversity of Medicinal Plants found in Chitrakoot, India",Abhishek Kumar Pandey,Faculty of Science,Solid State Technology,2020,0038-111X,http://solidstatetechnology.us/index.php/JSST/article/view/6335,Scopus,,,
book-chapter-19-20,25,Phytochemicals Investigation and Comparative Study of Leave and Flowers of Tecoma Stans and Tecoma Capensis in Protein and Carbohydrate Estimation,Abhishek Kumar Pandey,Faculty of Science,Solid State Technology,2020,0038-111X,http://solidstatetechnology.us/index.php/JSST/article/view/6338,Scopus,,,
book-chapter-19-20,26,Environmental Impact Assessment for Highway: Case Study,Akshit Lamba,Faculty of Engineering,Solid State Technology,2020,0038-111X,http://solidstatetechnology.us/index.php/JSST/article/view/6339,Scopus,,,
book-chapter-19-20,27,Design of Earthquake Resistant Structures: Review,Akshit Lamba,Faculty of Engineering,Solid State Technology,2020,0038-111X,http://solidstatetechnology.us/index.php/JSST/article/view/6340,Scopus,,,
book-chapter-19-20,28,A Study on Geo Polymer Concrete Using Sugarcane Bagasse Ash,Akshit Lamba,Faculty of Engineering,Solid State Technology,2020,0038-111X,http://solidstatetechnology.us/index.php/JSST/article/view/6358,Scopus,,,
book-chapter-19-20,29,A Comparative Study of Gross Non-performing Assets of Different Commercial Banking Sectors with All scheduled Commercial Banks,Paritosh Dube,Faculty of Commerce & Management,Solid State Technology,2020,0038-111X,http://solidstatetechnology.us/index.php/JSST/article/view/6341,Scopus,,,
book-chapter-19-20,30,A Comparative Study of Gross Non-performing Assets of Different Commercial Banking Sectors with All scheduled Commercial Banks,Atul Bhardwaj,Faculty of Commerce & Management,Solid State Technology,2020,0038-111X,http://solidstatetechnology.us/index.php/JSST/article/view/6341,Scopus,,,
book-chapter-19-20,31,Gratitude: Life’s Key to Abundance with Reference to the Magic by Rhonda Byrne,Shilpi Bhattacharya,Faculty of Arts & Humanities,Solid State Technology,2020,0038-111X,http://solidstatetechnology.us/index.php/JSST/article/view/6342,Scopus,,,
book-chapter-19-20,32,Gratitude: Life’s Key to Abundance with Reference to the Magic by Rhonda Byrne,Atul Bhardwaj,Faculty of Commerce & Management,Solid State Technology,2020,0038-111X,http://solidstatetechnology.us/index.php/JSST/article/view/6342,Scopus,,,
book-chapter-19-20,33,Folk Ontology of Chhattisgarh - Nature's Dialogue,Vineeta Diwan,Faculty of Arts & Humanities,Solid State Technology,2020,0038-111X,http://solidstatetechnology.us/index.php/JSST/article/view/6343,Scopus,,,
book-chapter-19-20,34,Chemicals Present In Fruits And Vegetables And Their Health Effects- FAQ,Shilpi Shrivastava,Faculty of Science,Solid State Technology,2020,0038-111X,https://old.fssai.gov.in/portals/0/pdf/Chemicals%20Present%20In%20Fruits%20And%20Vegetables%20And%20Their%20Health%20Effects.pdf,Scopus,,,
book-chapter-19-20,35,Utilization of Sugarcane Bassage Ash for Partial Replacement of Cement for M-30 concrete,Kirti Sahu Tirpude,Faculty of Engineering,Solid State Technology,2020,0038-111X,http://solidstatetechnology.us/index.php/JSST/article/view/6344,Scopus,,,
book-chapter-19-20,36,Utilization of Sugarcane Bassage Ash for Partial Replacement of Cement for M-30 concrete,Honey Gaur,Faculty of Engineering,Solid State Technology,2020,0038-111X,http://solidstatetechnology.us/index.php/JSST/article/view/6344,Scopus,,,
book-chapter-19-20,37,"Brain Computer Interface - Approaches, Modeling and Applications",Mithlesh Prajapati,Faculty of CS & IT,Solid State Technology,2020,0038-111X,http://solidstatetechnology.us/index.php/JSST/article/view/6345,Scopus,,,
book-chapter-19-20,38,Model Order Approximation of Discrete Time Interval Systems,Aditya Prasad Padhy,Faculty of Engineering,Solid State Technology,2020,0038-111X,http://solidstatetechnology.us/index.php/JSST/article/view/6347,Scopus,,,
book-chapter-19-20,39,Digitalization and Innovation in Rural Area of India,Niraj Kumar Sahu,Faculty of Engineering,Solid State Technology,2020,0038-111X,http://solidstatetechnology.us/index.php/JSST/article/view/6348,Scopus,,,
book-chapter-19-20,40,Review Of Green Technology In Construction,Piyush Das,Faculty of Engineering,Solid State Technology,2020,0038-111X,http://solidstatetechnology.us/index.php/JSST/article/view/6350,Scopus,,,
book-chapter-19-20,41,Mathematical Interpretation of Covid-19 using Population Model in the Indian Scenario,Satpal Panika,Faculty of Science,Solid State Technology,2020,0038-111X,http://solidstatetechnology.us/index.php/JSST/article/view/6349,Scopus,,,
book-chapter-19-20,42,Analysis of Mathematical Ecology and Population Model by Introducing a Prey-Predator Model,Satpal Panika,Faculty of Science,Solid State Technology,2020,0038-111X,http://solidstatetechnology.us/index.php/JSST/article/view/6353,Scopus,,,
book-chapter-19-20,43,Analysis of Mathematical Ecology and Population Model by Introducing a Prey-Predator Model,Subhashish Biswas,Faculty of Science,Solid State Technology,2020,0038-111X,http://solidstatetechnology.us/index.php/JSST/article/view/6353,Scopus,,,
book-chapter-19-20,44,A study of Feature Selection Method in NLP,Shikha Tiwari,Faculty of CS & IT,Solid State Technology,2020,0038-111X,http://solidstatetechnology.us/index.php/JSST/article/view/6355,Scopus,,,
book-chapter-19-20,45,Handling Different aspects of Big Data: A review article,Srikant Singh,Faculty of CS & IT,Solid State Technology,2020,0038-111X,http://solidstatetechnology.us/index.php/JSST/article/view/6356,Scopus,,,
book-chapter-19-20,46,Intelligent Transport System in India,Swati Agrawal,Faculty of Engineering,Solid State Technology,2020,0038-111X,http://solidstatetechnology.us/index.php/JSST/article/view/6357,Scopus,,,
book-chapter-19-20,47,Pettifogging Comparison of Forster’s ‘A Passage to India” with Synchronous Disquieted India,Atul Bhardwaj,Faculty of Commerce & Management,Solid State Technology,2020,0038-111X,http://www.solidstatetechnology.us/index.php/JSST/article/view/7363,Scopus,,,
book-chapter-19-20,48,An Analytical Study Of Mental Budgeting And Management To Analyze The Effects On Behavior And Financial Decisions In Indian Families,Abhilasha Gaur,Faculty of Commerce & Management,Solid State Technology,2020,0038-111X,http://www.solidstatetechnology.us/index.php/JSST/article/view/7397,Scopus,,,
book-chapter-19-20,49,An Analytical Study Of Mental Budgeting And Management To Analyze The Effects On Behavior And Financial Decisions In Indian Families,R. Shridhar,Faculty of Commerce & Management,Solid State Technology,2020,0038-111X,http://www.solidstatetechnology.us/index.php/JSST/article/view/7397,Scopus,,,
book-chapter-19-20,50,An Analysis Of The Role In Indian Stock Market Of The Effect Of Size And Risks On The Basis Of Price Discrepancy Evidence,Abhilasha Gaur,Faculty of Commerce & Management,Solid State Technology,2020,0038-111X,http://www.solidstatetechnology.us/index.php/JSST/article/view/7418,Scopus,,,
book-chapter-19-20,51,An Analysis Of The Role In Indian Stock Market Of The Effect Of Size And Risks On The Basis Of Price Discrepancy Evidence,Atul Bhardwaj,Faculty of Commerce & Management,Solid State Technology,2020,0038-111X,http://www.solidstatetechnology.us/index.php/JSST/article/view/7418,Scopus,,,
book-chapter-19-20,52,Application Of Recent Innovative Ideas In IOT And Communication For Rural Development,Guddi Singh,Faculty of CS & IT,Webology,2020,1735-188X,https://www.webology.org/data-cms/articles/20220519110141amwebology%2017%20(1)%20-%2062%20pdf.pdf,Scopus,,,
book-chapter-19-20,53,Immunomodulatory effects of potent bioactive compounds derived from plants,Nirali Budhbhatti,Faculty of Science,International Journal of Pharmaceutical Research,2020,0975-2366,http://www.ijpronline.com/ViewArticleDetail.aspx?ID=23111,Scopus,,,
book-chapter-19-20,54,Immunomodulatory effects of potent bioactive compounds derived from plants,Dilendra Chandrakar,Faculty of Science,International Journal of Pharmaceutical Research,2020,0975-2366,http://www.ijpronline.com/ViewArticleDetail.aspx?ID=23111,Scopus,,,
book-chapter-19-20,55,Simultaneous spectrophotometric evaluation in pharmaceutical dosage type of trimethoprim and albendazole.,Khushboo Gupta,Faculty of Pharmacy,International Journal of Pharmaceutical Research,2020,0975-2366,http://www.ijpronline.com/ViewArticleDetail.aspx?ID=23110,Scopus,,,
book-chapter-19-20,56,Removal of persistent and toxic Organochlorine pesticide using metallic nanomaterials from water: A review,Priyanka Gupta,Faculty of Science,International Journal of Pharmaceutical Research,2020,0975-2366,http://www.ijpronline.com/ViewArticleDetail.aspx?ID=23112,Scopus,,,
book-chapter-19-20,57,Legal Service Mission Promotes Rule of Law,Krushna Chandra Dalai,Faculty of Law,Journal Of Critical Reviews,2020,2394-5125,http://www.jcreview.com/admin/Uploads/Files/62888f6edbed55.09889808.pdf,Scopus,,,
book-chapter-19-20,58,Transgender Congruence and Gendered Spatial Experiences with reference to Arundhati Roy’s ‘The Ministry of Utmost Happiness’,Shilpi Bhattacharya,Faculty of Arts & Humanities,Journal Of Critical Reviews,2020,2394-5125,http://www.jcreview.com/admin/Uploads/Files/62888fb7c5f0a4.57780838.pdf,Scopus,,,
book-chapter-19-20,59,Quality ICDS Services through Improved Services in Anganwadi Centres,Swarupa Pandit,Faculty of Arts & Humanities,Journal Of Critical Reviews,2020,2394-5125,http://www.jcreview.com/admin/Uploads/Files/628890021dfb09.86047645.pdf,Scopus,,,
book-chapter-19-20,60,Law identifying with bail in India: An Overview of investigation of administrative and legal patterns,Tripti Bhushan,Faculty of Law,Journal Of Critical Reviews,2020,2394-5125,http://www.jcreview.com/admin/Uploads/Files/6288906567a776.15678394.pdf,Scopus,,,
book-chapter-19-20,61,Myth and Mythology in Girish Karnad Contemporary plays,A.Vijayanand,Faculty of Arts & Humanities,Journal Of Critical Reviews,2020,2394-5125,http://www.jcreview.com/admin/Uploads/Files/628890c5b84918.63102999.pdf,Scopus,,,
book-chapter-19-20,62,AN APPROACH TO PRINCIPLE OF ETHICS AND VALUE ON LEGAL PROFESSION,Krushna Chandra Dalai,Faculty of Law,Journal Of Critical Reviews,2020,2394-5125,http://www.jcreview.com/admin/Uploads/Files/62889121490cf1.98590353.pdf,Scopus,,,
book-chapter-19-20,63,Detection of Isomorphism in Planar Kinematic Chains,Kunal Dewangan,Faculty of Engineering,International Journal of Advanced Science and Technology,2020,2005-4238,http://sersc.org/journals/index.php/IJAST/article/view/37890,Scopus,,,
book-chapter-19-20,64,An Experimental Study on Partial Replacement of Cement by Red Mud for M-30 Concrete,Kirti Sahu Tirpude,Faculty of Engineering,International Journal of Advanced Science and Technology,2020,2005-4238,http://sersc.org/journals/index.php/IJAST/article/view/37889,Scopus,,,
book-chapter-19-20,65,"A Review on Effect of Welding Current, Voltage and Weld Speed on Weld Quality during Shielded Metal Arc Welding of Mild Steel Pipe",Swapnil Shukla,Faculty of Engineering,International Journal of Advanced Science and Technology,2020,2005-4238,http://sersc.org/journals/index.php/IJAST/article/view/37888,Scopus,,,
book-chapter-19-20,66,"A Review on Effect of Welding Current, Voltage and Weld Speed on Weld Quality during Shielded Metal Arc Welding of Mild Steel Pipe",Akhilesh Gaidhane,Faculty of Engineering,International Journal of Advanced Science and Technology,2020,2005-4238,http://sersc.org/journals/index.php/IJAST/article/view/37888,Scopus,,,
book-chapter-19-20,67,"A Review on Effect of Welding Current, Voltage and Weld Speed on Weld Quality during Shielded Metal Arc Welding of Mild Steel Pipe",Gaurav Tamrakar,Faculty of Engineering,International Journal of Advanced Science and Technology,2020,2005-4238,http://sersc.org/journals/index.php/IJAST/article/view/37888,Scopus,,,
book-chapter-19-20,68,A Study Of Deaf Accounts (Depositor Education And Awareness Fund) Scheme In India,Komal Gupta,Faculty of Commerce & Management,Elementary Education Online,2020,7633-7636,http://ilkogretim-online.org/index.php?fulltxt=70754&fulltxtj=218&fulltxtp=218-1656422540.pdf,UGC Care,,,
book-chapter-19-20,69,Critical analysis of expansion of an ideal gas as a classroom example of reversible and irreversible process,Vinay chandra Jha,Faculty of Engineering,Journal Of Critical Reviews,2020,2394-5125,http://www.jcreview.com/admin/Uploads/Files/62aab1015995d1.48678429.pdf,Scopus,,,
book-chapter-19-20,70,Critical analysis of expansion of an ideal gas as a classroom example of reversible and irreversible process,Gaurav Tamrakar,Faculty of Engineering,Journal Of Critical Reviews,2020,2394-5125,http://www.jcreview.com/admin/Uploads/Files/62aab1015995d1.48678429.pdf,Scopus,,,
book-chapter-19-20,71,A Case study of lean manufacturing practices in Indian industry,Vinay chandra Jha,Faculty of Engineering,Journal Of Critical Reviews,2020,2394-5125,http://www.jcreview.com/admin/Uploads/Files/62aab0c1e2f5c7.66423670.pdf,Scopus,,,
book-chapter-19-20,72,A Case study of lean manufacturing practices in Indian industry,Shailesh Singh Thakur,Faculty of Engineering,Journal Of Critical Reviews,2020,2394-5125,http://www.jcreview.com/admin/Uploads/Files/62aab0c1e2f5c7.66423670.pdf,Scopus,,,
book-chapter-19-20,73,A Two-Stage Approach Using Algorithm For Multi-Objective Integer Linear Programming Problem,Subhashish Biswas,Faculty of Engineering,Elementary Education Online,2020,7623-7632,https://www.ilkogretim-online.org/index.php?fulltxt=70749&fulltxtj=218&fulltxtp=218-1656422206.pdf,UGC Care,,,
book-chapter-19-20,74,A Two-Stage Approach Using Algorithm For Multi-Objective Integer Linear Programming Problem,Priyanka Singh,Faculty of Science,Elementary Education Online,2020,7623-7632,https://www.ilkogretim-online.org/index.php?fulltxt=70749&fulltxtj=218&fulltxtp=218-1656422206.pdf,UGC Care,,,
book-chapter-19-20,75,Experimental Investigation of Jatropha Bio-Diesel as an Engine Fuel in 4- Stroke Diesel Engine,Swapnil Shukla,Faculty of Engineering,Journal of Critical Reviews,2020,2394-5125,http://www.jcreview.com/admin/Uploads/Files/62aab088dbcd71.70277510.pdf,Scopus,,,
book-chapter-19-20,76,Concavity and Inflection Points in Mathematics,Samapika Pradhan,Faculty of Science,Journal Of Critical Reviews,2020,2394-5125,http://www.jcreview.com/admin/Uploads/Files/62aab05532b5c7.50047594.pdf,Scopus,,,
book-chapter-19-20,77,Acid Base Accounting of Overburden and Coal,Raj Ashish,Faculty of Engineering,Journal Of Critical Reviews,2020,2394-5125,http://www.jcreview.com/admin/Uploads/Files/62aab016b32fb6.62784109.pdf,Scopus,,,
book-chapter-19-20,78,Result Analysis of Diesel-Engine operating with renewable Source of Energy which is Biodiesel Blended With Diesel,Vinay chandra Jha,Faculty of Engineering,Journal Of Critical Reviews,2020,2394-5125,http://www.jcreview.com/admin/Uploads/Files/62aaafd5d51169.70260830.pdf,Scopus,,,
book-chapter-19-20,79,Result Analysis of Diesel-Engine operating with renewable Source of Energy which is Biodiesel Blended With Diesel,Gaurav Tamrakar,Faculty of Engineering,Journal Of Critical Reviews,2020,2394-5125,http://www.jcreview.com/admin/Uploads/Files/62aaafd5d51169.70260830.pdf,Scopus,,,
book-chapter-19-20,80,Recent Trend of 3d printing in Manufacturing Industries,Swapnil Shukla,Faculty of Engineering,Journal Of Critical Reviews,2020,2394-5125,http://www.jcreview.com/admin/Uploads/Files/62aaaf94d0cf85.34673381.pdf,Scopus,,,
book-chapter-19-20,81,Recent Trend of 3d printing in Manufacturing Industries,Gaurav Tamrakar,Faculty of Engineering,Journal Of Critical Reviews,2020,2394-5125,http://www.jcreview.com/admin/Uploads/Files/62aaaf94d0cf85.34673381.pdf,Scopus,,,
book-chapter-19-20,82,Soil Improvement Techniques by Compaction Methods,Swati Agrawal,Faculty of Engineering,Journal Of Critical Reviews,2020,2394-5125,http://www.jcreview.com/admin/Uploads/Files/62aaaf529029f8.01035983.pdf,Scopus,,,
book-chapter-19-20,83,Soil Improvement Techniques by Compaction Methods,N.K. Dhapekar,Faculty of Engineering,Journal Of Critical Reviews,2020,2394-5125,http://www.jcreview.com/admin/Uploads/Files/62aaaf529029f8.01035983.pdf,Scopus,,,
book-chapter-19-20,84,Role of Sensors in Transportation system of India,Swati Agrawal,Faculty of Engineering,Journal of Critical Reviews,2020,2394-5125,http://www.jcreview.com/admin/Uploads/Files/62aaaf183a9f46.19233011.pdf,Scopus,,,
book-chapter-19-20,85,Role of Sensors in Transportation system of India,Honey Gaur,Faculty of Engineering,Journal of Critical Reviews,2020,2394-5125,http://www.jcreview.com/admin/Uploads/Files/62aaaf183a9f46.19233011.pdf,Scopus,,,
book-chapter-19-20,86,Models Developed on Lean Manufacturing Practices in Indian Automobile Industry,Vinay chandra Jha,Faculty of Engineering,Journal Of Critical Reviews,2020,2394-5125,http://www.jcreview.com/admin/Uploads/Files/62aaaee0d405e9.32418964.pdf,Scopus,,,
book-chapter-19-20,87,Models Developed on Lean Manufacturing Practices in Indian Automobile Industry,Shailesh Singh Thakur,Faculty of Engineering,Journal Of Critical Reviews,2020,2394-5125,http://www.jcreview.com/admin/Uploads/Files/62aaaee0d405e9.32418964.pdf,Scopus,,,
book-chapter-19-20,88,Result Analysis of Diesel Engine operating with Renewable source of energy as Biodiesel blended with diesel.,Vinay Chandra Jha,Faculty of Engineering,Journal Of Critical Reviews,2020,2394-5125,http://www.jcreview.com/admin/Uploads/Files/62ef45e0da30e5.86736018.pdf,Scopus,,,
book-chapter-19-20,89,Result Analysis of Diesel Engine operating with Renewable source of energy as Biodiesel blended with diesel.,Swapnil Shukla,Faculty of Engineering,Journal Of Critical Reviews,2020,2394-5125,http://www.jcreview.com/admin/Uploads/Files/62ef45e0da30e5.86736018.pdf,Scopus,,,
book-chapter-19-20,90,Internet Technology and Indian Banking Sector,R. Shridhar,Faculty of Commerce & Management,Asian Journal of Management,2020,0976-495X,http://ajmjournal.com/HTMLPaper.aspx?Journal=Asian%20Journal%20of%20Management;PID=2020-11-1-19,UGC Care,,,
book-chapter-21-22,1,Ms. Punam Madan,"Faculty of Arts 
 & Humanities",Human Rights Education,,,,National,2021,978-93-5561-325-7,Kalinga University,Agrawal Group of Publishers
book-chapter-21-22,2,Ms. Sanjana Singh,"Faculty of Arts 
 & Humanities",Human Rights Education,,,,National,2021,978-93-5561-325-7,Kalinga University,Agrawal Group of Publishers
book-chapter-21-22,3,Dr. Sandip Prasad Tiwari,"Faculty of 
 Pharmacy",Pharmaceutics For Diploma In Pharmacy First Year,,,,National,2021,978-81-953544-0-5-0,Kalinga University,Probecell Press Publishers
book-chapter-21-22,4,Rajani Yadav,"Faculty of 
 Pharmacy",Pharmaceutics For Diploma In Pharmacy First Year,,,,National,2021,978-81-953544-0-5-0,Kalinga University,Probecell Press Publishers
book-chapter-21-22,5,Pranjul Shrivastava,"Faculty of 
 Pharmacy",Pharmaceutics For Diploma In Pharmacy First Year,,,,National,2021,978-81-953544-0-5-0,Kalinga University,Probecell Press Publishers
book-chapter-21-22,6,Dr. Vineeta Diwan,"Faculty of Arts 
 & Humanities","Chicana Feminism Resistance, Identity and Marginalization(A Critical Study)",,,,National,2021,978-93-90835-15-7,Kalinga University,Rudra Publications
book-chapter-21-22,7,AVIZEET TANDI,Faculty of science,"STUDY OF PHYTOCHEMICAL AND MEDICINAL PROPERTIES OF SENNA ALEXANDRINA
 WITH MORPHOLOGICAL AND PHENOLOGICAL ASPECTS",,,,National,2021,978-93-91892-66-1,Kalinga University,Educational Publishers
book-chapter-21-22,8,DR. APARNA MAITI,Faculty of science,"STUDY OF PHYTOCHEMICAL AND MEDICINAL PROPERTIES OF SENNA ALEXANDRINA
 WITH MORPHOLOGICAL AND PHENOLOGICAL ASPECTS",,,,National,2021,978-93-91892-66-1,Kalinga University,Educational Publishers
book-chapter-21-22,9,HEMANT KUMAR KARGA,Faculty of science,"STUDY OF PHYTOCHEMICAL AND MEDICINAL PROPERTIES OF SENNA ANGUSTIFOLIA
 WITH MORPHOLOGICAL AND PHENOLOGICAL ASPECTS",,,,National,2021,978-93-91892-17-3,Kalinga University,Educational Publishers
book-chapter-21-22,10,DR. APARNA MAITI,Faculty of science,"STUDY OF PHYTOCHEMICAL AND MEDICINAL PROPERTIES OF SENNA ANGUSTIFOLIA
 WITH MORPHOLOGICAL AND PHENOLOGICAL ASPECTS",,,,National,2021,978-93-91892-17-3,Kalinga University,Educational Publishers
book-chapter-21-22,11,PALLAVI CHANDRAKAR,Faculty of science,"STUDY OF PHYTOCHEMICAL AND MEDICINAL PROPERTIES OF SENNA SIAMEA
 WITH MORPHOLOGICAL AND PHENOLOGICAL ASPECTS",,,,National,2021,978-93-91892-64-7,Kalinga University,Educational Publishers
book-chapter-21-22,12,DR. APARNA MAITI,Faculty of science,"STUDY OF PHYTOCHEMICAL AND MEDICINAL PROPERTIES OF SENNA SIAMEA
 WITH MORPHOLOGICAL AND PHENOLOGICAL ASPECTS",,,,National,2021,978-93-91892-64-7,Kalinga University,Educational Publishers
book-chapter-21-22,13,PREMLATA SAHU,Faculty of science,A STUDY OF SOME MEDICINAL USES OF WEEDS AS VARIOUS DISEASES TREATMENT,,,,National,2021,978-93-91892-44-9,Kalinga University,Educational Publishers
book-chapter-21-22,14,DR. DEEPA BISWAS,Faculty of science,A STUDY OF SOME MEDICINAL USES OF WEEDS AS VARIOUS DISEASES TREATMENT,,,,National,2021,978-93-91892-44-9,Kalinga University,Educational Publishers
book-chapter-21-22,15,PURNIMA SAHU,Faculty of science,"STUDY OF PHYTOCHEMICAL AND MEDICINAL PROPERTIES OF SENNA ALATA
 WITH MORPHOLOGICAL AND PHENOLOGICAL ASPECTS",,,,National,2021,978-93-91892-91-3,Kalinga University,Educational Publishers
book-chapter-21-22,16,DR. APARNA MAITI,Faculty of science,"STUDY OF PHYTOCHEMICAL AND MEDICINAL PROPERTIES OF SENNA ALATA
 WITH MORPHOLOGICAL AND PHENOLOGICAL ASPECTS",,,,National,2021,978-93-91892-91-3,Kalinga University,Educational Publishers
book-chapter-21-22,17,RACHANA JAIN,Faculty of science,"STUDIES ON AWARENESS ABOUT OF HEALTH 
 BENEFIT OF SOME MEDICINAL PLANT IN KHARIYAR ROAD (ODISHA)",,,,National,2021,978-93-91892-23-4,Kalinga University,Educational Publishers
book-chapter-21-22,18,DR. DEEPA BISWAS,Faculty of science,"STUDIES ON AWARENESS ABOUT OF HEALTH 
 BENEFIT OF SOME MEDICINAL PLANT IN KHARIYAR ROAD (ODISHA)",,,,National,2021,978-93-91892-23-4,Kalinga University,Educational Publishers
book-chapter-21-22,19,RAJKUMARI PATEL,Faculty of science,"STUDY OF PHYTOCHEMICAL AND MEDICINAL PROPERTIES OF SENNA OCCIDENTALIS
 WITH MORPHOLOGICAL AND PHENOLOGICAL ASPECTS",,,,National,2021,978-93-91892-65-4,Kalinga University,Educational Publishers
book-chapter-21-22,20,DR. APARNA MAITI,Faculty of science,"STUDY OF PHYTOCHEMICAL AND MEDICINAL PROPERTIES OF SENNA OCCIDENTALIS
 WITH MORPHOLOGICAL AND PHENOLOGICAL ASPECTS",,,,National,2021,978-93-91892-65-4,Kalinga University,Educational Publishers
book-chapter-21-22,21,SAGAR RAM,Faculty of science,"DIVERSITY OF MEDICINAL PLANT IN DHAMTARI 
 DISTRICT",,,,National,2021,978-93-91892-68-5,Kalinga University,Educational Publishers
book-chapter-21-22,22,DR. DEEPA BISWAS,Faculty of science,"DIVERSITY OF MEDICINAL PLANT IN DHAMTARI 
 DISTRICT",,,,National,2021,978-93-91892-68-5,Kalinga University,Educational Publishers
book-chapter-21-22,23,SANDHYA VERMA,Faculty of science,ROLE OF MICROORGANISMS AS BIO FERTILIZER FOR SUSTAINABLE AGRICULTURE – A REVIEW,,,,National,2021,978-93-91892-30-2,Kalinga University,Educational Publishers
book-chapter-21-22,24,DR. DEEPA BISWAS,Faculty of science,ROLE OF MICROORGANISMS AS BIO FERTILIZER FOR SUSTAINABLE AGRICULTURE – A REVIEW,,,,National,2021,978-93-91892-30-2,Kalinga University,Educational Publishers
book-chapter-21-22,25,SUCHETA ABHARANI DASH,Faculty of science,ROLE OF PLANTS AGAINST COVID-19,,,,National,2021,978-93-91892-78-4,Kalinga University,Educational Publishers
book-chapter-21-22,26,DR. DEEPA BISWAS,Faculty of science,ROLE OF PLANTS AGAINST COVID-19,,,,National,2021,978-93-91892-78-4,Kalinga University,Educational Publishers
book-chapter-21-22,27,ABHASH SINHA,"Faculty of 
 commerce & management",A STUDY OF FINANCIAL ANALYSIS OF SELECTED INDIAN EVENT MANAGEMENT COMPANIES,,,,National,2021,978-93-91892-58-6,Kalinga University,Educational Publishers
book-chapter-21-22,28,DR. PARITOSH DUBE,"Faculty of 
 commerce & management",A STUDY OF FINANCIAL ANALYSIS OF SELECTED INDIAN EVENT MANAGEMENT COMPANIES,,,,National,2021,978-93-91892-58-6,Kalinga University,Educational Publishers
book-chapter-21-22,29,ANANYA SAHU,"Faculty of 
 commerce & management",A REVIEW OF PERFORMANCE APPRAISAL SYSTEM SAIL AT BSP,,,,National,2021,978-93-91892-29-6,Kalinga University,Educational Publishers
book-chapter-21-22,30,DR. PARITOSH DUBE,"Faculty of 
 commerce & management",A REVIEW OF PERFORMANCE APPRAISAL SYSTEM SAIL AT BSP,,,,National,2021,978-93-91892-29-6,Kalinga University,Educational Publishers
book-chapter-21-22,31,ASHFIYA KHAN,"Faculty of 
 commerce & management","A STUDY ON MARKETING STRATEGIES OF GTM & 
 SONS ADVISORY",,,,National,2021,978-93-91892-88-3,Kalinga University,Educational Publishers
book-chapter-21-22,32,DR. PARITOSH DUBE,"Faculty of 
 commerce & management","A STUDY ON MARKETING STRATEGIES OF GTM & 
 SONS ADVISORY",,,,National,2021,978-93-91892-88-3,Kalinga University,Educational Publishers
book-chapter-21-22,33,BHAVESH KODWANI,"Faculty of 
 commerce & management","FACTORS AFFECTING CONSUMERS BUYING DECISION W.R.T LG TELEVISION AT K.K ELECTRONICS, BHILAI (C.G)",,,,National,2021,978-93-91892-34-0,Kalinga University,Educational Publishers
book-chapter-21-22,34,DR. PARITOSH DUBE,"Faculty of 
 commerce & management","FACTORS AFFECTING CONSUMERS BUYING DECISION W.R.T LG TELEVISION AT K.K ELECTRONICS, BHILAI (C.G)",,,,National,2021,978-93-91892-34-0,Kalinga University,Educational Publishers
book-chapter-21-22,35,BIBHUTI PRASAD RANA,"Faculty of 
 commerce & management","ANALYTICAL STUDY OF WORKING CAPITAL 
 MANAGEMENT AND CASE STUDY ON WORKING CAPITAL MANAGEMENT",,,,National,2021,978-93-91892-48-7,Kalinga University,Educational Publishers
book-chapter-21-22,36,DR. PARITOSH DUBE,"Faculty of 
 commerce & management","ANALYTICAL STUDY OF WORKING CAPITAL 
 MANAGEMENT AND CASE STUDY ON WORKING CAPITAL MANAGEMENT",,,,National,2021,978-93-91892-48-7,Kalinga University,Educational Publishers
book-chapter-21-22,37,PRANAY TAPADAR,"Faculty of 
 commerce & management",DEMAND OF PERSONAL FINANCE TO COUNTER PANDEMIC LIKE SITUATIONS: MUTUAL FUNDS,,,,National,2021,978-93-91892-79-1,Kalinga University,Educational Publishers
book-chapter-21-22,38,MR. AMIT KUMAR DUBEY,"Faculty of 
 commerce & management",DEMAND OF PERSONAL FINANCE TO COUNTER PANDEMIC LIKE SITUATIONS: MUTUAL FUNDS,,,,National,2021,978-93-91892-79-1,Kalinga University,Educational Publishers
book-chapter-21-22,39,PRATIKSHA RAMTEKE,"Faculty of 
 commerce & management","A STUDY OF SOCIETY’S PERCEPTION TOWARDS 
 HUMAN BEHAVIOR AND OVERALL WORKING OF THE NGO",,,,National,2021,978-93-91892-62-3,Kalinga University,Educational Publishers
book-chapter-21-22,40,DR. PARITOSH DUBEY,"Faculty of 
 commerce & management","A STUDY OF SOCIETY’S PERCEPTION TOWARDS 
 HUMAN BEHAVIOR AND OVERALL WORKING OF THE NGO",,,,National,2021,978-93-91892-62-3,Kalinga University,Educational Publishers
book-chapter-21-22,41,SALIM KHAN,"Faculty of 
 commerce & management",A COMPARATIVE ANALYSIS ON TATA MOTORS,,,,National,2021,978-93-91892-86-9,Kalinga University,Educational Publishers
book-chapter-21-22,42,MR. AMIT KUMAR DUBEY,"Faculty of 
 commerce & management",A COMPARATIVE ANALYSIS ON TATA MOTORS,,,,National,2021,978-93-91892-86-9,Kalinga University,Educational Publishers
book-chapter-21-22,43,SHWETA SINGH,"Faculty of 
 commerce & management",MARKETING STRATEGIES,,,,National,2021,978-93-91892-21-0,Kalinga University,Educational Publishers
book-chapter-21-22,44,MR. AMIT KUMA DUBEY,"Faculty of 
 commerce & management",MARKETING STRATEGIES,,,,National,2021,978-93-91892-21-0,Kalinga University,Educational Publishers
book-chapter-21-22,45,SIDDHARTH SANKAR PANDA,"Faculty of 
 commerce & management",ANALYSIS OF INVESTMENT PRODUCTS IN INDIAN FINANCIAL MARKET,,,,National,2021,978-93-91892-18-0,Kalinga University,Educational Publishers
book-chapter-21-22,46,MR. AMIT KUMAR DUBEY,"Faculty of 
 commerce & management",ANALYSIS OF INVESTMENT PRODUCTS IN INDIAN FINANCIAL MARKET,,,,National,2021,978-93-91892-18-0,Kalinga University,Educational Publishers
book-chapter-21-22,47,SUJIT SAHU,"Faculty of 
 commerce & management","STUDY OF PATIENTS SATISFACTION WITH REFERENCE OF SHRI BALAJI SUPER SPECIALITY HOSPITAL, RAIPUR",,,,National,2021,978-93-91892-31-9,Kalinga University,Educational Publishers
book-chapter-21-22,48,MR. AMIT KUMAR DUBEY,"Faculty of 
 commerce & management","STUDY OF PATIENTS SATISFACTION WITH REFERENCE OF SHRI BALAJI SUPER SPECIALITY HOSPITAL, RAIPUR",,,,National,2021,978-93-91892-31-9,Kalinga University,Educational Publishers
book-chapter-21-22,49,"RAVIBHUSHAN PRASAD 
 KUSHWAHA","Faculty of 
 Engineering",AUTOMATED HIGHWAY SYSTEM,,,,National,2021,978-93-6072-697-3,Kalinga University,Educational Publishers
book-chapter-21-22,50,MAHENDRA BAM,"Faculty of 
 Engineering",AUTOMATED HIGHWAY SYSTEM,,,,National,2021,978-93-6072-697-3,Kalinga University,Educational Publishers
book-chapter-21-22,51,ADARSH GARG,"Faculty of 
 Engineering",AUTOMATED HIGHWAY SYSTEM,,,,National,2021,978-93-6072-697-3,Kalinga University,Educational Publishers
book-chapter-21-22,52,PANKAJ KUMAR SAHU,"Faculty of 
 Engineering",AUTOMATED HIGHWAY SYSTEM,,,,National,2021,978-93-6072-697-3,Kalinga University,Educational Publishers
book-chapter-21-22,53,MRS. KIRTI SAHU TIRPUDE,"Faculty of 
 Engineering",AUTOMATED HIGHWAY SYSTEM,,,,National,2021,978-93-6072-697-3,Kalinga University,Educational Publishers
book-chapter-21-22,54,AJAY SAH,"Faculty of 
 Engineering",SELF HEALING CONCRETE,,,,National,2021,978-93-6072-148-0,Kalinga University,Educational Publishers
book-chapter-21-22,55,KISHAN CHAUDHARY,"Faculty of 
 Engineering",SELF HEALING CONCRETE,,,,National,2021,978-93-6072-148-0,Kalinga University,Educational Publishers
book-chapter-21-22,56,SANTOSH PAL,"Faculty of 
 Engineering",SELF HEALING CONCRETE,,,,National,2021,978-93-6072-148-0,Kalinga University,Educational Publishers
book-chapter-21-22,57,AHMAD MASIH,"Faculty of 
 Engineering",SELF HEALING CONCRETE,,,,National,2021,978-93-6072-148-0,Kalinga University,Educational Publishers
book-chapter-21-22,58,MR. KUSHAGRA PANDEY,"Faculty of 
 Engineering",SELF HEALING CONCRETE,,,,National,2021,978-93-6072-148-0,Kalinga University,Educational Publishers
book-chapter-21-22,59,AKANKSHA CHANDRAKAR,"Faculty of 
 Engineering","EXPERIMENTAL STUDY ON RETROFITTING OF THE 
 CONCRETE STRUCTURE",,,,National,2021,978-93-6072-889-2,Kalinga University,Educational Publishers
book-chapter-21-22,60,MANSI DEWANGAN,"Faculty of 
 Engineering","EXPERIMENTAL STUDY ON RETROFITTING OF THE 
 CONCRETE STRUCTURE",,,,National,2021,978-93-6072-889-2,Kalinga University,Educational Publishers
book-chapter-21-22,61,AMIT KUMAR,"Faculty of 
 Engineering","EXPERIMENTAL STUDY ON RETROFITTING OF THE 
 CONCRETE STRUCTURE",,,,National,2021,978-93-6072-889-2,Kalinga University,Educational Publishers
book-chapter-21-22,62,MR. MANAS RATHORE,"Faculty of 
 Engineering","EXPERIMENTAL STUDY ON RETROFITTING OF THE 
 CONCRETE STRUCTURE",,,,National,2021,978-93-6072-889-2,Kalinga University,Educational Publishers
book-chapter-21-22,63,AVINASH VATTI,"Faculty of 
 Engineering",STUDY AND COMPARISON OF NORMAL CONCRETE AND MINERAL ADMIXTURE MIXED CONCRETE,,,,National,2021,978-93-6072-539-6,Kalinga University,Educational Publishers
book-chapter-21-22,64,RITESH KUMAR SAI,"Faculty of 
 Engineering",STUDY AND COMPARISON OF NORMAL CONCRETE AND MINERAL ADMIXTURE MIXED CONCRETE,,,,National,2021,978-93-6072-539-6,Kalinga University,Educational Publishers
book-chapter-21-22,65,SATYA MANDAL,"Faculty of 
 Engineering",STUDY AND COMPARISON OF NORMAL CONCRETE AND MINERAL ADMIXTURE MIXED CONCRETE,,,,National,2021,978-93-6072-539-6,Kalinga University,Educational Publishers
book-chapter-21-22,66,ANURAG SHRIVASTAVA,"Faculty of 
 Engineering",STUDY AND COMPARISON OF NORMAL CONCRETE AND MINERAL ADMIXTURE MIXED CONCRETE,,,,National,2021,978-93-6072-539-6,Kalinga University,Educational Publishers
book-chapter-21-22,67,RAJAT MISHRA,"Faculty of 
 Engineering",STUDY AND COMPARISON OF NORMAL CONCRETE AND MINERAL ADMIXTURE MIXED CONCRETE,,,,National,2021,978-93-6072-539-6,Kalinga University,Educational Publishers
book-chapter-21-22,68,MR. AKSHIT LAMBA,"Faculty of 
 Engineering",STUDY AND COMPARISON OF NORMAL CONCRETE AND MINERAL ADMIXTURE MIXED CONCRETE,,,,National,2021,978-93-6072-539-6,Kalinga University,Educational Publishers
book-chapter-21-22,69,DIKSHIT KUMAR,"Faculty of 
 Engineering",DETAIL STUDY ON BAR BENDING SCHEDULE,,,,National,2021,978-93-6072-840-3,Kalinga University,Educational Publishers
book-chapter-21-22,70,HUMESHWAR KUMAR,"Faculty of 
 Engineering",DETAIL STUDY ON BAR BENDING SCHEDULE,,,,National,2021,978-93-6072-840-3,Kalinga University,Educational Publishers
book-chapter-21-22,71,CHARUDATT SAHU,"Faculty of 
 Engineering",DETAIL STUDY ON BAR BENDING SCHEDULE,,,,National,2021,978-93-6072-840-3,Kalinga University,Educational Publishers
book-chapter-21-22,72,BHUPESH TARAR,"Faculty of 
 Engineering",DETAIL STUDY ON BAR BENDING SCHEDULE,,,,National,2021,978-93-6072-840-3,Kalinga University,Educational Publishers
book-chapter-21-22,73,MRS. KIRTI SAHU TIRPUDE,"Faculty of 
 Engineering",DETAIL STUDY ON BAR BENDING SCHEDULE,,,,National,2021,978-93-6072-840-3,Kalinga University,Educational Publishers
book-chapter-21-22,74,PRADIP KUMAR PANDIT,"Faculty of 
 Engineering","A COMPARATIVE STUDY ON THE FLEXIBILITY 
 CONCRETE BY POLYVINYL ALCOHOL FIBER AND 
 PARTIAL REPLACEMENT OF CEMENT WITH FLY ASH 
 WITH NORMAL CONVENTIONAL CONCRETE",,,,National,2021,978-93-6072-314-9,Kalinga University,Educational Publishers
book-chapter-21-22,75,MD SALMAN SHEKH,"Faculty of 
 Engineering","A COMPARATIVE STUDY ON THE FLEXIBILITY 
 CONCRETE BY POLYVINYL ALCOHOL FIBER AND 
 PARTIAL REPLACEMENT OF CEMENT WITH FLY ASH 
 WITH NORMAL CONVENTIONAL CONCRETE",,,,National,2021,978-93-6072-314-9,Kalinga University,Educational Publishers
book-chapter-21-22,76,ABHISHEK BHATTRAI,"Faculty of 
 Engineering","A COMPARATIVE STUDY ON THE FLEXIBILITY 
 CONCRETE BY POLYVINYL ALCOHOL FIBER AND 
 PARTIAL REPLACEMENT OF CEMENT WITH FLY ASH 
 WITH NORMAL CONVENTIONAL CONCRETE",,,,National,2021,978-93-6072-314-9,Kalinga University,Educational Publishers
book-chapter-21-22,77,SONU SAHU,"Faculty of 
 Engineering","A COMPARATIVE STUDY ON THE FLEXIBILITY 
 CONCRETE BY POLYVINYL ALCOHOL FIBER AND 
 PARTIAL REPLACEMENT OF CEMENT WITH FLY ASH 
 WITH NORMAL CONVENTIONAL CONCRETE",,,,National,2021,978-93-6072-314-9,Kalinga University,Educational Publishers
book-chapter-21-22,78,MS. SWATI AGRAWAL,"Faculty of 
 Engineering","A COMPARATIVE STUDY ON THE FLEXIBILITY 
 CONCRETE BY POLYVINYL ALCOHOL FIBER AND 
 PARTIAL REPLACEMENT OF CEMENT WITH FLY ASH 
 WITH NORMAL CONVENTIONAL CONCRETE",,,,National,2021,978-93-6072-314-9,Kalinga University,Educational Publishers
book-chapter-21-22,79,SUDEEP KUMAR PATEL,"Faculty of 
 Engineering","EXPERIMENTAL STUDY ON PARTIAL REPLACEMENT 
 OF FINE AND COARSE AGGREGATE BY FOUNDRY SAND AND RECYCLED AGGREGATES",,,,National,2021,978-93-6072-262-3,Kalinga University,Educational Publishers
book-chapter-21-22,80,SANDEEP ADHIKARI,"Faculty of 
 Engineering","EXPERIMENTAL STUDY ON PARTIAL REPLACEMENT 
 OF FINE AND COARSE AGGREGATE BY FOUNDRY SAND AND RECYCLED AGGREGATES",,,,National,2021,978-93-6072-262-3,Kalinga University,Educational Publishers
book-chapter-21-22,81,SHANKAR SHAH,"Faculty of 
 Engineering","EXPERIMENTAL STUDY ON PARTIAL REPLACEMENT 
 OF FINE AND COARSE AGGREGATE BY FOUNDRY SAND AND RECYCLED AGGREGATES",,,,National,2021,978-93-6072-262-3,Kalinga University,Educational Publishers
book-chapter-21-22,82,RAJ KUMAR CHAL,"Faculty of 
 Engineering","EXPERIMENTAL STUDY ON PARTIAL REPLACEMENT 
 OF FINE AND COARSE AGGREGATE BY FOUNDRY SAND AND RECYCLED AGGREGATES",,,,National,2021,978-93-6072-262-3,Kalinga University,Educational Publishers
book-chapter-21-22,83,MR. KUSHAGRA PANDEY,"Faculty of 
 Engineering","EXPERIMENTAL STUDY ON PARTIAL REPLACEMENT 
 OF FINE AND COARSE AGGREGATE BY FOUNDRY SAND AND RECYCLED AGGREGATES",,,,National,2021,978-93-6072-262-3,Kalinga University,Educational Publishers
book-chapter-21-22,84,SUYASH SAHU,"Faculty of 
 Engineering",A LIGHT TRANSMITTING CONCRETE,,,,National,2021,978-93-6072-180-0,Kalinga University,Educational Publishers
book-chapter-21-22,85,PRATIKSHA MANDAL,"Faculty of 
 Engineering",A LIGHT TRANSMITTING CONCRETE,,,,National,2021,978-93-6072-180-0,Kalinga University,Educational Publishers
book-chapter-21-22,86,SHUBHAM DEWANGAN,"Faculty of 
 Engineering",A LIGHT TRANSMITTING CONCRETE,,,,National,2021,978-93-6072-180-0,Kalinga University,Educational Publishers
book-chapter-21-22,87,REETIKA DEWANGAN,"Faculty of 
 Engineering",A LIGHT TRANSMITTING CONCRETE,,,,National,2021,978-93-6072-180-0,Kalinga University,Educational Publishers
book-chapter-21-22,88,MR. PIYUSH DAS,"Faculty of 
 Engineering",A LIGHT TRANSMITTING CONCRETE,,,,National,2021,978-93-6072-180-0,Kalinga University,Educational Publishers
book-chapter-21-22,89,MR. ABHINAV DUBEY,"Faculty of 
 Engineering",STUDY OF GEO POLYMER CONCRETE USING SUGARCANE BAGASSE ASH,,,,National,2021,978-93-6072-041-4,Kalinga University,Educational Publishers
book-chapter-21-22,90,MR. AKSHIT LAMBA,"Faculty of 
 Engineering",STUDY OF GEO POLYMER CONCRETE USING SUGARCANE BAGASSE ASH,,,,National,2021,978-93-6072-041-4,Kalinga University,Educational Publishers
book-chapter-21-22,91,ABHISHEK GUPTA,"Faculty of 
 Engineering","FINITE ELEMENT MODELING & ANALYSIS OF BRIDGE 
 SUPERSTRUCTURE",,,,National,2021,978-93-6072-277-7,Kalinga University,Educational Publishers
book-chapter-21-22,92,MS. SWATI AGRAWAL,"Faculty of 
 Engineering","FINITE ELEMENT MODELING & ANALYSIS OF BRIDGE 
 SUPERSTRUCTURE",,,,National,2021,978-93-6072-277-7,Kalinga University,Educational Publishers
book-chapter-21-22,93,MR. AKHTAR ANSARI,"Faculty of 
 Engineering",STABILITY ANALYSIS OF PAVEMENT OF HIGH-GRADE CONCRETE BY USING MIX DESIGN,,,,National,2021,978-93-6072-914-1,Kalinga University,Educational Publishers
book-chapter-21-22,94,MR. MANAS RATHORE,"Faculty of 
 Engineering",STABILITY ANALYSIS OF PAVEMENT OF HIGH-GRADE CONCRETE BY USING MIX DESIGN,,,,National,2021,978-93-6072-914-1,Kalinga University,Educational Publishers
book-chapter-21-22,95,AKSHAY PATIL,"Faculty of 
 Engineering",DYNAMIC ANALYSIS OF SLOPED BUILDING: EXPERIMENTAL & NUMERICAL STUDIES,,,,National,2021,978-93-6072-798-7,Kalinga University,Educational Publishers
book-chapter-21-22,96,MR. MANAS RATHORE,"Faculty of 
 Engineering",DYNAMIC ANALYSIS OF SLOPED BUILDING: EXPERIMENTAL & NUMERICAL STUDIES,,,,National,2021,978-93-6072-798-7,Kalinga University,Educational Publishers
book-chapter-21-22,97,AMIT KUMAR MANDAL,"Faculty of 
 Engineering","DEVELOPMENT AND STUDY OF TRANSPORTATION OF 
 ODISHA",,,,National,2021,978-93-6072-849-6,Kalinga University,Educational Publishers
book-chapter-21-22,98,MR. PIYUSH DAS,"Faculty of 
 Engineering","DEVELOPMENT AND STUDY OF TRANSPORTATION OF 
 ODISHA",,,,National,2021,978-93-6072-849-6,Kalinga University,Educational Publishers
book-chapter-21-22,99,ANMOL SINGH,"Faculty of 
 Engineering","PREDICTION OF COMPRESSIVE STRENGTH AND ITZ 
 OF RECYCLED AGGREGATE CONCRETE 
 INCORPORATED WITH SILICA",,,,National,2021,978-93-6072-456-6,Kalinga University,Educational Publishers
book-chapter-21-22,100,DR. N K DHAPEKAR,"Faculty of 
 Engineering","PREDICTION OF COMPRESSIVE STRENGTH AND ITZ 
 OF RECYCLED AGGREGATE CONCRETE 
 INCORPORATED WITH SILICA",,,,National,2021,978-93-6072-456-6,Kalinga University,Educational Publishers
book-chapter-21-22,101,ARSHAD QURAISHI,"Faculty of 
 Engineering","IMPLEMENTATION OF PYTHON IN PREDICTING THE 
 PHYSICAL AND MICRO STRUCTURAL PROPERTIES OF CONCRETE",,,,National,2021,978-93-6072-716-1,Kalinga University,Educational Publishers
book-chapter-21-22,102,DR. N K DHAPEKAR,"Faculty of 
 Engineering","IMPLEMENTATION OF PYTHON IN PREDICTING THE 
 PHYSICAL AND MICRO STRUCTURAL PROPERTIES OF CONCRETE",,,,National,2021,978-93-6072-716-1,Kalinga University,Educational Publishers
book-chapter-21-22,103,MR. AYUSH CHANDRAKAR,"Faculty of 
 Engineering",DESIGN OF MULTISTORIED RESIDENTIAL BUILDING (G+5) USING ETABS SOFTWARE,,,,National,2021,978-93-6072-663-8,Kalinga University,Educational Publishers
book-chapter-21-22,104,MR. MANAS RATHORE,"Faculty of 
 Engineering",DESIGN OF MULTISTORIED RESIDENTIAL BUILDING (G+5) USING ETABS SOFTWARE,,,,National,2021,978-93-6072-663-8,Kalinga University,Educational Publishers
book-chapter-21-22,105,MS DEEPTI SATRANJ,"Faculty of 
 Engineering",ANALYSIS AND EXECUTION OF ROAD WORK ON NH5 [CHILAKALURIPET - NELLORE SECTION OF NH 16],,,,National,2021,978-93-6072-512-9,Kalinga University,Educational Publishers
book-chapter-21-22,106,MR. PIYUSH DAS,"Faculty of 
 Engineering",ANALYSIS AND EXECUTION OF ROAD WORK ON NH5 [CHILAKALURIPET - NELLORE SECTION OF NH 16],,,,National,2021,978-93-6072-512-9,Kalinga University,Educational Publishers
book-chapter-21-22,107,GYANPRAKASH BANJARE,"Faculty of 
 Engineering","STUDY OF FLY-ASH BASED POLYMER CONCRETE WITH 
 EPOXY RESIN & GLASS FIBER",,,,National,2021,978-93-6072-372-9,Kalinga University,Educational Publishers
book-chapter-21-22,108,MR. AKSHIT LAMBA,"Faculty of 
 Engineering","STUDY OF FLY-ASH BASED POLYMER CONCRETE WITH 
 EPOXY RESIN & GLASS FIBER",,,,National,2021,978-93-6072-372-9,Kalinga University,Educational Publishers
book-chapter-21-22,109,HARSHA SHRIVASTAVA,"Faculty of 
 Engineering",STUDY ON CHARACTERIZATION OF SULPHUR MODIFIED BITUMINOUS BINDERS,,,,National,2021,978-93-6072-480-1,Kalinga University,Educational Publishers
book-chapter-21-22,110,MR. AKSHIT LAMBA,"Faculty of 
 Engineering",STUDY ON CHARACTERIZATION OF SULPHUR MODIFIED BITUMINOUS BINDERS,,,,National,2021,978-93-6072-480-1,Kalinga University,Educational Publishers
book-chapter-21-22,111,MAHENDRA KUMAR,"Faculty of 
 Engineering","DESIGN OF SKYSCRAPERS USING STAAD-PRO 
 SOFTWARE",,,,National,2021,978-93-6072-049-0,Kalinga University,Educational Publishers
book-chapter-21-22,112,MR. AKSHIT LAMBA,"Faculty of 
 Engineering","DESIGN OF SKYSCRAPERS USING STAAD-PRO 
 SOFTWARE",,,,National,2021,978-93-6072-049-0,Kalinga University,Educational Publishers
book-chapter-21-22,113,MOUMITA SAMANTA,"Faculty of 
 Engineering",SCRAP MATERIALS AS AN ALTERNATIVE IN CONSTRUCTION TO CONVENTIONAL MATERIALS,,,,National,2021,978-93-6072-536-5,Kalinga University,Educational Publishers
book-chapter-21-22,114,MR. PIYUSH DAS,"Faculty of 
 Engineering",SCRAP MATERIALS AS AN ALTERNATIVE IN CONSTRUCTION TO CONVENTIONAL MATERIALS,,,,National,2021,978-93-6072-536-5,Kalinga University,Educational Publishers
book-chapter-21-22,115,NAMRATA SURENDRA,"Faculty of 
 Engineering","ROLE OF ARTIFICIAL INTELLIGENCE IN PREDICTING 
 THE COMPRESSIVE STRENGTH AND ITZ OF RECYCLED AGGREGATE CONCRETE WITH SILICA FUME",,,,National,2021,978-93-6072-167-1,Kalinga University,Educational Publishers
book-chapter-21-22,116,DR. N K DHAPEKAR,"Faculty of 
 Engineering","ROLE OF ARTIFICIAL INTELLIGENCE IN PREDICTING 
 THE COMPRESSIVE STRENGTH AND ITZ OF RECYCLED AGGREGATE CONCRETE WITH SILICA FUME",,,,National,2021,978-93-6072-167-1,Kalinga University,Educational Publishers
book-chapter-21-22,117,PRATIKSHA YADU,"Faculty of 
 Engineering","EFFECT OF MICRO SILICA ON STRENGTH OF 
 RECYCLED AGGREGATE CONCRETE USING TENSOR FLOW",,,,National,2021,978-93-6072-844-1,Kalinga University,Educational Publishers
book-chapter-21-22,118,DR. N K DHAPEKAR,"Faculty of 
 Engineering","EFFECT OF MICRO SILICA ON STRENGTH OF 
 RECYCLED AGGREGATE CONCRETE USING TENSOR FLOW",,,,National,2021,978-93-6072-844-1,Kalinga University,Educational Publishers
book-chapter-21-22,119,PRIYANSHU CHANDRAKAR,"Faculty of 
 Engineering",EVALUATION OF THE CODAL PROVISION FOR ASYMMETRIC BUILDING,,,,National,2021,978-93-6072-001-8,Kalinga University,Educational Publishers
book-chapter-21-22,120,MRS. KIRTI SAHU TIRPUDE,"Faculty of 
 Engineering",EVALUATION OF THE CODAL PROVISION FOR ASYMMETRIC BUILDING,,,,National,2021,978-93-6072-001-8,Kalinga University,Educational Publishers
book-chapter-21-22,121,RAKHI SAHU,"Faculty of 
 Engineering","PREDICTION OF COMPRESSIVE STRENGTH OF 
 RECYCLED AGGREGATE CONCRETE USING NEURAL NETWORK",,,,National,2021,978-93-6072-711-6,Kalinga University,Educational Publishers
book-chapter-21-22,122,DR. N K DHAPEKAR,"Faculty of 
 Engineering","PREDICTION OF COMPRESSIVE STRENGTH OF 
 RECYCLED AGGREGATE CONCRETE USING NEURAL NETWORK",,,,National,2021,978-93-6072-711-6,Kalinga University,Educational Publishers
book-chapter-21-22,123,MR. SHUBHAM TIWARI,"Faculty of 
 Engineering","DESIGN OF PRECAST STRUCTURE USING ETABS 
 SOFTWARE",,,,National,2021,978-93-6072-721-5,Kalinga University,Educational Publishers
book-chapter-21-22,124,MR. MANAS RATHORE,"Faculty of 
 Engineering","DESIGN OF PRECAST STRUCTURE USING ETABS 
 SOFTWARE",,,,National,2021,978-93-6072-721-5,Kalinga University,Educational Publishers
book-chapter-21-22,125,MR. SHUBHANKAR MISHRA,"Faculty of 
 Engineering","DESIGN & ANALYSIS OF HOSTEL BUILDING USING 
 ETABS SOFTWARE",,,,National,2021,978-93-6072-980-6,Kalinga University,Educational Publishers
book-chapter-21-22,126,MR. MANAS RATHORE,"Faculty of 
 Engineering","DESIGN & ANALYSIS OF HOSTEL BUILDING USING 
 ETABS SOFTWARE",,,,National,2021,978-93-6072-980-6,Kalinga University,Educational Publishers
book-chapter-21-22,127,MS. VARNITA MAHANT,"Faculty of 
 Engineering",EXPERIMENTAL STUDY ON DOLOMITE BRICKS WITH POSITIVE PERMANENT LINEAR CHANGE,,,,National,2021,978-93-6072-943-1,Kalinga University,Educational Publishers
book-chapter-21-22,128,MS. SWATI AGRAWAL,"Faculty of 
 Engineering",EXPERIMENTAL STUDY ON DOLOMITE BRICKS WITH POSITIVE PERMANENT LINEAR CHANGE,,,,National,2021,978-93-6072-943-1,Kalinga University,Educational Publishers
book-chapter-21-22,129,ABHISHEK SINGH,"Faculty of 
 Engineering",TO STUDY OF DUAL AXIS SOLAR TRACKER,,,,National,2021,978-93-6072-661-4,Kalinga University,Educational Publishers
book-chapter-21-22,130,MR. GAURAV TAMREKAR,"Faculty of 
 Engineering",TO STUDY OF DUAL AXIS SOLAR TRACKER,,,,National,2021,978-93-6072-661-4,Kalinga University,Educational Publishers
book-chapter-21-22,131,DIPAK DHAKAL,"Faculty of 
 Engineering","HYDROLOGY AND SEDIMENT 
 ON
 HYDROPOWER PLANT",,,,National,2021,978-93-6072-674-4,Kalinga University,Educational Publishers
book-chapter-21-22,132,AJAY GURUNG,"Faculty of 
 Engineering","HYDROLOGY AND SEDIMENT 
 ON
 HYDROPOWER PLANT",,,,National,2021,978-93-6072-674-4,Kalinga University,Educational Publishers
book-chapter-21-22,133,ANKUR DWIVEDI,"Faculty of 
 Engineering",AUTOMOBILE BRAKING SYSTEM,,,,National,2021,978-93-6072-288-3,Kalinga University,Educational Publishers
book-chapter-21-22,134,MR. GAURAV TAMREKAR,"Faculty of 
 Engineering",AUTOMOBILE BRAKING SYSTEM,,,,National,2021,978-93-6072-288-3,Kalinga University,Educational Publishers
book-chapter-21-22,135,"MR. SHAILESH SINGH 
 THAKUR","Faculty of 
 Engineering",DARRIEUS TYPE OF VERTICAL AXIS WIND TURBINE,,,,National,2021,978-93-6072-744-4,Kalinga University,Educational Publishers
book-chapter-21-22,136,KUNAL DEWANGAN,"Faculty of 
 Engineering","HEAT TRANSFER ANALYSIS OF FIN USING FINITE 
 ELEMENT METHOD",,,,National,2021,978-93-6072-841-0,Kalinga University,Educational Publishers
book-chapter-21-22,137,DR. VINAY CHANDRA JHA,"Faculty of 
 Engineering",MINI CNC WRITING MACHINE – ARDUINO BASED,,,,National,2021,978-93-6072-165-7,Kalinga University,Educational Publishers
book-chapter-21-22,138,DR. VINAY CHANDRA JHA,"Faculty of 
 Engineering",HYDRAULIC JACK OR PRESS,,,,National,2021,978-93-6072-200-5,Kalinga University,Educational Publishers
book-chapter-21-22,139,MR. PRIYANSHU KUMAR,"Faculty of 
 Engineering",STUDY OF GEARLESS TRANSMISSION,,,,National,2021,978-93-6072-313-2,Kalinga University,Educational Publishers
book-chapter-21-22,140,MR. SWAPNIL SHUKLA,"Faculty of 
 Engineering",SOLAR POWERED AIR PURIFIER,,,,National,2021,978-93-6072-780-2,Kalinga University,Educational Publishers
book-chapter-21-22,141,MR. GAURAV TAMRAKAR,"Faculty of 
 Engineering",TESTING ON BAMBOO FIBERS FOR STRENGTH ANALYSIS IN COMPOSITE MATERIAL,,,,National,2021,978-93-6072-172-5,Kalinga University,Educational Publishers
book-chapter-21-22,142,DR. MANOJ KUMAR GHOSH,Faculty of science,A REVIEW ON TREATMENT OF WASTE WATER THROUGH USING PHOTOCATALYST,,,,National,2021,978-93-6072-239-5,Kalinga University,Educational Publishers
book-chapter-21-22,143,MRS. SARVAREE BANO,Faculty of science,"A REVIEW ON GREEN SYNTHESIS OF COPPER 
 NANOPARTICLE, CHARACTERIZATION AND THEIR APPLICATIONS",,,,National,2021,978-93-6072-484-9,Kalinga University,Educational Publishers
book-chapter-21-22,144,DR. MANOJ KUMAR GHOSH,Faculty of science,A REVIEW ON RECENT DEVELOPMENT AND APPLICATION OF HETEROGENEOUS PHOTOCATALYST,,,,National,2021,978-93-6072-349-1,Kalinga University,Educational Publishers
book-chapter-21-22,145,DR. MANOJ KUMAR GHOSH,Faculty of science,"AN OVERVIEW OF WASTEWATER TREATMENT IN 
 CHHATTISGARH",,,,National,2021,978-93-6072-903-5,Kalinga University,Educational Publishers
book-chapter-21-22,146,DR. SANYOGITA SHAHI,Faculty of science,"A REVIEW ON MEDICINAL COMPONENTS PRESENTS 
 IN ""GINGER'",,,,National,2021,978-93-6072-030-8,Kalinga University,Educational Publishers
book-chapter-21-22,147,DR. SHILPI SHRIVASTAVA,Faculty of science,"CHEMICAL TREATMENT (COAGULATION) OF WASTE 
 WATER",,,,National,2021,978-93-6072-930-1,Kalinga University,Educational Publishers
book-chapter-21-22,148,MS. PRIYANKA GUPTA,Faculty of science,"A REVIEW ON OCCURRENCE OF PESTICIDE IN SOIL DISTRICT BALODA BAZAR, CHHATTISGARH",,,,National,2021,978-93-6072-291-3,Kalinga University,Educational Publishers
book-chapter-21-22,149,DR. SHILPI SHRIVASTAVA,Faculty of science,"ESTIMATION OF CHEMICAL PESTICIDES PRESENT IN 
 FRUITS AND VEGETABLES",,,,National,2021,978-93-6072-452-8,Kalinga University,Educational Publishers
book-chapter-21-22,150,DR. SHILPI SHRIVASTAVA,Faculty of science,"A REVIEW ON HERBAL PLANTS AND THEIR MEDICAL USES DISTRICT RAIPUR, CHHATTISGARH",,,,National,2021,978-93-6072-847-2,Kalinga University,Educational Publishers
book-chapter-21-22,151,DR. SHILPI SHRIVASTAVA,Faculty of science,"ESTIMATION OF CHEMICAL PESTICIDE IN FRUITS AND 
 VEGETABLES",,,,National,2021,978-93-6072-543-3,Kalinga University,Educational Publishers
book-chapter-21-22,152,DR. SANYOGITA SHAHI,Faculty of science,A REVIEW ON TECOMA STANS: SANATIVE APPLICATIONS AND PROPERTIES,,,,National,2021,978-93-6072-046-9,Kalinga University,Educational Publishers
book-chapter-21-22,153,DR. PRATIK JAGTAP,Faculty of science,"SYNTHESIS, CHARACTERISING AND IMPORTANCE OF 
 NANOPARTICLES",,,,National,2021,978-93-6072-415-3,Kalinga University,Educational Publishers
book-chapter-21-22,154,MS. PRIYANKA GUPTA,Faculty of science,"A REVIEW ON ANALYTICAL STUDY OF PESTICIDE IN 
 ENVIRONMENTAL SAMPLE SOIL OF DISTRICT BARGARH, ODISHA",,,,National,2021,978-93-6072-238-8,Kalinga University,Educational Publishers
book-chapter-21-22,155,DR. SANYOGITA SHAHI,Faculty of science,REVIEW ON SYNTHETIC PROCEDURE & FUTURE EXPACTS OF BROMO DAPAGLIFOZIN,,,,National,2021,978-93-6072-395-8,Kalinga University,Educational Publishers
book-chapter-21-22,156,DR. SANYOGITA SHAHI,Faculty of science,A REVIEW ON PHYTOMEDICINES AND HERBAL EDIBLES IN THE TREATMENT OF CANCER,,,,National,2021,978-93-6072-632-4,Kalinga University,Educational Publishers
book-chapter-21-22,157,DR. MANOJ KUMAR GHOSH,Faculty of science,A REVIEW OF ANALYSIS OF SOIL AND WATER AROUND RAIPUR CITY,,,,National,2021,978-93-6072-803-8,Kalinga University,Educational Publishers
book-chapter-21-22,158,DR. SANYOGITA SHAHI,Faculty of science,"A REVIEW ON PLANTS WITH POTENTIAL ANTI 
 DIABETIC ACTIVITY",,,,National,2021,978-93-6072-392-7,Kalinga University,Educational Publishers
book-chapter-21-22,159,MRS. SARVAREE BANO,Faculty of science,"A REVIEW ON GREEN SYNTHESIS OF NICKEL AND 
 NICKEL OXIDE NANOPARTICLES, CHARACTERIZATION AND THEIR APPLICATIONS",,,,National,2021,978-93-6072-684-3,Kalinga University,Educational Publishers
book-chapter-21-22,160,MS. PRIYANKA GUPTA,Faculty of science,"THEIR DEGRADATION PRODUCTS IN SOIL IN DISTRICT 
 DHAMTARI, CHHATTISGARH",,,,National,2021,978-93-6072-752-9,Kalinga University,Educational Publishers
book-chapter-21-22,161,DR. PRATIK JAGTAP,Faculty of science,NANOPARTICLES IN MEDICINE: THERAPEUTIC APPLICATION AND DEVELOPMENT,,,,National,2021,978-93-6072-772-7,Kalinga University,Educational Publishers
book-chapter-21-22,162,DR. BHUMIKA CHANDRAKAR,Faculty of pharmacy,NOVEL APPROACHES IN INSULIN ADMINISTRATION,,,,National,2021,978-93-6072-316-3,Kalinga University,Educational Publishers
book-chapter-21-22,163,DR. ARUN KUMAR DIWAKAR,Faculty of science,"VERSATILE AND EFFICIENT MONITORING SYSTEM 
 FOR SENSING AND DISPLAYING THE 
 ENVIRONMENTAL PARAMETERS AND OTHER 
 INFORMATION USING MICROCONTROLLER BASED""",,,,National,2021,978-93-6072-588-4,Kalinga University,Educational Publishers
book-chapter-21-22,164,MR. ALOKE VERMA,Faculty of science,INSTITUTE INFORMATION SYSTEM BASED ON MICROCONTROLLERS AREA NETWORK.,,,,National,2021,978-93-6072-667-6,Kalinga University,Educational Publishers
book-chapter-21-22,165,DR. ARUN KUMAR DIWAKAR,Faculty of science,"AN ADVANCED SOLUTION FOR AUTOMATION OF 
 DISTRIBUTION OF DRINKING WATER SUPPLY OF A TOWN OR CITY.",,,,National,2021,978-93-6072-109-1,Kalinga University,Educational Publishers
book-chapter-21-22,166,"MR, ALOKE VERMA",Faculty of science,LUMINESCENCE PROPERTIES OF ZN2SI04:MN2+ NANOPHOSPHORS BY FSP.,,,,National,2021,978-93-6072-872-4,Kalinga University,Educational Publishers
book-chapter-21-22,167,MR. ALOKE VERMA,Faculty of science,"LUMINESCENCE PROPERTIES OF Y203:CE3+ NANO 
 PHOSPHOR PARTICLES PREPARED FROM
 UREA ADDED LIQUID PRECURSOR BY FSP.",,,,National,2021,978-93-6072-904-2,Kalinga University,Educational Publishers
book-chapter-21-22,168,MR. ALOKE VERMA,Faculty of science,LUMINESCENCE PROPERTIES OF Y203:EU3+ NANO PHOSPHOR PARTICLES PREPARED FROM UREA ADDED PRECURSOR USING FSP.,,,,National,2021,978-93-6072-358-3,Kalinga University,Educational Publishers
book-chapter-21-22,169,DR. ARUN KUMAR DIWAKAR,Faculty of science,"SYNTHESIS AND CHARACTERIZATION OF ENHANCED 
 LUMINESCENCE PROPERTIES OF CUBIC Y203:EU3+ 
 NANOPHOSPHORS BY FLAME SPRAY PYROLYSIS (FLP).",,,,National,2021,978-93-6072-648-5,Kalinga University,Educational Publishers
book-chapter-21-22,170,DR. PRATIKSHA CHILMWAR,"Faculty of 
 commerce & management","A STUDY ON FUNDAMENTAL ANALYSIS OF IT, PHARMACEUTICALS AND CEMENT SECTOR.",,,,National,2021,978-93-6072-123-7,Kalinga University,Educational Publishers
book-chapter-21-22,171,MS. MARIYAM AHMED,"Faculty of 
 commerce & management",STUDY ON PLANT MANAGEMENT IN ROYAL TRADING CO.,,,,National,2021,978-93-6072-951-6,Kalinga University,Educational Publishers
book-chapter-20-21,1,Dr. R.shridhar,"Faculty of Commerce & 
 Management","To Analyze the Factors Influencing the Customer 
 Satisfaction with Special Reference To the Services 
 Provided by Hotels in Chhattisgarh State",,,,National,2020,878-81-950307-5-0,Kalinga University,Excellent Books Educational Publishers
book-chapter-20-21,2,Radhika,"Faculty of Commerce & 
 Management","To Analyze the Factors Influencing the Customer 
 Satisfaction with Special Reference To the Services 
 Provided by Hotels in Chhattisgarh State",,,,National,2020,878-81-950307-5-0,Kalinga University,Excellent Books Educational Publishers
book-chapter-20-21,3,Dr. Varaprasad kolla,Faculty of Science,"A Comparative Study on Microbial Properties of 
 Engineered Metal Nano Antibiotics Against Clinically Important Strains",,,,National,2020,978-81-950307-2-9,Kalinga University,Excellent Books Educational Publishers
book-chapter-20-21,4,Dr. R.shridhar,"Faculty of Commerce & 
 Management","Entrepreneurial Effectiveness in Rural Society : A Study of 
 Motivational Departments of Successful & Unsuccessful 
 Entrepreneurs of Sarguja Division of Chhattisgarh State",,,,National,2020,978-81-947367-07,Kalinga University,Excellent Books Educational Publishers
book-chapter-20-21,5,Abhinav mishra,"Faculty of Commerce & 
 Management","Entrepreneurial Effectiveness in Rural Society : A Study of 
 Motivational Departments of Successful & Unsuccessful 
 Entrepreneurs of Sarguja Division of Chhattisgarh State",,,,National,2020,978-81-947367-07,Kalinga University,Excellent Books Educational Publishers
book-chapter-20-21,8,Dr. Asha ambhaikar,Faculty of Cs & IT,A Study on Mobile Internet Protocol,,,,National,2020,978-81-949201-8-2,Kalinga University,Excellent Books Educational Publishers
book-chapter-20-21,10,Dr. Asha ambhaikar,Faculty of Cs & IT,"Study on the Impact of Data Quality on Customer 
 Relationship Management System",,,,National,2020,978-81-949201-4-4,Kalinga University,Excellent Books Educational Publishers
book-chapter-20-21,12,Dr. Asha ambhaikar,Faculty of Cs & IT,"Design And Development of Manet Routing Protocol for 
 Improving Scalability",,,,National,2020,878-81-950307-6-7,Kalinga University,Excellent Books Educational Publishers
book-chapter-20-21,14,Dr. Byju john,"Faculty of Commerce & 
 Management","Behavioral Management Department of Customers in 
 Organized Retail New Delhi",,,,National,2020,978-81-950438-5-9,Kalinga University,Excellent Books Educational Publishers
book-chapter-20-21,16,Dr. Varaprasad kolla,Faculty of Science,"Identification of Screening Biomarkers for Chromosomal 
 Anomalies and Pregnancy-Related Disorder using 
 Quantitative Plasma Proteomics",,,,National,2020,878-81-950307-3-6,Kalinga University,Excellent Books Educational Publishers
book-chapter-20-21,18,Dr. Varaprasad kolla,Faculty of Science,Formulation of Probiotic Chocolate Syrup,,,,National,2020,878-81-950307-1-2,Kalinga University,Excellent Books Educational Publishers
book-chapter-20-21,21,Dr. R. Sridhar,"Faculty of Commerce & 
 Management",To the Service Provided by Hostels in Chhattisgarh State,,,,National,2020,878-81-950307-5-0,Kalinga University,Excellent Books Educational Publishers
book-chapter-20-21,22,Ms. Radhika,"Faculty of Commerce & 
 Management",To the Service Provided by Hostels in Chhattisgarh State,,,,National,2020,878-81-950307-5-0,Kalinga University,Excellent Books Educational Publishers
book-chapter-20-21,23,Dr. Harsha patil,Faculty of Education,"Job Stress And Coping Skills: An Analytical Study with 
 Special Reference to Personality of D.Ed. Teacher",,,,National,2020,878-81-950307-7-4,Kalinga University,Excellent Books Educational Publishers
book-chapter-20-21,25,Dr. Harsha patil,Faculty of Education,"Uchch awm Niman Uplabdhi wale Balak-Balikao Ki 
 Shaishik Abhiruchi awam Samayojan Kshamta Ka 
 Tulnatamak Adhyayan",,,,National,2020,978-81-949201-5-1,Kalinga University,Excellent Books Educational Publishers
book-chapter-20-21,27,Srikant singh,Faculty of Cs & IT,"The Design And Performance Evaluation of A Proactive 
 Multipath Routing Protocol For Mobile AD-Hoc Network",,,,National,2020,978-81-947367-1-7,Kalinga University,Excellent Books Educational Publishers
book-chapter-20-21,28,Abhijeet mmadhukar haval,Faculty of Cs & IT,"The Design And Performance Evaluation of A Proactive 
 Multipath Routing Protocol For Mobile AD-Hoc Network",,,,National,2020,978-81-947367-1-7,Kalinga University,Excellent Books Educational Publishers
book-chapter-20-21,31,Nishikant dhapekar,Faculty of Engineering,"Study An Analysis of Perpetual Pavement Design in Civil 
 Engineering Constructions",,,,National,2020,978-81-949201-1-3,Kalinga University,Excellent Books Educational Publishers
book-chapter-20-21,32,Vivek shete,Faculty of Engineering,"Study An Analysis of Perpetual Pavement Design in Civil 
 Engineering Constructions",,,,National,2020,978-81-949201-1-3,Kalinga University,Excellent Books Educational Publishers
book-chapter-20-21,33,Nishikant dhapeka,Faculty of Engineering,"Study An Analysis of Perpetual Pavement Design in Civil 
 Engineering Constructions",,,,National,2020,978-81-949201-1-3,Kalinga University,Excellent Books Educational Publishers
book-chapter-20-21,35,Dr. Sunil kumar,Faculty of Engineering,Fabrication And Characterization of Optical Waveguides for Integrated Optics,,,,National,2020,978-81-949987-2-3,Kalinga University,Excellent Books Educational Publishers
book-chapter-20-21,37,Dr. Sunil kumar,Faculty of Engineering,"Optimization of Optical Parameters of Antireflection 
 Coating for Solar Cells",,,,National,2020,978-81-949987-3-0,Kalinga University,Excellent Books Educational Publishers
book-chapter-20-21,39,Dr. Ramswaroop saini,Faculty of Pharmacy,"Isolation And Identification of Plant Growth Promoting 
 Microbes Characterization of their Biofilm Production Potential",,,,National,2020,978-81-950438-2-8,Kalinga University,Excellent Books Educational Publishers
book-chapter-20-21,41,Namita sahoo,Faculty of Education,Status of Inclusive Education in Bed Curriculum with Respect to Methodology and Pedagogy: An Exploratory study in Jind District of Haryana,,,,National,2020,978-81-950438-0-4,Kalinga University,Excellent Books Educational Publishers
book-chapter-20-21,43,Manoj singh,Faculty of Science,"A Physiological And Molecular Study of Gnotobiotic 
 Animals For Human Life in Today Environment",,,,National,2020,978-81-950670-3-9,Kalinga University,Excellent Books Educational Publishers
book-chapter-20-21,44,Sanjeev kumar,Faculty of Science,"A Physiological And Molecular Study of Gnotobiotic 
 Animals For Human Life in Today Environment",,,,National,2020,978-81-950670-3-9,Kalinga University,Excellent Books Educational Publishers
book-chapter-20-21,47,Dr. Devender kumar,Faculty of Education,"A Study on Public Private Partnership (PPP) in 
 Education:Issues And Challenges",,,,National,2020,978-81-950438-7-3,Kalinga University,Excellent Books Educational Publishers
book-chapter-20-21,49,Gvv jaganatha rao,Faculty of Science,Fixed Point Theory,,,,National,2020,878-81-950307-0-5,Kalinga University,Excellent Books Educational Publishers
book-chapter-20-21,51,Dr. Shilpi shrivastava,Faculty of Science,"Study of Anatihyperglycemic Activity of Terpenoids From 
 Fresh Water Algae",,,,National,2020,978-81-949987-9-2,Kalinga University,Excellent Books Educational Publishers
book-chapter-20-21,53,Dr.hindole ghosh,Faculty of Science,"Toxicity Effect of Metal Contamination in vegetable Plants 
 Grown in Vicinity of Polluted Waters of River Yamuna in 
 Delhi (Spectroscopic & Electrochemical Identification and Estimation)",,,,National,2020,978-81-950438-4-2,Kalinga University,Excellent Books Educational Publishers
book-chapter-20-21,55,Subhashish biswas,Faculty of Science,"Thermoelastic Conditions of Thin Plate under The 
 Condition of Direct And Steady State",,,,National,2020,978-81-950438-3-5,Kalinga University,Excellent Books Educational Publishers
book-chapter-20-21,56,Ms. Preeti,Faculty of Science,"Thermoelastic Conditions of Thin Plate under The 
 Condition of Direct And Steady State",,,,National,2020,978-81-950438-3-5,Kalinga University,Excellent Books Educational Publishers
book-chapter-20-21,59,Dr. Subhashish biswas,Faculty of Science,Study of Queues with Special Reference to Waiting Time,,,,National,2020,878-81-950307-4-3,Kalinga University,Excellent Books Educational Publishers
book-chapter-20-21,61,Awtar kishan kaul,"Faculty of Arts & 
 Humanities","Preference & Impact of Female Domestic Workers in 
 Urban Homes A Study of Delhi-NCR",,,,National,2020,978-81-949987-8-5,Kalinga University,Excellent Books Educational Publishers
book-chapter-20-21,62,Shruti shukla,"Faculty of Arts & 
 Humanities","Preference & Impact of Female Domestic Workers in 
 Urban Homes A Study of Delhi-NCR",,,,National,2020,978-81-949987-8-5,Kalinga University,Excellent Books Educational Publishers
book-chapter-20-21,65,A naga ramani,"Faculty of Commerce & 
 Management","Human Resource Practices for Talent Management in IT 
 Industry in Delhi And NCR",,,,National,2020,978-81-950438-1-1-,Kalinga University,Excellent Books Educational Publishers
book-chapter-20-21,66,nibha rana,"Faculty of Commerce & 
 Management","Human Resource Practices for Talent Management in IT 
 Industry in Delhi And NCR",,,,National,2020,978-81-950438-1-1-,Kalinga University,Excellent Books Educational Publishers
book-chapter-20-21,67,Akshita sharma,"Faculty of Commerce & 
 Management","A Comparative Study on Application of Business 
 Intelligence in Corporate Sector-India And Global",,,,National,2020,978-81-949201-2-0,Kalinga University,Excellent Books Educational Publishers
book-chapter-20-21,68,Patel sunil,"Faculty of Commerce & 
 Management","A Comparative Study on Application of Business 
 Intelligence in Corporate Sector-India And Global",,,,National,2020,978-81-949201-2-0,Kalinga University,Excellent Books Educational Publishers
book-chapter-20-21,71,M. Deshmukh shailesh,Faculty of Engineering,"Production of Non-Centralized, Energy Efficient Wireless 
 Network without Infrastructure",,,,National,2020,978-81-950670-0-8,Kalinga University,Excellent Books Educational Publishers
book-chapter-20-21,72,Vijay sachin,Faculty of Engineering,"Production of Non-Centralized, Energy Efficient Wireless 
 Network without Infrastructure",,,,National,2020,978-81-950670-0-8,Kalinga University,Excellent Books Educational Publishers
book-chapter-20-21,75,Shailesh singh thakur,Faculty of Engineering,"Mechanical Design of Human Robots in Sustaining Its 
 Human Natural Movements",,,,National,2020,978-81-950438-6-6,Kalinga University,Excellent Books Educational Publishers
book-chapter-20-21,76,Manish saxena,Faculty of Engineering,"Mechanical Design of Human Robots in Sustaining Its 
 Human Natural Movements",,,,National,2020,978-81-950438-6-6,Kalinga University,Excellent Books Educational Publishers
book-chapter-20-21,77,Dr. Sushma dubey,Faculty of Science,"Isolation of An Alkalophilic Xylanase Production Bacteria: Production, Characterization and Application of Xylanase for Biobleaching of Wheat Straw Rich Soda Pulp",,,,National,2020,978-81-950438-9-7,Kalinga University,Excellent Books Educational Publishers
book-chapter-20-21,78,Honey gaur,Faculty of Engineering,"Highway Construction Management using Efficient 
 Perpetual Pavement Design",,,,National,2020,978-81-947367-8-3,Kalinga University,Excellent Books Educational Publishers
book-chapter-20-21,79,Shiral r.n.,Faculty of Engineering,"Highway Construction Management using Efficient 
 Perpetual Pavement Design",,,,National,2020,978-81-947367-8-3,Kalinga University,Excellent Books Educational Publishers
book-chapter-20-21,80,Ruchi gupta,"Faculty of Commerce & 
 Management","HRD Practices obtaining in LIC of India : with Special 
 Reference to Bangalore City",,,,National,2020,978-81-947367-9-0,Kalinga University,Excellent Books Educational Publishers
book-chapter-20-21,81,Parvathamma s.,"Faculty of Commerce & 
 Management","HRD Practices obtaining in LIC of India : with Special 
 Reference to Bangalore City",,,,National,2020,978-81-947367-9-0,Kalinga University,Excellent Books Educational Publishers
book-chapter-20-21,82,Dr. Ali akbar babalal bagwan,Faculty of Cs & IT,"Data Mining And Data Warehousing : Application 
 Measures of Multidimensional Moving Data Objects 
 Through Trajectory Data Warehouse",,,,National,2020,978-81-949987-7-8,Kalinga University,Excellent Books Educational Publishers
book-chapter-20-21,83,Halgare nanasaheb mahadev,Faculty of Cs & IT,"Data Mining And Data Warehousing : Application 
 Measures of Multidimensional Moving Data Objects 
 Through Trajectory Data Warehouse",,,,National,2020,978-81-949987-7-8,Kalinga University,Excellent Books Educational Publishers
book-chapter-20-21,84,Dr.guddi singh,Faculty of Cs & IT,"A Study on Internet uses As A Turning point in Primary 
 Education with Reference to Creativity, Aptitude and Mental Ability",,,,National,2020,978-81-950438-8-0,Kalinga University,Excellent Books Educational Publishers
book-chapter-20-21,85,mr. Sushil kumar,Faculty of Cs & IT,"A Study on Internet uses As A Turning point in Primary 
 Education with Reference to Creativity, Aptitude and Mental Ability",,,,National,2020,978-81-950438-8-0,Kalinga University,Excellent Books Educational Publishers
book-chapter-20-21,86,Guddi singh,Faculty of Cs & IT,Secured Cloud Computing Environment : Data Security and Protection Techniques,,,,National,2020,978-81-950438-8-0,Kalinga University,Excellent Books Educational Publishers
book-chapter-20-21,87,Dr.guddi singh,Faculty of Cs & IT,"Comparative study of Supervised Learning Technique in 
 Context of Soybeans Data",,,,National,2020,878-81-950307-8-1,Kalinga University,Excellent Books Educational Publishers
book-chapter-20-21,89,Dr. Paritosh dube,"Faculty of Commerce & 
 Management","A Study on Financial Implications of Project on Urban 
 Local Bodies Funded by Asian Development Bank in Karnataka",,,,National,2020,978-81-947367-2-1,Kalinga University,Excellent Books Educational Publishers
book-chapter-20-21,90,Nagesh y.g.,"Faculty of Commerce & 
 Management","A Study on Financial Implications of Project on Urban 
 Local Bodies Funded by Asian Development Bank in Karnataka",,,,National,2020,978-81-947367-2-1,Kalinga University,Excellent Books Educational Publishers
book-chapter-20-21,91,Dr. Paritosh dube,"Faculty of Commerce & 
 Management","Globalization and Sustainable Development for Integrated 
 Green Economy: A Study of Greater Noida, Delhi, NCR",,,,National,2020,978-81-949987-5-4,Kalinga University,Excellent Books Educational Publishers
book-chapter-20-21,92,Amit sharma,"Faculty of Commerce & 
 Management","Globalization and Sustainable Development for Integrated 
 Green Economy: A Study of Greater Noida, Delhi, NCR",,,,National,2020,978-81-949987-5-4,Kalinga University,Excellent Books Educational Publishers
book-chapter-20-21,93,Ranjeeta singh,Faculty of Education,"A Study of work stress and Job Satisfaction of High School 
 Teachers of East Singh Bhum District of Jharkhand",,,,National,2020,978-81-949201-9-9,Kalinga University,Excellent Books Educational Publishers
book-chapter-20-21,94,Monika gondal,Faculty of Education,"A Study of work stress and Job Satisfaction of High School 
 Teachers of East Singh Bhum District of Jharkhand",,,,National,2020,978-81-949201-9-9,Kalinga University,Excellent Books Educational Publishers
book-chapter-20-21,95,Rahul chawda,Faculty of Cs & IT,"Consumer Trends And Behavior Mapping with Data 
 Mining for Organized Retail in Kolhapur District",,,,National,2020,978-81-949201-6-8,Kalinga University,Excellent Books Educational Publishers
book-chapter-20-21,96,Shinde chandrashekhar shankar,Faculty of Cs & IT,"Consumer Trends And Behavior Mapping with Data 
 Mining for Organized Retail in Kolhapur District",,,,National,2020,978-81-949201-6-8,Kalinga University,Excellent Books Educational Publishers
book-chapter-20-21,97,Dr. Anita samal,"Faculty of Arts & 
 Humanities","Bharat Afgan Antrashtriy sambandho ka Afganistan ke 
 Vikas me Yogdan",,,,National,2020,978-81-949201-0-6,Kalinga University,Excellent Books Educational Publishers
book-chapter-20-21,98,Ashvani choudhary,"Faculty of Arts & 
 Humanities","Bharat Afgan Antrashtriy sambandho ka Afganistan ke 
 Vikas me Yogdan",,,,National,2020,978-81-949201-0-6,Kalinga University,Excellent Books Educational Publishers
book-chapter-20-21,99,Vinay chandra jha,Faculty of Engineering,"Role of Femtosecond Laser Techniques in Solids for 
 Ultra Fast Electronic And Structural Dynamics",,,,National,2020,978-81-950670-1-5,Kalinga University,Excellent Books Educational Publishers
book-chapter-20-21,100,Rajeev ranjan,Faculty of Engineering,"Role of Femtosecond Laser Techniques in Solids for 
 Ultra Fast Electronic And Structural Dynamics",,,,National,2020,978-81-950670-1-5,Kalinga University,Excellent Books Educational Publishers
book-chapter-20-21,101,Sahu dr. D.m.,"Faculty of Arts & 
 Humanities",Chhattisgarh Me Jain Kala awam Sathapaty : Ak Adhyayan,,,,National,2020,978-81-949987-1-6,Kalinga University,Excellent Books Educational Publishers
book-chapter-20-21,103,Singh dr. Ravinnder pal,Faculty of Science,A Study on Molecular Mechanisms of Genome Dynamics in Human Cancer Cells,,,,National,2020,978-81-949987-6-1,Kalinga University,Excellent Books Educational Publishers
book-chapter-20-21,104,Ghosal dinesh kumar,Faculty of Science,A Study on Molecular Mechanisms of Genome Dynamics in Human Cancer Cells,,,,National,2020,978-81-949987-6-1,Kalinga University,Excellent Books Educational Publishers
book-chapter-20-21,105,Sharma dr. Anima,"Faculty of Arts & 
 Humanities",Delhi Aur Rashtriya Rajdhani Keshtra Me Street Bachcho aur Yuvko ka Samajik Aydhayayan,,,,National,2020,978-81-949201-7-5,Kalinga University,Excellent Books Educational Publishers
book-chapter-20-21,106,Maurya km sadhana,"Faculty of Arts & 
 Humanities",Delhi Aur Rashtriya Rajdhani Keshtra Me Street Bachcho aur Yuvko ka Samajik Aydhayayan,,,,National,2020,978-81-949201-7-5,Kalinga University,Excellent Books Educational Publishers
book-chapter-20-21,107,Rajshekhar dr. A.,"Faculty of Arts & 
 Humanities","Delhi Ke Grameen Ilako Par Aadhunikta Ka Prabhaw 
 Pichhle Teen Dasko Ka Ak Tulnatamak Adhyayan",,,,National,2020,978-81-947217-3-4,Kalinga University,Excellent Books Educational Publishers
book-chapter-20-21,108,Priyanka,"Faculty of Arts & 
 Humanities","Delhi Ke Grameen Ilako Par Aadhunikta Ka Prabhaw 
 Pichhle Teen Dasko Ka Ak Tulnatamak Adhyayan",,,,National,2020,978-81-947217-3-4,Kalinga University,Excellent Books Educational Publishers
book-chapter-20-21,109,Tiwari dr. Deepak,"Faculty of Commerce & 
 Management","Study of Growth of the Indian Economy with Reference to 
 Make in India Project Analysis of Automobile Industry",,,,National,2020,978-81-949987-4-7,Kalinga University,Excellent Books Educational Publishers
book-chapter-20-21,110,Kamal neelofar,"Faculty of Commerce & 
 Management","Study of Growth of the Indian Economy with Reference to 
 Make in India Project Analysis of Automobile Industry",,,,National,2020,978-81-949987-4-7,Kalinga University,Excellent Books Educational Publishers
book-chapter-20-21,111,Rath suvanwes,Faculty of Cs & IT,"Real Time Experiment of Intelligent Bus Monitoring System : An in Depth Analysis using GSM,GPS and RFID based Approach",,,,National,2020,978-81-947367-4-5,Kalinga University,Excellent Books Educational Publishers
book-chapter-20-21,112,Ingle darshan,Faculty of Cs & IT,"Real Time Experiment of Intelligent Bus Monitoring System : An in Depth Analysis using GSM,GPS and RFID based Approach",,,,National,2020,978-81-947367-4-5,Kalinga University,Excellent Books Educational Publishers
book-chapter-20-21,113,Dr. Deepa biswas,Faculty of Science,"Biogeography of Photo Autotrophs At the High Polar 
 Biome",,,,National,2020,978-81-949201-3-7,Kalinga University,Excellent Books Educational Publishers
book-chapter-20-21,114,mr. Sankarsana sahu,Faculty of Science,"Biogeography of Photo Autotrophs At the High Polar 
 Biome",,,,National,2020,978-81-949201-3-7,Kalinga University,Excellent Books Educational Publishers
book-chapter-20-21,115,Dr. Y. Meera bai,Faculty of Science,"A Study on users Attitude Towards The Resources And 
 Services of KUVEMPU University",,,,National,2020,978-81-947367-3-8,Kalinga University,Excellent Books Educational Publishers
book-chapter-20-21,116,k.m. Prakash,Faculty of Science,"A Study on users Attitude Towards The Resources And 
 Services of KUVEMPU University",,,,National,2020,978-81-947367-3-8,Kalinga University,Excellent Books Educational Publishers
book-chapter-20-21,117,Mr. Akshit lamba,Faculty of Engineering,DESIGN OF GREEN BUILDING CONCEPT,,,,National,2020,978-93-6072-065-0,Kalinga University,Educational Publishers
book-chapter-20-21,118,Mr. N k dhapekar,Faculty of Engineering,RAIN WATER HARVESTING,,,,National,2020,978-93-6072-082-7,Kalinga University,Educational Publishers
book-chapter-20-21,119,Mr. Akshit lamba,Faculty of Engineering,EXPERIMENTAL STUDY ON GREEN CONCRETE,,,,National,2020,978-93-6072-141-1,Kalinga University,Educational Publishers
book-chapter-20-21,120,Mr. Piyush das,Faculty of Engineering,"A CASE STUDY ON RECENT PROJECT OF NARWA GARWA 
 GHURWA AND BADI IN DEVELOPMENT OF RURAL AREA OF CHHATTISGARH",,,,National,2020,978-93-6072-189-3,Kalinga University,Educational Publishers
book-chapter-20-21,121,Mr. N k dhapekar,Faculty of Engineering,"DESIGN OF HIGHWAY ROAD PROJECT BY USING MX ROAD AND 
 HEADS SOFTWARE",,,,National,2020,978-93-6072-245-6,Kalinga University,Educational Publishers
book-chapter-20-21,122,Mr. Honey gour,Faculty of Engineering,"EXPERIMENTAL STUDY ON STRENGTH & DURABILITY 
 PROPERTIES OF RECYCLED AGGREGATE CONCRETE",,,,National,2020,978-93-6072-179-4,Kalinga University,Educational Publishers
book-chapter-20-21,123,Amit choudhary,Faculty of Engineering,ANALYSIS OF NARWA RESTORATION PLAN,,,,National,2020,978-93-6072-517-4,Kalinga University,Educational Publishers
book-chapter-20-21,124,Mr. Piyush das,Faculty of Engineering,ANALYSIS OF NARWA RESTORATION PLAN,,,,National,2020,978-93-6072-517-4,Kalinga University,Educational Publishers
book-chapter-20-21,125,Anurag pandey,Faculty of Engineering,DESIGNS OF BUILDING COLUMNS USING RCF SOFTWARE,,,,National,2020,978-93-6072-163-3,Kalinga University,Educational Publishers
book-chapter-20-21,126,Mr. N k dhapekar,Faculty of Engineering,DESIGNS OF BUILDING COLUMNS USING RCF SOFTWARE,,,,National,2020,978-93-6072-163-3,Kalinga University,Educational Publishers
book-chapter-20-21,127,Bhavik patel,Faculty of Engineering,"REDUCTION IN SEISMIC RESPONSE OF STRUCTURE USING FLUID 
 VISCOUS DAMPER OVER STATIC AND DYNAMIC ANALYSIS",,,,National,2020,978-93-6072-495-5,Kalinga University,Educational Publishers
book-chapter-20-21,128,Ms. Swati agrawal,Faculty of Engineering,"REDUCTION IN SEISMIC RESPONSE OF STRUCTURE USING FLUID 
 VISCOUS DAMPER OVER STATIC AND DYNAMIC ANALYSIS",,,,National,2020,978-93-6072-495-5,Kalinga University,Educational Publishers
book-chapter-20-21,129,Chetan sonkar,Faculty of Engineering,"ESTIMATION AND COSTING OF RCC FLOORS, COLUMN AND 
 FOOTINGS USING RCF SOFTWARE",,,,National,2020,978-93-6072-068-1,Kalinga University,Educational Publishers
book-chapter-20-21,130,Mr. N k dhapekar,Faculty of Engineering,"ESTIMATION AND COSTING OF RCC FLOORS, COLUMN AND 
 FOOTINGS USING RCF SOFTWARE",,,,National,2020,978-93-6072-068-1,Kalinga University,Educational Publishers
book-chapter-20-21,131,Gajanand prasad pandey,Faculty of Engineering,"STUDY OF STRENGTH AND ENVIRONMENTAL EFFECTS ON 
 CONCRETE USING FLY ASH AND CERAMIC WASTE AS FINE AGGREGATE",,,,National,2020,978-93-6072-312-5,Kalinga University,Educational Publishers
book-chapter-20-21,132,mr. Honey gour,Faculty of Engineering,"STUDY OF STRENGTH AND ENVIRONMENTAL EFFECTS ON 
 CONCRETE USING FLY ASH AND CERAMIC WASTE AS FINE AGGREGATE",,,,National,2020,978-93-6072-312-5,Kalinga University,Educational Publishers
book-chapter-20-21,133,Mr. Piyush das,Faculty of Engineering,"A PREPARATION OF HIGH PERFORMANCE CONCRETE USING 
 DOLOMITE WASTES OF HIRRI MINES",,,,National,2020,978-93-6072-641-6,Kalinga University,Educational Publishers
book-chapter-20-21,134,Mr. Piyush das,Faculty of Engineering,"A ROLE OF WATER HARVESTING IN 
 RURAL AND URBAN AREA",,,,National,2020,978-93-6072-636-2,Kalinga University,Educational Publishers
book-chapter-20-21,135,Mr. Piyush das,Faculty of Engineering,"A STUDY OF PERMEABLE CONCRETE PAVEMENT IN 
 CONSTRUCTION",,,,National,2020,978-93-6072-511-2,Kalinga University,Educational Publishers
book-chapter-20-21,136,Mr. Akshit lamba,Faculty of Engineering,"ANALYSIS AND DESIGN OF G+3 BUILDING IN DIFFERENT SEISMIC 
 ZONES USING E-TABS",,,,National,2020,978-93-6072-601-0,Kalinga University,Educational Publishers
book-chapter-20-21,137,Mr. Akshit lamba,Faculty of Engineering,STUDY AND EXPERIMENTATION ON A.R. GLASS FIBER OF R.C.C. ROAD,,,,National,2020,978-93-6072-848-9,Kalinga University,Educational Publishers
book-chapter-20-21,138,Mr. N k dhapekar,Faculty of Engineering,"DESIGN AND ANALYSIS OF ISOLATED FOOTINGS USING RCF 
 SOFTWARE",,,,National,2020,978-93-6072-776-5,Kalinga University,Educational Publishers
book-chapter-20-21,139,Mr. Piyush das,Faculty of Engineering,"A STUDY ON GROUND IMPROVEMENT TECHNIQUE IN 
 DIFFERENT CONSTRUCTION WORK",,,,National,2020,978-93-6072-905-9,Kalinga University,Educational Publishers
book-chapter-20-21,140,Ms. Srishti verma,Faculty of Engineering,"EFFECTIVE AND INTERDISCIPLINARY PROSPECTIVE OF 
 IMPLEMENTING THE “BRTS TRANSIT NETWORK” IN SMART CITY RAIPUR",,,,National,2020,978-93-6072-485-6,Kalinga University,Educational Publishers
book-chapter-20-21,141,Mr. Akshit lamba,Faculty of Engineering,"EFFECTIVE AND INTERDISCIPLINARY PROSPECTIVE OF 
 IMPLEMENTING THE “BRTS TRANSIT NETWORK” IN SMART CITY RAIPUR",,,,National,2020,978-93-6072-485-6,Kalinga University,Educational Publishers
book-chapter-20-21,142,Ms. Swati agrawal,Faculty of Engineering,GREEN BUILDING SOLUTION AND SUSTAINABLE DESIGN,,,,National,2020,978-93-6072-731-4,Kalinga University,Educational Publishers
book-chapter-20-21,143,Mr. Akshit lamba,Faculty of Engineering,"DESIGN AND ANALYSIS OF MULTI STOREY PARKING (G+4) USING 
 STAAD-PRO SOFTWARE",,,,National,2020,978-93-6072-007-0,Kalinga University,Educational Publishers
book-chapter-20-21,144,Dr. Sameer verma,Faculty of Engineering,DESIGN AND FABRICATION OF CHASSIS FOR RACE BUGGY FROM AISE1130,,,,National,2020,978-93-6072-474-0,Kalinga University,Educational Publishers
book-chapter-20-21,145,Mr. Anil pantha,Faculty of Engineering,INSPECTION AND SETTING OF IC ENGINE 250C FOR RACE BUGGY,,,,National,2020,978-93-6072-105-3,Kalinga University,Educational Publishers
book-chapter-20-21,146,Mr. Adhip dawadi,Faculty of Engineering,INSPECTION AND SETTING OF IC ENGINE 250C FOR RACE BUGGY,,,,National,2020,978-93-6072-105-3,Kalinga University,Educational Publishers
book-chapter-20-21,147,Mr. Udit kumar jaiswal,Faculty of Engineering,INSPECTION AND SETTING OF IC ENGINE 250C FOR RACE BUGGY,,,,National,2020,978-93-6072-105-3,Kalinga University,Educational Publishers
book-chapter-20-21,148,Mr. Lokesh sahu,Faculty of Engineering,INSPECTION AND SETTING OF IC ENGINE 250C FOR RACE BUGGY,,,,National,2020,978-93-6072-105-3,Kalinga University,Educational Publishers
book-chapter-20-21,149,Mr. Akhilesh gaidhane,Faculty of Engineering,INSPECTION AND SETTING OF IC ENGINE 250C FOR RACE BUGGY,,,,National,2020,978-93-6072-105-3,Kalinga University,Educational Publishers
book-chapter-20-21,150,Mr. Swapnil shukla,Faculty of Engineering,CROSS BAR SUSPENSION SYSTEM FOR RACE BUGGY,,,,National,2020,978-93-6072-571-6,Kalinga University,Educational Publishers
book-chapter-20-21,151,Mr. Ajeet b. Singh,Faculty of Engineering,DESIGN AND FABRICATION OF GYROSCOPIC SELF BALANCING DESIGN,,,,National,2020,978-93-6072-447-4,Kalinga University,Educational Publishers
book-chapter-20-21,152,Mr. Gaurav tamrekar,Faculty of Engineering,"OPTIMIZATION OF HORIZONTAL AXIS DRILLING MACHINE AND 
 ANALYSIS OF VARIOUS PARAMETER THAT AFFECT THE DRILLING PERFORMANCE",,,,National,2020,978-93-6072-916-5,Kalinga University,Educational Publishers
book-chapter-20-21,153,Mr. Sameer verma,Faculty of Engineering,"THE THEORETICAL ANALYSIS AND OPTIMIZATION OF STEAM 
 CONDENSATE USING HOT AND WET CONDENSER APPARATUS",,,,National,2020,978-93-6072-095-7,Kalinga University,Educational Publishers
book-chapter-20-21,154,Mr. Swapnil shukla,Faculty of Engineering,"RECENT TRENDS IN ENGINEERING APPLICATIONS OF NON - 
 DESTRUCTIVE TESTING",,,,National,2020,978-93-6072-204-3,Kalinga University,Educational Publishers
book-chapter-20-21,155,Mr. Swapnil shukla,Faculty of Engineering,"IMPLEMENTATION OF QUALITY MANAGEMENT IN 
 MANUFACTURING INDUSTRY",,,,National,2020,978-93-6072-821-2,Kalinga University,Educational Publishers
book-chapter-19-20,1,Dr. R.Shridhar,"Faculty of Commerce & 
 Management","Investigating and Specifying the Relationship between Total Quality 
 Management and Enterprise Resource Planning system in Pharmaceutical Industry",,,,National,2019,978-93-85142-82-6,Kalinga University,Excellent Books Educational Publishers
book-chapter-19-20,2,M.Daniel,"Faculty of Commerce & 
 Management","Investigating and Specifying the Relationship between Total Quality 
 Management and Enterprise Resource Planning system in Pharmaceutical Industry",,,,National,2019,978-93-85142-82-6,Kalinga University,Excellent Books Educational Publishers
book-chapter-19-20,3,Dr. R.Shridhar,"Faculty of Commerce & 
 Management",To Analyze the Factors Influencing the Customer Satisfaction,,,,National,2019,978-81-947367-6-9,Kalinga University,Excellent Books Educational Publishers
book-chapter-19-20,4,Radhika Shrivastava,"Faculty of Commerce & 
 Management",To Analyze the Factors Influencing the Customer Satisfaction,,,,National,2019,978-81-947367-6-9,Kalinga University,Excellent Books Educational Publishers
book-chapter-19-20,5,Dr. R.Shridhar,"Faculty of Commerce & 
 Management","Studies of Customer Participation Management on Social Media 
 (In Specific Reference of Facebook)",,,,National,2019,973-93-85142-95-6,Kalinga University,Excellent Books Educational Publishers
book-chapter-19-20,6,Santosh Jha,"Faculty of Commerce & 
 Management","Studies of Customer Participation Management on Social Media 
 (In Specific Reference of Facebook)",,,,National,2019,973-93-85142-95-6,Kalinga University,Excellent Books Educational Publishers
book-chapter-19-20,7,Dr. R.Shridhar,"Faculty of Commerce & 
 Management","To study the Service Quality and Customer Satisfaction of 
 Telecom Industry",,,,National,2019,978-93-85142-55-0,Kalinga University,Excellent Books Educational Publishers
book-chapter-19-20,8,P. Prasad Rao,"Faculty of Commerce & 
 Management","To study the Service Quality and Customer Satisfaction of 
 Telecom Industry",,,,National,2019,978-93-85142-55-0,Kalinga University,Excellent Books Educational Publishers
book-chapter-19-20,9,Abhilasha Gaur,"Faculty of Commerce & 
 Management",A Study of the Growth of Internet Marketing in Indian Scenario,,,,National,2019,978-93-85142-76-5,Kalinga University,Excellent Books Educational Publishers
book-chapter-19-20,10,Mohit Yadav,"Faculty of Commerce & 
 Management",A Study of the Growth of Internet Marketing in Indian Scenario,,,,National,2019,978-93-85142-76-5,Kalinga University,Excellent Books Educational Publishers
book-chapter-19-20,11,Mandeep Kaur,"Faculty of Commerce & 
 Management","Role of Financial Securities in Banking Sector for the Economic 
 Growth of Investors",,,,National,2019,978-93-85142-14-7,Kalinga University,Excellent Books Educational Publishers
book-chapter-19-20,12,Abhilasha Gaur,"Faculty of Commerce & 
 Management","Role of Financial Securities in Banking Sector for the Economic 
 Growth of Investors",,,,National,2019,978-93-85142-14-7,Kalinga University,Excellent Books Educational Publishers
book-chapter-19-20,13,Abhilasha Gaur,"Faculty of Commerce & 
 Management",A Study on Organizational Climate and The Impact of change on Employees,,,,National,2019,973-93-85142-81-9,Kalinga University,Excellent Books Educational Publishers
book-chapter-19-20,14,Upperi Saleem Basha,"Faculty of Commerce & 
 Management",A Study on Organizational Climate and The Impact of change on Employees,,,,National,2019,973-93-85142-81-9,Kalinga University,Excellent Books Educational Publishers
book-chapter-19-20,15,Dr. Asha Ambhaikar,Faculty of Cs & IT,"A Study of Query Optimization Using Selection, Projection And 
 Join Statement in Generic RDBMS",,,,National,2019,978-93-85142-54-3,Kalinga University,Excellent Books Educational Publishers
book-chapter-19-20,16,Purshotam Patel,Faculty of Cs & IT,"A Study of Query Optimization Using Selection, Projection And 
 Join Statement in Generic RDBMS",,,,National,2019,978-93-85142-54-3,Kalinga University,Excellent Books Educational Publishers
book-chapter-19-20,17,Dr. Byju John,"Faculty of Commerce & 
 Management","The Human Resource Development Issues of The Nationalised 
 Bank: A Study on Middle Level Officers",,,,National,2019,973-93-85142-96-3,Kalinga University,Excellent Books Educational Publishers
book-chapter-19-20,18,Pragya Mittal,"Faculty of Commerce & 
 Management","The Human Resource Development Issues of The Nationalised 
 Bank: A Study on Middle Level Officers",,,,National,2019,973-93-85142-96-3,Kalinga University,Excellent Books Educational Publishers
book-chapter-19-20,19,Dr. Byju John,"Faculty of Commerce & 
 Management",Changing Trends of Training and Developments Programmes in Banking Industry,,,,National,2019,978-93-85142-86-4,Kalinga University,Excellent Books Educational Publishers
book-chapter-19-20,20,Jyoti,"Faculty of Commerce & 
 Management",Changing Trends of Training and Developments Programmes in Banking Industry,,,,National,2019,978-93-85142-86-4,Kalinga University,Excellent Books Educational Publishers
book-chapter-19-20,21,Akshita Sharma,"Faculty of Commerce & 
 Management","Achieving Manufacturing Excellence using 'LEAN SIGMA' 
 Techniques in a medium size Manufacturing Company",,,,National,2019,978-93-85142-37-6,Kalinga University,Excellent Books Educational Publishers
book-chapter-19-20,22,Pramod Srivastava,"Faculty of Commerce & 
 Management","Achieving Manufacturing Excellence using 'LEAN SIGMA' 
 Techniques in a medium size Manufacturing Company",,,,National,2019,978-93-85142-37-6,Kalinga University,Excellent Books Educational Publishers
book-chapter-19-20,23,Akshita Sharma,"Faculty of Commerce & 
 Management",Goods & Service Tax in India,,,,National,2019,978-81-947217-0-3,Kalinga University,Excellent Books Educational Publishers
book-chapter-19-20,24,Vikram Sharma,"Faculty of Commerce & 
 Management",Goods & Service Tax in India,,,,National,2019,978-81-947217-0-3,Kalinga University,Excellent Books Educational Publishers
book-chapter-19-20,25,Dr. Harsha Patil,Faculty of Education,"Samajik Arthik star ke Aadhar par Chhatra Chhatrao ki Shaikshik 
 Abhiruch Atambodh awam srijnatamakta ka adhayayan karna",,,,National,2019,978-93-85142-88-8,Kalinga University,Excellent Books Educational Publishers
book-chapter-19-20,26,Praveen Awasthi,Faculty of Education,"Samajik Arthik star ke Aadhar par Chhatra Chhatrao ki Shaikshik 
 Abhiruch Atambodh awam srijnatamakta ka adhayayan karna",,,,National,2019,978-93-85142-88-8,Kalinga University,Excellent Books Educational Publishers
book-chapter-19-20,27,Dr. Harsha Patil,Faculty of Education,An Analysis of Existing Techniques of Management Education,,,,National,2019,978-93-85142-91-8,Kalinga University,Excellent Books Educational Publishers
book-chapter-19-20,28,S.Raja,Faculty of Education,An Analysis of Existing Techniques of Management Education,,,,National,2019,978-93-85142-91-8,Kalinga University,Excellent Books Educational Publishers
book-chapter-19-20,29,Dr. Harsha Patil,Faculty of Education,Role of Social Media on Education,,,,National,2019,978-93-85142-72-7,Kalinga University,Excellent Books Educational Publishers
book-chapter-19-20,30,Rajesh Kumar,Faculty of Education,Role of Social Media on Education,,,,National,2019,978-93-85142-72-7,Kalinga University,Excellent Books Educational Publishers
book-chapter-19-20,31,Dr. Harsha Patil,Faculty of Education,"A Study of Growth, Diversity And Disparity in Higher Education",,,,National,2019,978-81-947217-9-6,Kalinga University,Excellent Books Educational Publishers
book-chapter-19-20,32,Arun Maity,Faculty of Education,"A Study of Growth, Diversity And Disparity in Higher Education",,,,National,2019,978-81-947217-9-6,Kalinga University,Excellent Books Educational Publishers
book-chapter-19-20,33,Komal Gupta,"Faculty of Commerce & 
 Management","An Emprical Study of Financial Management in Government 
 Sector Banks & Private Sector Banks",,,,National,2019,978-81-89728-99-1,Kalinga University,Excellent Books Educational Publishers
book-chapter-19-20,34,Kulkarni Yashwant Shankarrao,"Faculty of Commerce & 
 Management","An Emprical Study of Financial Management in Government 
 Sector Banks & Private Sector Banks",,,,National,2019,978-81-89728-99-1,Kalinga University,Excellent Books Educational Publishers
book-chapter-19-20,35,Dr. Sunil Kumar,Faculty of Engineering,"Performance Evaluation and Improvement of Microstrip Patch 
 Antenna for Wireless Communication",,,,National,2019,978-93-85142-63-5,Kalinga University,Excellent Books Educational Publishers
book-chapter-19-20,36,Munnangi Koti Reddy,Faculty of Engineering,"Performance Evaluation and Improvement of Microstrip Patch 
 Antenna for Wireless Communication",,,,National,2019,978-93-85142-63-5,Kalinga University,Excellent Books Educational Publishers
book-chapter-19-20,37,Dr. Sunil Kumar,Faculty of Engineering,Modeling & Simulation of Energy Mgmt.,,,,National,2019,978-93-85142-85-7,Kalinga University,Excellent Books Educational Publishers
book-chapter-19-20,38,Charu Chandra Gupta,Faculty of Engineering,Modeling & Simulation of Energy Mgmt.,,,,National,2019,978-93-85142-85-7,Kalinga University,Excellent Books Educational Publishers
book-chapter-19-20,39,Dr. Manoj Singh,Faculty of Science,"Identification of Virulence Genes and Drug Targets in 
 Pathogenic Bacteria:An Analysis by Novel Genomic Techniques",,,,National,2019,973-93-85142-98-7,Kalinga University,Excellent Books Educational Publishers
book-chapter-19-20,40,Charudatt Joshi,Faculty of Science,"Identification of Virulence Genes and Drug Targets in 
 Pathogenic Bacteria:An Analysis by Novel Genomic Techniques",,,,National,2019,973-93-85142-98-7,Kalinga University,Excellent Books Educational Publishers
book-chapter-19-20,41,Dr. Subhashish Biswas,Faculty of Science,Toric Surface in Algebraic Statistics,,,,National,2019,978-93-85142-09-3,Kalinga University,Excellent Books Educational Publishers
book-chapter-19-20,42,Ashwani Kumar,Faculty of Science,Toric Surface in Algebraic Statistics,,,,National,2019,978-93-85142-09-3,Kalinga University,Excellent Books Educational Publishers
book-chapter-19-20,43,Awtar Kishan Kaul,Faculty of Arts & Humanities,Girl Child Labour and abuse: An Analysis,,,,National,2019,973-93-85142-90-1,Kalinga University,Excellent Books Educational Publishers
book-chapter-19-20,44,B. Yallappa,Faculty of Arts & Humanities,Girl Child Labour and abuse: An Analysis,,,,National,2019,973-93-85142-90-1,Kalinga University,Excellent Books Educational Publishers
book-chapter-19-20,45,A Naga Ramani,"Faculty of Commerce & 
 Management","Human Resource Practices for Talent Management in IT 
 Industry in Delhi And NCR",,,,National,2019,973-93-85142-90-1,Kalinga University,Excellent Books Educational Publishers
book-chapter-19-20,46,A Naga Ramani,"Faculty of Commerce & 
 Management","A Study on the Relationship between Self-Efficacy Beliefs and 
 Emotional Sufferings",,,,National,2019,978-93-85142-73-4,Kalinga University,Excellent Books Educational Publishers
book-chapter-19-20,47,Monika,"Faculty of Commerce & 
 Management","A Study on the Relationship between Self-Efficacy Beliefs and 
 Emotional Sufferings",,,,National,2019,978-93-85142-73-4,Kalinga University,Excellent Books Educational Publishers
book-chapter-19-20,48,A. Nagaramani,"Faculty of Commerce & 
 Management",Impact of Private Banking on Purchasing Power,,,,National,2019,978-93-85142-23-9,Kalinga University,Excellent Books Educational Publishers
book-chapter-19-20,49,Neha Chadha,"Faculty of Commerce & 
 Management",Impact of Private Banking on Purchasing Power,,,,National,2019,978-93-85142-23-9,Kalinga University,Excellent Books Educational Publishers
book-chapter-19-20,50,Guddi Singh,Faculty of Cs & IT,"Secured Cloud Computing Environment : Data Security and 
 Protection Techniques",,,,National,2019,973-93-85142-84-0,Kalinga University,Excellent Books Educational Publishers
book-chapter-19-20,51,Paritosh Dube,"Faculty of Commerce & 
 Management","Hr Innovations out of Recession-An Appreciative Text and 
 Opinion Analysis",,,,National,2019,978-81-89728-91-5,Kalinga University,Excellent Books Educational Publishers
book-chapter-19-20,52,Santosh Kumar Sharma,"Faculty of Commerce & 
 Management","Hr Innovations out of Recession-An Appreciative Text and 
 Opinion Analysis",,,,National,2019,978-81-89728-91-5,Kalinga University,Excellent Books Educational Publishers
book-chapter-19-20,53,Ranjeeta Singh,Faculty of Education,Role of Impact of Innovative Parameters in Indian Education System,,,,National,2019,978-81-947217-7-2,Kalinga University,Excellent Books Educational Publishers
book-chapter-19-20,54,Ram Tirath Tripathi,Faculty of Education,Role of Impact of Innovative Parameters in Indian Education System,,,,National,2019,978-81-947217-7-2,Kalinga University,Excellent Books Educational Publishers
book-chapter-19-20,55,Ranjeeta Singh,Faculty of Education,Comparative Study of the values & the Education,,,,National,2019,978-93-85142-89-5,Kalinga University,Excellent Books Educational Publishers
book-chapter-19-20,56,Aditya Prakash Saxena,Faculty of Education,Comparative Study of the values & the Education,,,,National,2019,978-93-85142-89-5,Kalinga University,Excellent Books Educational Publishers
book-chapter-19-20,57,Ranjeeta Singh,Faculty of Education,"Study on the Relationship between Emotional Intelligence and 
 Adjustment Among Senior Secondary Students",,,,National,2019,973-93-85142-93-2,Kalinga University,Excellent Books Educational Publishers
book-chapter-19-20,58,Shashi Prabha,Faculty of Education,"Study on the Relationship between Emotional Intelligence and 
 Adjustment Among Senior Secondary Students",,,,National,2019,973-93-85142-93-2,Kalinga University,Excellent Books Educational Publishers
book-chapter-19-20,59,Rahul Chawda,Faculty of Cs & IT,A Study of Efficiency of Symmetric Encryption Schemes,,,,National,2019,978-81-947217-1-0,Kalinga University,Excellent Books Educational Publishers
book-chapter-19-20,60,Sumit Chauhan,Faculty of Cs & IT,A Study of Efficiency of Symmetric Encryption Schemes,,,,National,2019,978-81-947217-1-0,Kalinga University,Excellent Books Educational Publishers
book-chapter-19-20,61,Dr. Anita Samal,Faculty of Arts & Humanities,"Role of Print Media in Mobilisation of Public Opinion about 
 Current Political System",,,,National,2019,978-93-85142-99-4,Kalinga University,Excellent Books Educational Publishers
book-chapter-19-20,62,Anuradha Sharma,Faculty of Arts & Humanities,"Role of Print Media in Mobilisation of Public Opinion about 
 Current Political System",,,,National,2019,978-93-85142-99-4,Kalinga University,Excellent Books Educational Publishers
book-chapter-19-20,63,Dr. Anita Samal,Faculty of Arts & Humanities,Analysing and Managing The Project Risks in Banking Sectors in India,,,,National,2019,978-81-947217-4-1,Kalinga University,Excellent Books Educational Publishers
book-chapter-19-20,64,"Janki Raman,",Faculty of Arts & Humanities,Analysing and Managing The Project Risks in Banking Sectors in India,,,,National,2019,978-81-947217-4-1,Kalinga University,Excellent Books Educational Publishers
book-chapter-19-20,65,Jha Dr. Vinay Chandra,Faculty of Engineering,"""Improvement in Characterization of High Strength Steel for 
 Mechanical Construction",,,,National,2019,978-93-85142-16-1,Kalinga University,Excellent Books Educational Publishers
book-chapter-19-20,66,Gill Gagandeep Singh,Faculty of Engineering,"""Improvement in Characterization of High Strength Steel for 
 Mechanical Construction",,,,National,2019,978-93-85142-16-1,Kalinga University,Excellent Books Educational Publishers
book-chapter-19-20,67,Bhattacharya Dr. Shilpi,Faculty of Arts & Humanities,"A Study of Generational Conflicts in Stories and Novels of 
 Jhumpa Lahiri",,,,National,2019,978-93-85142-87-1,Kalinga University,Excellent Books Educational Publishers
book-chapter-19-20,68,Bhattacharya Dr. Shilpi,Faculty of Arts & Humanities,English Language And Its Effectiveness on School Status,,,,National,2019,978-81-947217-8-,Kalinga University,Excellent Books Educational Publishers
book-chapter-19-20,69,Grishbhai Chauhan Vijay Kumar,Faculty of Arts & Humanities,English Language And Its Effectiveness on School Status,,,,National,2019,978-81-947217-8-,Kalinga University,Excellent Books Educational Publishers
book-chapter-19-20,70,Bhattacharya Dr. Shilpi,Faculty of Arts & Humanities,A Study on Women Liberation in the Novels of Willa Cather,,,,National,2019,978-93-85142-80-2,Kalinga University,Excellent Books Educational Publishers
book-chapter-19-20,71,Shrivastava Namrata,Faculty of Arts & Humanities,Role of Women Entrepreneurs in Industrial and Agriculture Sector,,,,National,2019,978-93-85142-94-9,Kalinga University,Excellent Books Educational Publishers
book-chapter-19-20,72,Tuteja Palki,Faculty of Arts & Humanities,Role of Women Entrepreneurs in Industrial and Agriculture Sector,,,,National,2019,978-93-85142-94-9,Kalinga University,Excellent Books Educational Publishers
book-chapter-19-20,73,Shrivastava Namrata,Faculty of Arts & Humanities,"Role of Vigorous Industrial Relations in the Upliftment of 
 Organizations",,,,National,2019,978-93-85142-83-3,Kalinga University,Excellent Books Educational Publishers
book-chapter-19-20,74,Manuja Neeru,Faculty of Arts & Humanities,"Role of Vigorous Industrial Relations in the Upliftment of 
 Organizations",,,,National,2019,978-93-85142-83-3,Kalinga University,Excellent Books Educational Publishers
book-chapter-19-20,75,Pani Sablum,Faculty of Arts & Humanities,"Preference & Impact of Female Domestic Workers in Urban 
 Homes",,,,National,2019,978-81-947367-5-2,Kalinga University,Excellent Books Educational Publishers
book-chapter-19-20,76,Shukla Shruti,Faculty of Arts & Humanities,"Preference & Impact of Female Domestic Workers in Urban 
 Homes",,,,National,2019,978-81-947367-5-2,Kalinga University,Excellent Books Educational Publishers
book-chapter-19-20,77,Gardia,"Faculty of Commerce & 
 Management",Management Customer Attitude towards Wellness Centers,,,,National,2019,,Kalinga University,Excellent Books Educational Publishers
book-chapter-19-20,78,Akanksha. Rajshekharan G.,"Faculty of Commerce & 
 Management",Management Customer Attitude towards Wellness Centers,,,,National,2019,,Kalinga University,Excellent Books Educational Publishers
book-chapter-19-20,79,Tripathi,"Faculty of Commerce & 
 Management",Strategic Planning at IARI,,,,National,2019,978-93-85142-36-9,Kalinga University,Excellent Books Educational Publishers
book-chapter-19-20,80,Deepak Kumar,"Faculty of Commerce & 
 Management",Strategic Planning at IARI,,,,National,2019,978-93-85142-36-9,Kalinga University,Excellent Books Educational Publishers
book-chapter-19-20,81,Tripathi Deepak kumar,"Faculty of Commerce & 
 Management","Role of Hr in Setting Performance Appraisal Parameters in 
 Automobile Industry",,,,National,2019,978-93-85142-13-0,Kalinga University,Excellent Books Educational Publishers
book-chapter-19-20,82,Monisha Gaba,"Faculty of Commerce & 
 Management","Role of Hr in Setting Performance Appraisal Parameters in 
 Automobile Industry",,,,National,2019,978-93-85142-13-0,Kalinga University,Excellent Books Educational Publishers
book-chapter-19-20,83,Shukla dr. Ajay,Faculty of Arts & Humanities,Vishnuwirat Ka Vaykitatw awam Krititaw,,,,National,2019,978-93-85142-92-5,Kalinga University,Excellent Books Educational Publishers
book-chapter-19-20,84,Singh Gurucharan,Faculty of Arts & Humanities,Vishnuwirat Ka Vaykitatw awam Krititaw,,,,National,2019,978-93-85142-92-5,Kalinga University,Excellent Books Educational Publishers
book-chapter-19-20,85,G. Divya,"Faculty of Commerce & 
 Management",Impact of HR Policies on Employee Retention,,,,National,2019,978-81-947217-2-7,Kalinga University,Excellent Books Educational Publishers
book-chapter-19-20,86,Raminder Kaur,"Faculty of Commerce & 
 Management",Impact of HR Policies on Employee Retention,,,,National,2019,978-81-947217-2-7,Kalinga University,Excellent Books Educational Publishers
book-chapter-19-20,87,Gaidhane Akhilesh,Faculty of Engineering,Performance Analysis of Shell and Tube Heat Exchanger,,,,National,2019,978-93-85142-11-6,Kalinga University,Excellent Books Educational Publishers
book-chapter-19-20,88,Khakha Johnson,Faculty of Engineering,Performance Analysis of Shell and Tube Heat Exchanger,,,,National,2019,978-93-85142-11-6,Kalinga University,Excellent Books Educational Publishers
book-chapter-19-20,89,Vijyanand A,Faculty of Arts & Humanities,Romantic Poetry in English Study on Selected English Poets,,,,National,2019,978-81-947217-5-8,Kalinga University,Excellent Books Educational Publishers
book-chapter-19-20,90,Singh Sharda,Faculty of Arts & Humanities,Romantic Poetry in English Study on Selected English Poets,,,,National,2019,978-81-947217-5-8,Kalinga University,Excellent Books Educational Publishers
book-chapter-19-20,91,Vijyanand A,Faculty of Arts & Humanities,A Study on Commonly Found Alcoholic Influence in Teenagers,,,,National,2019,978-93-85142-97-0,Kalinga University,Excellent Books Educational Publishers
book-chapter-19-20,92,Seth Sheetal Dharmesh,Faculty of Arts & Humanities,A Study on Commonly Found Alcoholic Influence in Teenagers,,,,National,2019,978-93-85142-97-0,Kalinga University,Excellent Books Educational Publishers
book-chapter-19-20,93,Yadav Sanjeev,Faculty of Education,"A Study of Anxiety, Level of Aspiration and Emotional 
 Intelligence among Male And Female Boxing Players",,,,National,2019,978-93-85142-77-2,Kalinga University,Excellent Books Educational Publishers
book-chapter-19-20,94,Narendra,Faculty of Education,"A Study of Anxiety, Level of Aspiration and Emotional 
 Intelligence among Male And Female Boxing Players",,,,National,2019,978-93-85142-77-2,Kalinga University,Excellent Books Educational Publishers
book-chapter-19-20,95,MR. ANSHIKA RAM,Faculty of Engineering,STABILIZATION OF SOIL USING RICE HUSK ASH,,,,National,2019,978-93-6072-406-1,Kalinga University,Educational Publishers
book-chapter-19-20,96,MR. KUNAL CHANDRAKAR,Faculty of Engineering,STABILIZATION OF SOIL USING RICE HUSK ASH,,,,National,2019,978-93-6072-406-1,Kalinga University,Educational Publishers
book-chapter-19-20,97,MR. MANISH KUMAR RAI,Faculty of Engineering,STABILIZATION OF SOIL USING RICE HUSK ASH,,,,National,2019,978-93-6072-406-1,Kalinga University,Educational Publishers
book-chapter-19-20,98,MR. DASRATH KUMAR,Faculty of Engineering,STABILIZATION OF SOIL USING RICE HUSK ASH,,,,National,2019,978-93-6072-406-1,Kalinga University,Educational Publishers
book-chapter-19-20,99,MR. HONEY GOUR,Faculty of Engineering,STABILIZATION OF SOIL USING RICE HUSK ASH,,,,National,2019,978-93-6072-406-1,Kalinga University,Educational Publishers
book-chapter-19-20,100,MS. SWATI AGRAWAL,Faculty of Engineering,CAPACITY ASSESSMENT OF SUSPENSION BRIDGE,,,,National,2019,978-93-6072-815-1,Kalinga University,Educational Publishers
book-chapter-19-20,101,MR. AKSHIT LAMBA,Faculty of Engineering,AUTOMATED IRRIGATION SYSTEM,,,,National,2019,978-93-6072-722-2,Kalinga University,Educational Publishers
book-chapter-19-20,102,MR. ABHISHEK SINGH,Faculty of Engineering,ROAD CONSTRUCTION,,,,National,2019,978-93-6072-450-4,Kalinga University,Educational Publishers
book-chapter-19-20,103,MR. PIYUSH DAS,Faculty of Engineering,RECYCLING OF CONCRETE AS AGGREGATE,,,,National,2019,978-93-6072-541-9,Kalinga University,Educational Publishers
book-chapter-19-20,104,MR. AKSHIT LAMBA,Faculty of Engineering,A CASE STUDY OF RAILWAY CROSS OVER BRIDGE,,,,National,2019,978-93-6072-365-1,Kalinga University,Educational Publishers
book-chapter-19-20,105,MS. SWATI AGRAWAL,Faculty of Engineering,DESIGN OF SOLAR DRIVE HANDICAPPED TRICYCLE,,,,National,2019,978-93-6072-939-4,Kalinga University,Educational Publishers
book-chapter-19-20,106,MR. N K DHAPEKAR,Faculty of Engineering,DESIGN OF STRUCTURAL COMPONENTS USING SOFTWARE BRAW,,,,National,2019,978-93-6072-449-8,Kalinga University,Educational Publishers
book-chapter-19-20,107,MR. AKSHIT LAMBA,Faculty of Engineering,SHREDDED SCRAP TYRES RUBBER AS A REPLACEMENT FOR CEMENT IN CEMENT CONCRETE: AN EXPERIMENTAL STUDY,,,,National,2019,978-93-6072-665-2,Kalinga University,Educational Publishers
book-chapter-19-20,108,MR. PIYUSH DAS,Faculty of Engineering,"REVOLUTIONARY OF IMPACT OF SUGAR CANE BAGASSE ASH ON 
 CONCRETE",,,,National,2019,978-93-6072-337-8,Kalinga University,Educational Publishers
book-chapter-19-20,109,MR. PIYUSH DAS,Faculty of Engineering,"EFFECTS OF BENTONITE AND FLYASH ON EFFICIENCY OF
 BITUMEN",,,,National,2019,978-93-6072-877-9,Kalinga University,Educational Publishers
book-chapter-19-20,110,MR. PIYUSH DAS,Faculty of Engineering,AN INNOVATIVE APPROACH FOR ALTERNATIVE SOLUTION IN CONCRETE BOOKS BY USING DOLOMITE WASTE,,,,National,2019,978-93-6072-917-2,Kalinga University,Educational Publishers
book-chapter-19-20,111,MR. AKSHIT LAMBA,Faculty of Engineering,"DYNAMIC ANALYSIS OF SLOPED BUILDING: EXPERIMENTAL & 
 NUMERICAL STUDIES",,,,National,2019,978-93-6072-097-1,Kalinga University,Educational Publishers
book-chapter-19-20,112,MR. SHAILESH SINGH THAKUR,Faculty of Engineering,INTELLIGENT BRAKING SYSTEM,,,,National,2019,978-93-6072-471-9,Kalinga University,Educational Publishers
book-chapter-19-20,113,MR. SOURABH KUMAR SINGH,Faculty of Engineering,"MANUFACTURING & DESIGNING OF ECONOMICAL DOMESTIC AIR 
 PURIFIER",,,,National,2019,978-93-6072-801-4,Kalinga University,Educational Publishers
book-chapter-19-20,114,GAGANDEEP SINGH GILL,Faculty of Engineering,"IMPROVEMENT IN CHARACTERIZATION OF HIGH STRENGTH STEEL 
 FOR MECHANICAL CONSTRUCTION",,,,National,2019,978-93-6072-178-7,Kalinga University,Educational Publishers
book-chapter-19-20,115,MR. SHAILESH SINGH THAKUR,Faculty of Engineering,"IMPROVEMENT IN CHARACTERIZATION OF HIGH STRENGTH STEEL 
 FOR MECHANICAL CONSTRUCTION",,,,National,2019,978-93-6072-178-7,Kalinga University,Educational Publishers
book-chapter-19-20,116,Dr. Debahuti Panigrahi,Faculty of arts & humanities,"Agragamee- An Integrated Approach For Women Centred 
 Development of Education Among Tribal Communities: A Critical Analysis of Bolangir District of Odisha",INTELLIGENT BREAKING SYSTEM,"Over the Horizon 
 Introspecting the self in flux",,National,2019,978-93-88867-88-7,Kalinga University,Kalinga University
book-chapter-19-20,117,Dr. M.S. Mishra,Faculty of arts & humanities,Mukherjee's Cultivated Jasmine: A Woman In Exile,"Over the Horizon 
 Introspecting the self in flux","Over the Horizon 
 Introspecting the self in flux",,National,2019,978-93-88867-88-7,Kalinga University,Kalinga University
book-chapter-19-20,118,Mr. Pankaj Minj,Faculty of arts & humanities,Effects of religion on people: The conceptual and theoretical overviews from India,"Over the Horizon 
 Introspecting the self in flux","Over the Horizon 
 Introspecting the self in flux",,National,2019,978-93-88867-88-7,Kalinga University,Kalinga University
book-chapter-19-20,119,Ms.Anurima Das,Faculty of arts & humanities,Psychological Authoritarianism In Amitav Ghosh's Novel 'The Shadow Lines',"Over the Horizon 
 Introspecting the self in flux","Over the Horizon 
 Introspecting the self in flux",,National,2019,978-93-88867-88-7,Kalinga University,Kalinga University
book-chapter-19-20,120,Mr. Chandan Singh Rajput,Faculty of arts & humanities,"Gandhi,Women, And The National Movement, (1920-1947)","Over the Horizon 
 Introspecting the self in flux","Over the Horizon 
 Introspecting the self in flux",,National,2019,978-93-88867-88-7,Kalinga University,Kalinga University
book-chapter-19-20,121,Dr. M. S. Mishra,Faculty of arts & humanities,Indian Values in past and present through Abha Dawesar's Family Values,"Over the Horizon 
 Introspecting the self in flux","Over the Horizon 
 Introspecting the self in flux",,National,2019,978-93-88867-88-7,Kalinga University,Kalinga University
book-chapter-19-20,122,Ms. Madhumita Ghosh,Faculty of arts & humanities,Nutritional Status of the Slum Dwellers: Kharagpur City,"Over the Horizon 
 Introspecting the self in flux","Over the Horizon 
 Introspecting the self in flux",,National,2019,978-93-88867-88-7,Kalinga University,Kalinga University
book-chapter-19-20,123,Ms. Swarupa Pandit,Faculty of arts & humanities,Holistic Development of Children in Model Anganwadi Centres,"Over the Horizon 
 Introspecting the self in flux","Over the Horizon 
 Introspecting the self in flux",,National,2019,978-93-88867-88-7,Kalinga University,Kalinga University
book-chapter-19-20,124,Dr. Namrata Shrivastava,Faculty of arts & humanities,A Comparative Cognition Of Public And Private Sectors Of India,"Over the Horizon 
 Introspecting the self in flux","Over the Horizon 
 Introspecting the self in flux",,National,2019,978-93-88867-88-7,Kalinga University,Kalinga University
book-chapter-19-20,125,डॉ. अजय कु मार शुक्ल,Faculty of arts & humanities,छत्तीसगढ़ लोकनाट्य और हबीब तनवीर का रंगकमम।,"Over the Horizon 
 Introspecting the self in flux","Over the Horizon 
 Introspecting the self in flux",,National,2019,978-93-88867-88-7,Kalinga University,Kalinga University
book-chapter-19-20,126,Dr. Krushna Chandra Dalai,Faculty of law,An Analysis on Sex-Gender Variation: A Lex-Loci Determination.,"Over the Horizon 
 Introspecting the self in flux","Over the Horizon 
 Introspecting the self in flux",,National,2019,978-93-88867-88-7,Kalinga University,Kalinga University
book-chapter-19-20,127,A.K.Kaul,Faculty of arts & humanities,Misogynist Bias in the Writings of Kabir:A Critical Analysis,"Over the Horizon 
 Introspecting the self in flux","Over the Horizon 
 Introspecting the self in flux",,National,2019,978-93-88867-88-7,Kalinga University,Kalinga University
book-chapter-19-20,128,Mr. A. Vijay Anand,Faculty of arts & humanities,Development of English Language from the Anglo Saxon Period Till the Modern Age: A Perspective,"Over the Horizon 
 Introspecting the self in flux","Over the Horizon 
 Introspecting the self in flux",,National,2019,978-93-88867-88-7,Kalinga University,Kalinga University
book-chapter-19-20,129,Dr. M. S. Mishra,Faculty of arts & humanities,Influence and Importance of film on the Lifestyle of Youth: A study on a few college students of Durg (Chhattisgarh).,"Over the Horizon 
 Introspecting the self in flux","Over the Horizon 
 Introspecting the self in flux",,National,2019,978-93-88867-88-7,Kalinga University,Kalinga University
book-chapter-19-20,130,Dr. M. S. Mishra,Faculty of arts & humanities,The Concept of 'Self' And Begum Rokeya's The Solar System,"Over the Horizon 
 Introspecting the self in flux","Over the Horizon 
 Introspecting the self in flux",,National,2019,978-93-88867-88-7,Kalinga University,Kalinga University
book-chapter-19-20,131,Vijay Bhushan,Faculty of arts & humanities,"Over The Horizon: Introspecting The Self- Influx Through The 
 Enduring Icons of Legendary Literary Marvels","Over the Horizon 
 Introspecting the self in flux","Over the Horizon 
 Introspecting the self in flux",,National,2019,978-93-88867-88-7,Kalinga University,Kalinga University
book-chapter-19-20,132,Gulshan Kumar,Faculty of arts & humanities,Multiculturalism - National and transnational identity,"Over the Horizon 
 Introspecting the self in flux","Over the Horizon 
 Introspecting the self in flux",,National,2019,978-93-88867-88-7,Kalinga University,Kalinga University
book-chapter-19-20,133,Rahul Singh,Faculty of arts & humanities,"Over the Horizon: Introspecting the Self and Society in Flux - An 
 Analysis of Chinua Achebe's Things Fall Apart","Over the Horizon 
 Introspecting the self in flux","Over the Horizon 
 Introspecting the self in flux",,National,2019,978-93-88867-88-7,Kalinga University,Kalinga University
book-chapter-19-20,134,Rahul Mishra,Faculty of Engineering,"Agragamee- An Integrated Approach For Women Centred 
 Development of Education Among Tribal Communities: A Critical Analysis of Bolangir District of Odisha","Over the Horizon 
 Introspecting the self in flux","Over the Horizon 
 Introspecting the self in flux",,National,2019,978-93-88867-88-7,Kalinga University,Kalinga University
book-chapter-19-20,135,सुश्री खुसबू ससंह,Faculty of arts & humanities,छत्तीसगढ़ लोकनाट्य और हबीब तनवीर का रंगकमम।,"Over the Horizon 
 Introspecting the self in flux","Over the Horizon 
 Introspecting the self in flux",,National,2019,978-93-88867-88-7,Kalinga University,Kalinga University
book-chapter-19-20,136,Mr. Ritika Gautam,Faculty of arts & humanities,Influence and Importance of film on the Lifestyle of Youth: A study on a few college students of Durg (Chhattisgarh).,"Over the Horizon 
 Introspecting the self in flux","Over the Horizon 
 Introspecting the self in flux",,National,2019,978-93-88867-88-7,Kalinga University,Kalinga University
book-chapter-19-20,137,Arun Jaiswal,Faculty of arts & humanities,Multiculturalism - National and transnational identity,"Over the Horizon 
 Introspecting the self in flux","Over the Horizon 
 Introspecting the self in flux",,National,2019,978-93-88867-88-7,Kalinga University,Kalinga University
book-chapter-19-20,138,Dr.Anita Samal,Faculty of arts & humanities,"Over the Horizon: Introspecting the Self and Society in Flux - An 
 Analysis of Chinua Achebe's Things Fall Apart","Over the Horizon 
 Introspecting the self in flux","Over the Horizon 
 Introspecting the self in flux",,National,2019,978-93-88867-88-7,Kalinga University,Kalinga University
book-chapter-18-19,1,Dr. R. Shridhar,"Faculty of Commerce & 
 Management",An Analysis of the Main Reasons for Employee Attrition in the BPO Sector,,,National,2018,978-93-85142-67-3,Kalinga University,Excellent Books Educational Publishers,
book-chapter-18-19,3,Dr. R.Shridhar,"Faculty of Commerce & 
 Management","The Impact of National Rural Health Mission in Maternal & Child Health & 
 Malnutrition Reduction in Chhattisgarh",,,National,2018,978-93-85142-45-1,Kalinga University,Excellent Books Educational Publishers,
book-chapter-18-19,5,Dr. R. Shridhar,"Faculty of Commerce & 
 Management","Assessment for M-Health in India Education, Challenges and Conceptualization of Market Access Model",,,National,2018,978-93-85142-56-7,Kalinga University,Excellent Books Educational Publishers,
book-chapter-18-19,6,Dr. Sandeep Gandhi,"Faculty of Commerce & 
 Management",A Study on the Effectiveness of Employee Engagement Practices in Bhilai Steel Plant,,,National,2018,978-93-85142-43-7,Kalinga University,Excellent Books Educational Publishers,
book-chapter-18-19,7,Dr. Sandeep Gandhi,"Faculty of Commerce & 
 Management",Challenges Faced by Women Employee in Hotel Industry,,,National,2018,978-93-85142-52-9,Kalinga University,Excellent Books Educational Publishers,
book-chapter-18-19,8,Dr. Sandeep Gandhi,"Faculty of Commerce & 
 Management",A Comparative Study on Effectiveness of Training and Development of Employees on Public and Private Sector Bank,,,National,2018,978-93-85142-78-9,Kalinga University,Excellent Books Educational Publishers,
book-chapter-18-19,9,Dr. Asha Ambhaikar,Faculty of Cs & IT,Implementation of Reliable Path Planning Technique for Mobile Robots in Presence of Obstacles,,,National,2018,978-81-89728-65-6,Kalinga University,Excellent Books Educational Publishers,
book-chapter-18-19,10,Dr. Asha Ambhaikar,Faculty of Cs & IT,Web Services Security Analysis And Management Tool,,,National,2018,978-93-85142-70-3,Kalinga University,Excellent Books Educational Publishers,
book-chapter-18-19,11,Dr. M.K.Diwan,"Faculty of Commerce & 
 Management","Design Analysis and Simulation of Grid Connected Single Stage PV System using 
 Hybrid Inverter in current Control Mode",,,National,2018,978-93-85142-04-8,Kalinga University,Excellent Books Educational Publishers,
book-chapter-18-19,12,Srikant Singh,Faculty of Cs & IT,A Study of Fuzzy based Digital Network System,,,National,2018,978-93-85142-58-1,Kalinga University,Excellent Books Educational Publishers,
book-chapter-18-19,13,Vijay Bhushan,Faculty of Arts & Humanities,Off with the Fetters:The Emergence of A New Woman in Shashi Deshpande and Anita Desai Fiction,,,National,2018,978-93-85142-74-1,Kalinga University,Excellent Books Educational Publishers,
book-chapter-18-19,14,Anu V.G. Nair,Faculty of Arts & Humanities,Off with the Fetters:The Emergence of A New Woman in Shashi Deshpande and Anita Desai Fiction,,,National,2018,978-93-85142-74-1,Kalinga University,Excellent Books Educational Publishers,
book-chapter-18-19,15,Sachin Vijay,Faculty of Engineering,Distance Based Accident Avoidance system using Arduino,,,National,2018,978-93-85142-02-4,Kalinga University,Excellent Books Educational Publishers,
book-chapter-18-19,16,Shraddha Boshat,Faculty of Engineering,Distance Based Accident Avoidance system using Arduino,,,National,2018,978-93-85142-02-4,Kalinga University,Excellent Books Educational Publishers,
book-chapter-18-19,17,Dr. Sunil Kumar,Faculty of Engineering,Transient Stability Analysis of a Multi Machine Power System during Faulty Condition,,,National,2018,978-81-89728-94-6,Kalinga University,Excellent Books Educational Publishers,
book-chapter-18-19,18,Dr. Sunil Kumar,Faculty of Engineering,"Improvement of Power Transfer Capacity By Adding DC Supply in HVAC Line & 
 Analysis of Their Fault Operation with recovery Methods",,,National,2018,978-81-89728-87-8,Kalinga University,Excellent Books Educational Publishers,
book-chapter-18-19,19,Dr. Sunil Kumar,Faculty of Engineering,High Power Transmission using HVDC,,,National,2018,978-93-85142-33-8,Kalinga University,Excellent Books Educational Publishers,
book-chapter-18-19,20,Dr. Sunil Kumar,Faculty of Engineering,Optimization Off-Grid Hybrid Solar,,,National,2018,978-81-89728-98-4,Kalinga University,Excellent Books Educational Publishers,
book-chapter-18-19,21,k. Priyanka Sahu,Faculty of Science,Vehicle Engine Locking System using GSM Technology,,,National,2018,978-93-85142-01-7,Kalinga University,Excellent Books Educational Publishers,
book-chapter-18-19,22,Monika Chandrakar,Faculty of Science,Vehicle Engine Locking System using GSM Technology,,,National,2018,978-93-85142-01-7,Kalinga University,Excellent Books Educational Publishers,
book-chapter-18-19,23,Dr. Shilpi Shrivastava,Faculty of Science,Use of Sulfonamido Anilines in Analytical Chemistry,,,National,2018,978-93-85142-71-0,Kalinga University,Excellent Books Educational Publishers,
book-chapter-18-19,24,Shinde VenkatDagduji,Faculty of Science,Use of Sulfonamido Anilines in Analytical Chemistry,,,National,2018,978-93-85142-71-0,Kalinga University,Excellent Books Educational Publishers,
book-chapter-18-19,25,Dr. Subhashish Biswas,Faculty of Science,A Study on the Relationship between Binary Tree And Boolean Algebra Changing the Parameter of the Boolean Expression Approach,,,National,2018,978-93-85142-69-7,Kalinga University,Excellent Books Educational Publishers,
book-chapter-18-19,26,Manoj Kumar Agnihotri,Faculty of Science,A Study on the Relationship between Binary Tree And Boolean Algebra Changing the Parameter of the Boolean Expression Approach,,,National,2018,978-93-85142-69-7,Kalinga University,Excellent Books Educational Publishers,
book-chapter-18-19,27,Dr. V C Jha,Faculty of Engineering,Investigation of Solar Air Heater in Artificial Roughness For A DUCT,,,National,2018,978-93-85142-06-2,Kalinga University,Excellent Books Educational Publishers,
book-chapter-18-19,28,Ruchi Gupta,"Faculty of Commerce & 
 Management",Review of Health & Safety Performance Health & Safety,,,National,2018,978-93-85142-65-9,Kalinga University,Excellent Books Educational Publishers,
book-chapter-18-19,29,RajuKalra,"Faculty of Commerce & 
 Management",Review of Health & Safety Performance Health & Safety,,,National,2018,978-93-85142-65-9,Kalinga University,Excellent Books Educational Publishers,
book-chapter-18-19,30,Guddi Singh,Faculty of Cs & IT,An Analysis of Distributed Passport based Security Protocol in AD-HOC Networks,,,National,2018,978-93-85142-57-4,Kalinga University,Excellent Books Educational Publishers,
book-chapter-18-19,31,Aparna Junnarkar,Faculty of Cs & IT,An Analysis of Distributed Passport based Security Protocol in AD-HOC Networks,,,National,2018,978-93-85142-57-4,Kalinga University,Excellent Books Educational Publishers,
book-chapter-18-19,32,Paritosh Dubey,"Faculty of Commerce & 
 Management",The Role of Information Technology in Marketing,,,National,2018,978-93-85142-79-6,Kalinga University,Excellent Books Educational Publishers,
book-chapter-18-19,33,Ram Babu Arepalli,"Faculty of Commerce & 
 Management",The Role of Information Technology in Marketing,,,National,2018,978-93-85142-79-6,Kalinga University,Excellent Books Educational Publishers,
book-chapter-18-19,34,Dr. Paritosh Dube,"Faculty of Commerce & 
 Management","Harnessing Organizational Creativity for Competitive Advantage in Insurance 
 Sector: Management of Challenges",,,National,2018,978-93-85142-62-8,Kalinga University,Excellent Books Educational Publishers,
book-chapter-18-19,35,Deepak Mehta,"Faculty of Commerce & 
 Management","Harnessing Organizational Creativity for Competitive Advantage in Insurance 
 Sector: Management of Challenges",,,National,2018,978-93-85142-62-8,Kalinga University,Excellent Books Educational Publishers,
book-chapter-18-19,36,Aloni Dr. Archana,Faculty of Arts & Humanities,"Chhattisgarh Ke Janjati Kshetro Me Uchchhtar Madhyamik Vidhalyo Me 
 Adhayanrat Vidhthriyo Ki Shaishik Ruchiyo Ka Adhayayan",,,National,2018,978-93-85142-48-2,Kalinga University,Excellent Books Educational Publishers,
book-chapter-18-19,37,Tiwari Rakesh Kumar,Faculty of Education,"Chhattisgarh Ke Janjati Kshetro Me Uchchhtar Madhyamik Vidhalyo Me 
 Adhayanrat Vidhthriyo Ki Shaishik Ruchiyo Ka Adhayayan",,,National,2018,978-93-85142-48-2,Kalinga University,Excellent Books Educational Publishers,
book-chapter-18-19,38,Aloni Dr. Archana,Faculty of Education,C.G. Rajya Me Mahila Proad Shiksha Kayarkram Ki Vartman Samay Me Bhumika awm Aawashykta: Ak Adhyayan,,,National,2018,978-93-85142-93-0,Kalinga University,Excellent Books Educational Publishers,
book-chapter-18-19,39,Singh Kalpana,Faculty of Education,C.G. Rajya Me Mahila Proad Shiksha Kayarkram Ki Vartman Samay Me Bhumika awm Aawashykta: Ak Adhyayan,,,National,2018,978-93-85142-93-0,Kalinga University,Excellent Books Educational Publishers,
book-chapter-18-19,40,Mishra Sandeep,Faculty of Engineering,Smart Dust Bin Overflows Indicator using IoT,,,National,2018,978-81-89728-93-9,Kalinga University,Excellent Books Educational Publishers,
book-chapter-18-19,41,Kurre Vishesh Kumar,Faculty of Engineering,Smart Dust Bin Overflows Indicator using IoT,,,National,2018,978-81-89728-93-9,Kalinga University,Excellent Books Educational Publishers,
book-chapter-18-19,42,Mishra Sandeep,Faculty of Engineering,Detection of Liquified Petroleum Gas using Sensor through arduino UNO Microcontroller,,,National,2018,978-93-85142-21-5,Kalinga University,Excellent Books Educational Publishers,
book-chapter-18-19,43,Singh Aastha,Faculty of Engineering,Detection of Liquified Petroleum Gas using Sensor through arduino UNO Microcontroller,,,National,2018,978-93-85142-21-5,Kalinga University,Excellent Books Educational Publishers,
book-chapter-18-19,44,Jha Dr. V C,Faculty of Engineering,Investigation of Solar Air Heater in Artificial Roughness For A DUCT,,,National,2018,978-93-85142-06-2,Kalinga University,Excellent Books Educational Publishers,
book-chapter-18-19,45,Bhandarkar Dr. K.M.,Faculty of Education,Sakshar Bharat Karyakram Ke Antargarth Mahila Sashikitkaran Ke Vikas Ka Adhyayan,,,National,2018,978-93-85142-38-3,Kalinga University,Excellent Books Educational Publishers,
book-chapter-18-19,46,Singh Vijay Pratap,Faculty of Education,Sakshar Bharat Karyakram Ke Antargarth Mahila Sashikitkaran Ke Vikas Ka Adhyayan,,,National,2018,978-93-85142-38-3,Kalinga University,Excellent Books Educational Publishers,
book-chapter-18-19,47,Bhandarkar Dr. K.M.,Faculty of Education,Gramin Balikao ka Samajik vikas me Shiksha ki Bhumika ka Adhayan,,,National,2018,978-93-85142-47-5,Kalinga University,Excellent Books Educational Publishers,
book-chapter-18-19,48,Ahirwar Pyare Lal,Faculty of Education,Gramin Balikao ka Samajik vikas me Shiksha ki Bhumika ka Adhayan,,,National,2018,978-93-85142-47-5,Kalinga University,Excellent Books Educational Publishers,
book-chapter-18-19,49,Bhandarkar Dr. K.M.,Faculty of Education,vartman me gramin yuwayo ko Nidershan awam Paramarsh ki Aawashyakta ka Adhyayan,,,National,2018,978-93-85142-49-9,Kalinga University,Excellent Books Educational Publishers,
book-chapter-18-19,50,Prakashani Rameshwari,Faculty of Education,vartman me gramin yuwayo ko Nidershan awam Paramarsh ki Aawashyakta ka Adhyayan,,,National,2018,978-93-85142-49-9,Kalinga University,Excellent Books Educational Publishers,
book-chapter-18-19,51,Bhandarkar Dr. K.M,Faculty of Education,"Chhattisgarh Ke Grameen Kshetra Ke Vidhathriyo Me Naveen Shaikshk Jigasayo 
 Ke Samadhan Me Shiksha Talniki Ki Upyogita",,,National,2018,978-93-85142-42-0,Kalinga University,Excellent Books Educational Publishers,
book-chapter-18-19,52,Gangrade Anupama,Faculty of Education,"Chhattisgarh Ke Grameen Kshetra Ke Vidhathriyo Me Naveen Shaikshk Jigasayo 
 Ke Samadhan Me Shiksha Talniki Ki Upyogita",,,National,2018,978-93-85142-42-0,Kalinga University,Excellent Books Educational Publishers,
book-chapter-18-19,53,Sahu Dr. D.M.,Faculty of Arts & Humanities,"A Study on the Development of Art in Modern and Ancient era with Special 
 Consideration on Elephanta, Ajanta, Ellora and other Artistic caves of Maharashtra",,,National,2018,978-93-85142-68-0,Kalinga University,Excellent Books Educational Publishers,
book-chapter-18-19,54,Rani Mamta,Faculty of Arts & Humanities,"A Study on the Development of Art in Modern and Ancient era with Special 
 Consideration on Elephanta, Ajanta, Ellora and other Artistic caves of Maharashtra",,,National,2018,978-93-85142-68-0,Kalinga University,Excellent Books Educational Publishers,
book-chapter-18-19,55,Tiwari Richa,Faculty of Engineering,Security System using Around Microcontroller,,,National,2018,978-93-85142-03-1,Kalinga University,Excellent Books Educational Publishers,
book-chapter-18-19,56,Thakur Suman,Faculty of Engineering,Security System using Around Microcontroller,,,National,2018,978-93-85142-03-1,Kalinga University,Excellent Books Educational Publishers,
book-chapter-18-19,57,Shukla dr. Ajay,Faculty of Arts & Humanities,Kabir Ki Rachnao Ka Vishleshan Pream Darshan Ke Sandarbh Me,,,National,2018,978-93-85142-46-8,Kalinga University,Excellent Books Educational Publishers,
book-chapter-18-19,58,Rani Mamta,Faculty of Arts & Humanities,Kabir Ki Rachnao Ka Vishleshan Pream Darshan Ke Sandarbh Me,,,National,2018,978-93-85142-46-8,Kalinga University,Excellent Books Educational Publishers,
book-chapter-18-19,59,"Kumar, Dr. Sanjay",Faculty of Engineering,An Analysis of Student's Academic Performance by Fuzzy based Data Mining,,,National,2018,978-93-85142-50-5,Kalinga University,Excellent Books Educational Publishers,
book-chapter-18-19,60,Jain Swati,Faculty of Engineering,An Analysis of Student's Academic Performance by Fuzzy based Data Mining,,,National,2018,978-93-85142-50-5,Kalinga University,Excellent Books Educational Publishers,
book-chapter-18-19,61,Upadhyay Gouri,Faculty of Engineering,A Study of Patient's Diagnosis Data by Artificial Neural Network,,,National,2018,978-93-85142-60-4,Kalinga University,Excellent Books Educational Publishers,
book-chapter-18-19,62,Deepshikha,Faculty of Engineering,A Study of Patient's Diagnosis Data by Artificial Neural Network,,,National,2018,978-93-85142-60-4,Kalinga University,Excellent Books Educational Publishers,
book-chapter-18-19,63,Anupriya,"Faculty of Commerce & 
 Management",A Study of Competency of Hospital Management in Selected Hospitals,,,National,2018,978-93-85142-75-8,Kalinga University,Excellent Books Educational Publishers,
book-chapter-18-19,64,Michael Jolien,"Faculty of Commerce & 
 Management",A Study of Competency of Hospital Management in Selected Hospitals,,,National,2018,978-93-85142-75-8,Kalinga University,Excellent Books Educational Publishers,
book-chapter-18-19,65,Shankar Dr. Mani,Faculty of Arts & Humanities,Chhatisgarh Sithat Kendirya Sawarjanik Aodhogik Upkramo Me Chhawi Nirman Prabandhan Ka Vishleshan,,,National,2018,978-93-85142-40-6,Kalinga University,Excellent Books Educational Publishers,
book-chapter-18-19,66,Namdev Aditi,Faculty of Arts & Humanities,Chhatisgarh Sithat Kendirya Sawarjanik Aodhogik Upkramo Me Chhawi Nirman Prabandhan Ka Vishleshan,,,National,2018,978-93-85142-40-6,Kalinga University,Excellent Books Educational Publishers,
book-chapter-18-19,67,Chandrappa Dr. S.,Faculty of Science,A Study of Preservation and Conservation services of ITS Impact,,,National,2018,978-93-85142-61-1,Kalinga University,Excellent Books Educational Publishers,
book-chapter-18-19,68,Dutta Dharam Das,Faculty of Science,A Study of Preservation and Conservation services of ITS Impact,,,National,2018,978-93-85142-61-1,Kalinga University,Excellent Books Educational Publishers,
book-chapter-18-19,69,Prajapati Mithlesh,Faculty of Cs & IT,A Study of Cloud Computing For E-Governance,,,National,2018,978-93-85142-53-6,Kalinga University,Excellent Books Educational Publishers,
book-chapter-18-19,70,Kushwaha Manju,Faculty of Cs & IT,A Study of Cloud Computing For E-Governance,,,National,2018,978-93-85142-53-6,Kalinga University,Excellent Books Educational Publishers,
book-chapter-18-19,71,Bai Dr. Y. Meeria,Faculty of Science,Information Seeking Behaviour of Dairy Science Students,,,National,2018,978-93-85142-66-6,Kalinga University,Excellent Books Educational Publishers,
book-chapter-18-19,72,Betagerl Shanta S.,Faculty of Science,Information Seeking Behaviour of Dairy Science Students,,,National,2018,978-93-85142-66-6,Kalinga University,Excellent Books Educational Publishers,
book-chapter-18-19,73,Asha Ambhaikar,Faculty of Cs & IT,Web Services Security Analysis And Management Tool,,,National,2018,978-93-85142-70-3,Kalinga University,Excellent Books Educational Publishers,
book-chapter-18-19,74,Neha Sharma,Faculty of Cs & IT,Web Services Security Analysis And Management Tool,,,National,2018,978-93-85142-70-3,Kalinga University,Excellent Books Educational Publishers,
books 2022-23,1,Dr. R Shridhar,Faculty of Commerce & Management,Life Skills,,,National,2022,978-81-953083-6-1,Kalinga University,Aditi Publication Publishers,
books 2022-23,2,Dr. V. Vidhya,Faculty of Commerce & Management,E-Commerce,,,National,2022,978-93-93239-76-1,Kalinga University,Red'Shine Publishers,
books 2022-23,3,Dr. Umesh U,Faculty of Commerce & Management,E-Commerce,,,National,2022,978-93-93239-76-1,Kalinga University,Red'Shine Publishers,
books 2022-23,4,Dr. Mohammed Rauf,Faculty of Commerce & Management,E-Commerce,,,National,2022,978-93-93239-76-1,Kalinga University,Red'Shine Publishers,
books 2022-23,5,Kishor kumar Dash,Faculty of Commerce & Management,E-Commerce,,,National,2022,978-93-93239-76-1,Kalinga University,Red'Shine Publishers,
books 2022-23,6,Dr. Paritosh Dube,Faculty of Commerce & Management,E-Commerce,,,National,2022,978-93-93239-76-1,Kalinga University,Red'Shine Publishers,
books 2022-23,7,Dr. Paritosh Dube,Faculty of Commerce & Management,Financial Management,,,National,2022,978-93-93239-88-4,Kalinga University,Red'Shine Publishers,
books 2022-23,8,Dr. Shariq Mohammed,Faculty of Commerce & Management,Financial Management,,,National,2022,978-93-93239-88-4,Kalinga University,Red'Shine Publishers,
books 2022-23,9,Salauddeen Shaik,Faculty of Commerce & Management,Financial Management,,,National,2022,978-93-93239-88-4,Kalinga University,Red'Shine Publishers,
books 2022-23,10,Dr. K. Ahamed Anis Fathima,Faculty of Commerce & Management,Financial Management,,,National,2022,978-93-93239-88-4,Kalinga University,Red'Shine Publishers,
books 2022-23,11,Dr. Ganesh Sambhaji Lande,Faculty of Commerce & Management,Financial Management,,,National,2022,978-93-93239-88-4,Kalinga University,Red'Shine Publishers,
books 2022-23,12,Nidhi singh,Faculty of Law,"The Menace And Implications Of Narcotic Drug Abuse And Alcoholism In 
 India: A Socio-Legal Study",,,National,2022,978-93-93493-75-0,Kalinga University,Singhal Law Publishers,
books 2022-23,13,Sudhanshu Chandra,Faculty of Law,"The Menace And Implications Of Narcotic Drug Abuse And Alcoholism In 
 India: A Socio-Legal Study",,,National,2022,978-93-93493-75-0,Kalinga University,Singhal Law Publishers,
books 2022-23,14,Mr. Kishor Kumar Dash,Faculty of Commerce & Management,Business Finance And Economics,,,National,2022,978-93-93239-94-5,Kalinga University,Red'Shine Publishers,
books 2022-23,15,Dr. Nitu Maurya,Faculty of Commerce & Management,Business Finance And Economics,,,National,2022,978-93-93239-94-5,Kalinga University,Red'Shine Publishers,
books 2022-23,16,Dr. Paritosh Dube,Faculty of Commerce & Management,Business Finance And Economics,,,National,2022,978-93-93239-94-5,Kalinga University,Red'Shine Publishers,
books 2022-23,17,Cma Maithili S Malpure,Faculty of Commerce & Management,Business Finance And Economics,,,National,2022,978-93-93239-94-5,Kalinga University,Red'Shine Publishers,
books 2022-23,18,Dr. Arya Kumar,Faculty of Commerce & Management,Business Finance And Economics,,,National,2022,978-93-93239-94-5,Kalinga University,Red'Shine Publishers,
books 2022-23,19,Mr. Aseem Setia,Faculty of Pharmacy,A Practical Book Of Pharmaceutics-I,,,National,2022,978-93-92159-70-1,Kalinga University,Pritam Publishers,
books 2022-23,20,Dr. Ram Kumar Sahu,Faculty of Pharmacy,A Practical Book Of Pharmaceutics-I,,,National,2022,978-93-92159-70-1,Kalinga University,Pritam Publishers,
books 2022-23,21,Dr. Sandip Prasad Tiwari,Faculty of Pharmacy,A Practical Book Of Pharmaceutics-I,,,National,2022,978-93-92159-70-1,Kalinga University,Pritam Publishers,
books 2022-23,22,Dr. Aakash Singh Panwar,Faculty of Pharmacy,A Practical Book Of Pharmaceutics-I,,,National,2022,978-93-92159-70-1,Kalinga University,Pritam Publishers,
books 2022-23,23,Mr. Manas Rathore,Faculty of Engineering,Design & Analysis of Multistoried Residential Building Using ETABS,,,National,2022,978-3-659-55431-5,Kalinga University,LAP LAMBART Academic Publishing,
books 2022-23,24,Mr. Honey Gaur,Faculty of Engineering,Programing Language Used in Concrete Development,,,National,2022,978-3-659-78780-5,Kalinga University,LAP LAMBART Academic Publishing,
books 2022-23,25,Mr. Abhishek Kumar Singh,Faculty of Engineering,Programing Language Used in Concrete Development,,,National,2022,978-3-659-78780-5,Kalinga University,LAP LAMBART Academic Publishing,
books 2022-23,26,Mr. Piyush Das,Faculty of Engineering,Permeable concrete in Advance Construction,,,National,2022,978-620-2-05934-3,Kalinga University,LAP LAMBART Academic Publishing,
books 2022-23,27,Nazya Praveen,Faculty of Engineering,Permeable concrete in Advance Construction,,,National,2022,978-620-2-05934-3,Kalinga University,LAP LAMBART Academic Publishing,
books 2022-23,28,Ms. Swati Agrawal,Faculty of Engineering,Design of Base Isolation System for an R.C.C. Building,,,National,2022,978-620-2-19754-0,Kalinga University,LAP LAMBART Academic Publishing,
books 2022-23,29,Mr. Akshit Lamba,Faculty of Engineering,Study and Design of Sports Stadium,,,National,2022,978-613-9-93370-9,Kalinga University,LAP LAMBART Academic Publishing,
books 2022-23,30,Mr. Akshit Lamba,Faculty of Engineering,Study & Design of Intze Type Water Tank,,,National,2022,978-613-9-45561-4,Kalinga University,LAP LAMBART Academic Publishing,
books 2022-23,31,Mr. Kushagra Pandey,Faculty of Engineering,Geo-Polymer Aggregates from Fly Ash Substitute to Natural Aggregate,,,National,2022,978-620-2-06033-2,Kalinga University,LAP LAMBART Academic Publishing,
books 2022-23,32,Dr. N. K. Dhapekar,Faculty of Engineering,Study of micro Stuctural Properties of Concrete,,,National,2022,978-613-9-44319-2,Kalinga University,LAP LAMBART Academic Publishing,
books 2022-23,33,Mr. Bireshwar Ganguly,Faculty of Engineering,,,"Implementation of 
 Consumer Tailored 
 Dynamic Web Layout using Customer",International,2022,978-1-6654-3342-6,Kalinga University,,
books 2022-23,34,Dr.Asha Ambhaikar,Faculty of Engineering,,,"Implementation of 
 Consumer Tailored 
 Dynamic Web Layout using Customer",International,2022,978-1-6654-3342-6,Kalinga University,,
books 2022-23,35,Dr. Krushna Chandra Dalai,Faculty of Law,Educational Transformation: A Human Right Perspective In this Milliennium,,,National,2022,978-93-90889-06-8,Kalinga University,Prakhar Goonj Publication,
books 2022-23,36,Dr. Shilpi Srivastava,Faculty of Science,Conceptual Organic Chemistry,,,National,2022,978-620-4-95415-8,Kalinga University,LAP LAMBART Academic Publishing,
books 2022-23,37,G. Divya,Faculty of Commerce & Management,Human Resource Management,,,National,2022,978-52-04758-27-9,Kalinga University,LAP LAMBART Academic Publishing,
books 2022-23,38,Shailesh M. Deshmukh,Faculty of Engineering,Enhance The Power Quality,,,National,2022,978-62-00261-30-4,Kalinga University,LAP LAMBART Academic Publishing,
books 2022-23,39,Dr. Sanyogita Shahi,Faculty of Science,Milk Oligosaccharides As Immunostimulant Volume-1,,,National,2022,978-93-95074-01-8,Kalinga University,Stallion Publication,
books 2022-23,40,Guddi Singh,Faculty of Cs & IT,Soft Computing and Data Mining Technique for Forecasting,,,National,2022,978-62-04953-49-6,Kalinga University,LAP LAMBART Academic Publishing,
books 2022-23,41,Shikha Tiwari,Faculty of Cs & IT,Soft Computing and Data Mining Technique for Forecasting,,,National,2022,978-62-04953-49-6,Kalinga University,LAP LAMBART Academic Publishing,
books 2022-23,42,Dr. Komal Gupta,Faculty of Commerce & Management,Banking in India,,,National,2022,978-62-04955-94-0,Kalinga University,LAP LAMBART Academic Publishing,
books 2022-23,43,Dr. Sushma Dubey,Faculty of Science,Plant Pathogenic Fungi and Their Phytotoxins as Bioherbicides,,,National,2022,978-3-030-90648-1,Kalinga University,Springer,
books 2022-23,44,Dr. Vijayalaxmi Biradar,Faculty of Engineering,Digitalization of Education-Challenges and Measures for Promotion,,,National,2022,978-981-19-2983-0,Kalinga University,Springer,
books 2022-23,45,Mr. Amritesh Chandra Shukla,Faculty of Science,Applied Mycology Entrepreneurship with Fungi,,,National,2022,978-3-030-90649-8,Kalinga University,Springer,
books 2022-23,46,Mr.Omprakash Dewangan,Faculty of Cs & IT,Clustering Algorithms for Noisy Colored Images,,,National,2022,978-620-5-49467-7,Kalinga University,LAP LAMBART Academic Publishing,
books 2022-23,47,Dr. Shraddha Hirakane,Faculty of Arts & Humanities,Bhaktikalin saint aur unka kavya vaishistya,,,National,2022,978-93-91515-43-0,Kalinga University,Manish Publication,
books 2022-23,48,Mr.Akshit Lamba,Faculty of Engineering,Study & Design of Multilevel Car Parking,,,National,2022,979-88-88052-02-0,Kalinga University,Notionpress.com,
books 2022-23,49,Mr.Chanchal Deep Kaur,Faculty of Pharmacy,Review and Research Updates on some Chronic Diseases,,,National,2022,978-62-00467-39-3,Kalinga University,LAP LAMBART Academic Publishing,
books 2022-23,50,Dr. Sunayana Shukal,Faculty of Commerce & Management,Impact of Subliminal Advertising on Consumer Purchase Intentions,,,National,2022,978-62-04954-73-8,Kalinga University,LAP LAMBART Academic Publishing,
books 2022-23,51,Ms. Swati Agrawal,Faculty of Engineering,Impact of Corner Radius and Confinement Layer on Behaviors of RC Column,,,National,2022,979-88-88052-42-6,Kalinga University,Notionpress.com,
books 2022-23,52,Mrs. Kirti Sahu Tirpude,Faculty of Engineering,Study & Design of Sports Stadium by Using Staad Pro.,,,National,2022,978-62-05488-88-1,Kalinga University,LAP LAMBART Academic Publishing,
books 2022-23,53,Mr.Piyush Das,Faculty of Engineering,Analysis of Narva Restoration Plan,,,National,2022,978-62-05495-33-9,Kalinga University,LAP LAMBART Academic Publishing,
books 2022-23,54,Ms. Ruchi Chandrakar,Faculty of Engineering,Study of X-ray Diffractometer (XRD),,,National,2022,978-62-05495-36-0,Kalinga University,LAP LAMBART Academic Publishing,
books 2022-23,55,Dr. N. K.Dhapekar,Faculty of Engineering,"PREDICTION OF COMPRESSIVE
 STRENGTH OF RECYCLED AGGREGATE
 CONCRETE USING NEURAL NETWORK",,,National,2022,979-888-8-05222-8,Kalinga University,Notionpress.com,
books 2022-23,56,Mr. Manas Rathore,Faculty of Engineering,Design of Precast Structure Using ETABS Software,,,National,2022,979-888-8-05665-3,Kalinga University,Notionpress.com,
books 2022-23,57,Dr. Shraddha Hirkane,Faculty of Arts & Humanities,Gurunanak ji ka jeevan darshan or unki shikshaye,,,National,2022,978-93-91515-43-0,Kalinga University,Manish Publication,
books 2022-23,58,Dr. Shraddha Hirkane,Faculty of Arts & Humanities,SANT RAVIDAS DARSHAN,,,National,2022,978-93-91515-43-0,Kalinga University,Manish Publication,
books 2022-23,59,Ms. Riya Goel,Faculty of Commerce & Management,Inventory management,,,National,2022,978-93-91259-58-7,Kalinga University,Sahitya Bhawan Publications,
books 2022-23,60,Dr. Abhishek Tripathi,Faculty of Commerce & Management,Healthcare Marketing,,,National,2022,978-93-94727-06-9,Kalinga University,Red'Shine Publication,
books 2022-23,61,Ms. Rajni Yadav,Faculty of Pharmacy,,An in-vivo herb drug interaction study os some anticancer drugs with herbal extract in albino rats,"Conference on 
 Pharmacy and 
 Pharmaceutical 
 Sciences",National,2022,5693-2189,Kalinga University,"Gitam University, hyderabad",
books 2022-23,62,Dr. Aloke Verma,Faculty of Science,Rare Earth Silicates-I,,,National,2022,978-620-5-49537-7,Kalinga University,LAP LAMBART Academic Publishing,
books 2022-23,63,Dr. R. Shridhar,Faculty of Commerce & Management,Follow Your Rainbow,,,National,2022,978-93-92568-02-2,Kalinga University,Aditi Publication Publishers,
books 2022-23,65,Dr. Prashant Kumar,Faculty of Science,"Mass Spectrometry-Based Proteomics Study on Candida Infection of Covid-
 19 Patients to Discover New Antifungal Target",,,National,2022,978-1-80356-870-6,Kalinga University,Book Citation Index,
books 2022-23,66,Priyanka Gupta,Faculty of Science,Remediation of Soil Organic Pollutants by the Application of Nanomaterials,,,National,2022,978-81-958117-1-7,Kalinga University,,
books 2022-23,67,Gaurav Tamrakar,Faculty of Science,Remediation of Soil Organic Pollutants by the Application of Nanomaterials,,,National,2022,978-81-958117-1-7,Kalinga University,,
books 2022-23,68,Dr. Prashant Kumar,Faculty of Science,Entrepreneurial Opportunities In Bioenergy,,,National,2022,978-1-6684-5269-1,Kalinga University,IGI Global,
books 2022-23,69,Dr. Prashant Kumar,Faculty of Science,Biofuel Policies in India: An Assessment of Policy barriers,,,National,2022,978-1-6684-5269-1,Kalinga University,IGI Global,
books 2022-23,70,Dr. Byju John,Faculty of Commerce & Management,An Analysis of levels of Financial Numeracy and Attitude among the Teachers in Higher Learning Institutions in Hyderabad,,,National,2022,-,Kalinga University,-,
books 2022-23,71,Dr. amit Joshi,Faculty of Science,Foundations of Quantum Biochemistry,,,National,2022,978-93-5621-262-6,Kalinga University,Orange Books Publication,
books 2022-23,72,Dr. C.P. Jawahar,Faculty of Engineering,Al2O3/HFE based thermosyphon for heat transfer enhancement,,,National,2022,978-0-323-90498-8,Kalinga University,Elsevier,
books 2022-23,73,Dr. Shilpi Bhattacharya,Faculty of Arts & Humanities,Rethinking Global Ideologies Through Science of Humanities,,,National,2022,978-93-93694-20-1,Kalinga University,Nitya Publications,
books 2022-23,74,Dr. Ajay Shukla,Faculty of Arts & Humanities,Rethinking Global Ideologies Through Science of Humanities,,,National,2022,978-93-93694-20-1,Kalinga University,Nitya Publications,
books 2022-23,75,Dr. A. Rajshekhar,Faculty of Arts & Humanities,Rethinking Global Ideologies Through Science of Humanities,,,National,2022,978-93-93694-20-1,Kalinga University,Nitya Publications,
books 2022-23,76,Dr. A. Vijayanand,Faculty of Arts & Humanities,Rethinking Global Ideologies Through Science of Humanities,,,National,2022,978-93-93694-20-1,Kalinga University,Nitya Publications,
books 2022-23,77,Dr. Vijay Bhushan,Faculty of Arts & Humanities,Rethinking Global Ideologies Through Science of Humanities,,,National,2022,978-93-93694-20-1,Kalinga University,Nitya Publications,
books 2022-23,78,Dr. N. K. Dhapekar,Faculty of Engineering,Applications of X-Ray diffraction in Civil Engineering,,,National,2022,978-620-5-49288-8,Kalinga University,LAP LAMBART Academic Publishing,
books 2022-23,79,Mr. Akshit Lamba,Faculty of Engineering,Study of Radial Gate & its Piers,,,National,2022,978-620-5-49266-6,Kalinga University,LAP LAMBART Academic Publishing,
books 2022-23,80,Mr.Manas Rathore,Faculty of Engineering,Design and Analysis of Hostel Building using ETABS Software,,,National,2022,978-620-5-49-254-3,Kalinga University,LAP LAMBART Academic Publishing,
books 2022-23,81,Mr. Piyush Das,Faculty of Engineering,Ground Improvement Technique in different construction work,,,National,2022,979-888-8-49268-0,Kalinga University,Notion Press,
books 2022-23,82,Mrs. Kirti Sahu Tripude,Faculty of Engineering,Utilization of Coconut Shell as Greener Concrete,,,National,2022,978-620-5-50893-0,Kalinga University,LAP LAMBART Academic Publishing,
books 2022-23,83,Mr. Kunal Dewangan,Faculty of Engineering,Analisis por elementos finitos con Ansys 15.0,,,National,2022,978-620-5-26163-7,Kalinga University,Dodo books Indian Ocean Ltd. And OmniScriptum S.R.L,
books 2022-23,84,Mr. Swapnil Shukla,Faculty of Engineering,Analisis por elementos finitos con Ansys 15.0,,,National,2022,978-620-5-26163-7,Kalinga University,Dodo books Indian Ocean Ltd. And OmniScriptum S.R.L,
books 2022-23,85,Mr. Kunal Dewangan,Faculty of Engineering,Process parameters Optimization of Electric discharge machining,,,National,2022,978-620-5-49799-9,Kalinga University,LAP LAMBART Academic Publishing,
books 2022-23,86,Dr. N.K. Dhapekar,Faculty of Engineering,"National Conference on RECENT ADVANCEMENTS IN ENGINEERING & COMPUTING TECHNOLOGIES, NCRAECT-2022",,,National,2022,978-93-5641-005-3,Kalinga University,"Nitya Publications,",
books 2022-23,87,Mr. Ompakash Dewangan,Faculty of Engineering,"National Conference on RECENT ADVANCEMENTS IN ENGINEERING & COMPUTING TECHNOLOGIES, NCRAECT-2022",,,National,2022,978-93-5641-005-3,Kalinga University,"Nitya Publications,",
books 2022-23,88,Mr. Shailesh Deshmukh,Faculty of Engineering,"National Conference on RECENT ADVANCEMENTS IN ENGINEERING & COMPUTING TECHNOLOGIES, NCRAECT-2022",,,National,2022,978-93-5641-005-3,Kalinga University,"Nitya Publications,",
books 2022-23,89,Mr. Gaurav Tamrakar,Faculty of Engineering,"National Conference on RECENT ADVANCEMENTS IN ENGINEERING & COMPUTING TECHNOLOGIES, NCRAECT-2022",,,National,2022,978-93-5641-005-3,Kalinga University,"Nitya Publications,",
books 2022-23,90,Mr. Gaurav Tamrakar,Faculty of Engineering,Fiber reinforced Polyester Composite Materials: Testing & Fabrication,,,National,2022,978-620-5-52745-0,Kalinga University,LAP LAMBART Academic Publishing,
books 2022-23,91,Mrs. Priyanka Gupta,Faculty of Engineering,Fiber reinforced Polyester Composite Materials: Testing & Fabrication,,,National,2022,978-620-5-52745-0,Kalinga University,LAP LAMBART Academic Publishing,
books 2022-23,92,Mrs. Priyanka Gupta,Faculty of Engineering,Analytical Techniques for the assessment of Pesticide in soil,,,National,2022,978-620-5-52749-8,Kalinga University,LAP LAMBART Academic Publishing,
books 2022-23,93,Mr. Gaurav Tamrakar,Faculty of Engineering,Analytical Techniques for the assessment of Pesticide in soil,,,National,2022,978-620-5-52749-8,Kalinga University,LAP LAMBART Academic Publishing,
books 2022-23,94,Ms. Madhumita Ghosh,Faculty of Arts & Humanities,"Life Scuffles of the Slum Dwellers- An Overview of Kharagpur City, West 
 Bengal",,,National,2022,978-93-93694-20-1,Kalinga University,Nitya Publications,
books 2022-23,95,Mr. Chandan Singh Rajput,Faculty of Arts & Humanities,"Rethinking the Woman Stature through the Historical Evidences from 
 Vedic Period till 21st Century",,,National,2022,978-93-93694-20-1,Kalinga University,Nitya Publications,
books 2022-23,96,Ms. Jasika Minj,Faculty of Arts & Humanities,"In the Eye of Globalized World Rethinking Ideologies Of public 
 Administration",,,National,2022,978-93-93694-20-1,Kalinga University,Nitya Publications,
books 2022-23,97,Ms. Shreya Dwivedi,Faculty of Arts & Humanities,Paradigm shift post covid : Theatre versus OTT,,,National,2022,978-93-93694-20-1,Kalinga University,Nitya Publications,
books 2022-23,98,Ms. Geetika Bramhbhatt,Faculty of Arts & Humanities,Cinematic Illusion on Transhuman Theory,,,National,2022,978-93-93694-20-1,Kalinga University,Nitya Publications,
books 2022-23,99,Ms. Aakriti Dewangan,Faculty of Arts & Humanities,Cinematic Illusion on Transhuman Theory,,,National,2022,978-93-93694-20-1,Kalinga University,Nitya Publications,
books 2022-23,100,Ms. Tuhina choubey,Faculty of Arts & Humanities,Cinematic Illusion on Transhuman Theory,,,National,2022,978-93-93694-20-1,Kalinga University,Nitya Publications,
books 2022-23,101,Mr. Rajkumar Das,Faculty of Arts & Humanities,Cinematic Illusion on Transhuman Theory,,,National,2022,978-93-93694-20-1,Kalinga University,Nitya Publications,
books 2022-23,102,Dr. Shubhankar Roy,Faculty of Arts & Humanities,The Importance of Being Girish Karnad : A Reappraisal of Naga- Mandala,,,National,2022,978-93-93694-20-1,Kalinga University,Nitya Publications,
books 2022-23,103,Ms. Wafi Ahmed Khan,Faculty of Arts & Humanities,Rising Up: Education as the Pathway to Social Mobility,,,National,2022,978-93-93694-20-1,Kalinga University,Nitya Publications,
books 2022-23,104,Mr. Rajkumar Das,Faculty of Arts & Humanities,Media Literacy Through A New Perspective,,,National,2022,978-93-93694-20-1,Kalinga University,Nitya Publications,
books 2022-23,105,Dr. Ajay Kumar shukla,Faculty of Arts & Humanities,Ckky i=dkfjrk dk u;k lalkj,,,National,2022,978-93-93694-20-1,Kalinga University,Nitya Publications,
books 2022-23,106,Dr. Shraddha Hirkane,Faculty of Arts & Humanities,ladV ds le; dyk vkSj lkfgR; dh Hkwfedk,,,National,2022,978-93-93694-20-1,Kalinga University,Nitya Publications,
books 2022-23,107,Dr. Vijay Bhushan,Faculty of Arts & Humanities,Eat Right with Right of Eat,,,National,2022,978-93-92108-27-3,Kalinga University,Rudra,
books 2022-23,108,Mr. Omprakash Dewangan,Faculty of Cs & IT,Machine Learning & Deep Learning Applications,,,National,2022,,Kalinga University,IIP Proceeding,
books 2022-23,109,Mr. Proshanta Sarkar,Faculty of Cs & IT,Machine Learning & Deep Learning Applications,,,National,2022,,Kalinga University,IIP Proceeding,
books 2022-23,110,Mr. Omprakash Dewangan,Faculty of Cs & IT,A concept of Computer Programming and Languages,,,National,2022,,Kalinga University,AkiNik Publications,
books 2022-23,111,Mr. Proshanta Sarkar,Faculty of Cs & IT,A concept of Computer Programming and Languages,,,National,2022,,Kalinga University,AkiNik Publications,
books 2022-23,112,Dr. Abhishek Tripathi,Faculty of Commerce & Management,RECENT TRENDS ON THE FIELD OF COMMERCE AND MANAGEMENT,,,National,2022,979-88-88495-02-5,Kalinga University,NOTION PRESS,
books 2022-23,113,Dr. Abhishek Tripathi,Faculty of Commerce & Management,Introduction of the Management in recent times,,,National,2022,979-88-88495-02-5,Kalinga University,NOTION PRESS,
books 2022-23,114,Ms. Riya Goel,Faculty of Commerce & Management,Modern Marketing Management and New trends in marketing,,,National,2022,979-88-88495-02-5,Kalinga University,NOTION PRESS,
books 2022-23,115,Ms. Muskan Diwan,Faculty of Commerce & Management,Impact on Marketing Automation on Business performance,,,National,2022,979-88-88495-02-5,Kalinga University,NOTION PRESS,
books 2022-23,116,Ms. Neha Choithramani,Faculty of Commerce & Management,Modern trends in finance sector and challenges faced by the banking and financial industry,,,National,2022,979-88-88495-02-5,Kalinga University,NOTION PRESS,
books 2022-23,117,Ms. Neha Pathak,Faculty of Commerce & Management,Recent trends of Funding Options to Raise Startup Capital,,,National,2022,979-88-88495-02-5,Kalinga University,NOTION PRESS,
books 2022-23,118,Ms. Piya Rani Nirala,Faculty of Commerce & Management,Latest Trends in HRM shaping the HR field,,,National,2022,979-88-88495-02-5,Kalinga University,NOTION PRESS,
books 2022-23,119,Ms. Mariyam Ahmed,Faculty of Commerce & Management,Trends you need to know for dynamic managerial environment,,,National,2022,979-88-88495-02-5,Kalinga University,NOTION PRESS,
books 2022-23,120,Dr. Sunayana Shukal,Faculty of Commerce & Management,Neuromarketing- A Revolutionary Marketing Technique,,,National,2022,979-88-88495-02-5,Kalinga University,NOTION PRESS,
books 2022-23,121,Dr. Abhishek Tripathi,Faculty of Commerce & Management,Metaverse and Business,,,National,2022,979-88-88495-02-5,Kalinga University,NOTION PRESS,
books 2022-23,122,Ms. Shilpa Sharma,Faculty of Commerce & Management,M-Commerce,,,National,2022,979-88-88495-02-5,Kalinga University,NOTION PRESS,
books 2022-23,123,Dr. Komal Gupta,Faculty of Commerce & Management,The Impact of Technology on Entrepreneurship,,,National,2022,979-88-88495-02-5,Kalinga University,NOTION PRESS,
books 2022-23,124,Ms. Shinki K Pandey,Faculty of Commerce & Management,The Future of the Banking and Insurance Industry in India,,,National,2022,979-88-88495-02-5,Kalinga University,NOTION PRESS,
books 2022-23,125,Ms. Jasmine Joshi,Faculty of Commerce & Management,Work life balance -when working from home.,,,National,2022,979-88-88495-02-5,Kalinga University,NOTION PRESS,
books 2022-23,126,Ms. Muskan Diwan,Faculty of Commerce & Management,"A Study of Innovative Marketing Strategies Adopted by Selected 
 Companies During covid Era",,,National,2022,978-93-91908-28-7,Kalinga University,,
books 2022-23,127,Dr. Sandip Prasad Tiwari,Faculty of Pharmacy,Ayurveda- The best choice of treatment option for the management of psoirasis,,,National,2022,978-81-958127-1-4,Kalinga University,"Academic Decipher Press, Mumbai",
books 2022-23,128,Mr.Pranjul Shrivastava,Faculty of Pharmacy,Ayurveda- The best choice of treatment option for the management of psoirasis,,,National,2022,978-81-958127-1-4,Kalinga University,"Academic Decipher Press, Mumbai",
books 2022-23,129,Dr. Amit Joshi,Faculty of Science,Essentials of Cell Biology,,,National,2022,978-93-5621-287-9,Kalinga University,Orange Books Publication,
books 2022-23,130,Dr. Shilpi Shrivastava,Faculty of Science,The synthesis of zinc sulfide for use in solar cells by sol-gel nanoparticles,,,National,2022,978-93-91768-97-3,Kalinga University,Bhoomi publication,
books 2022-23,131,Dr. Aloke Verma,Faculty of Science,The synthesis of zinc sulfide for use in solar cells by sol-gel nanoparticles,,,National,2022,978-93-91768-97-3,Kalinga University,Bhoomi publication,
books 2022-23,132,Dr. Preeti Pandey,Faculty of Science,BIOCHEMICAL ANALYSIS OF PESTICIDES ON AGRICULTURAL SOIL,,,National,2022,978-93-5570-457-3,Kalinga University,AkiNik Publications,
books 2022-23,133,Ms. Vibha Chandrakar,Faculty of Science,In Depth Analysis of Sustainable Practices In Indian Fashion Industry,,,National,2022,978-620-5-51625-6,Kalinga University,LAP LAMBART Academic Publishing,
books 2022-23,134,Mr. Kapil Kelkar,Faculty of Science,A Book of Fashion Illustrations,,,National,2022,978-93-92473-30-2,Kalinga University,Blue Ink,
books 2022-23,135,Mr. Deependra soni,Faculty of Pharmacy,Handbook of Pharmacognosy For Post Graduates,,,National,2022,978-613-9-99263-8,Kalinga University,LAP LAMBART Academic Publishing,
books 2022-23,136,Mr. Deependra soni,Faculty of Pharmacy,Review and Research Updates on Some Chronic Diseases,,,National,2022,978-620-0-46739-3,Kalinga University,LAP LAMBART Academic Publishing,
books 2022-23,137,Dr. A. Rajshekhar,Faculty of Arts & Humanities,Environment and Public Health,,,National,2022,978-939-5-93610-1,Kalinga University,AGPH Publishing,
books 2022-23,138,Dr. A. Rajshekhar,Faculty of Arts & Humanities,Foundations of Research Methodology,,,National,2022,978-939-5-93693-4,Kalinga University,AGPH Publishing,
books 2022-23,139,Mrs. Pooja P Raj,Faculty of Cs & IT,High Performance Computing,,,National,2022,978-93-5570-526-6,Kalinga University,AkiNik Publications,
books 2022-23,140,Mrs. Swati Tiwari,Faculty of Cs & IT,High Performance Computing,,,National,2022,978-93-5570-526-6,Kalinga University,AkiNik Publications,
books 2022-23,141,,Faculty of Arts & Humanities,Global Crisis in the Present Scenario,,,International,2022,978-93-93694-15-7,Kalinga University,"Nitya Publications, Bhopal",
books 2022-23,142,Dr. Abhishek Tripathi,Faculty of Commerce & Management,"BSNL Ratios, Operations & Analysis",,,National,2022,978-620-5-49353-3,Kalinga University,LAP LAMBART Academic Publishing,
books 2022-23,143,Dr. Abhishek Tripathi,Faculty of Commerce & Management,,"Emerging Business and Technology 
 Issues with Emergence of Industry 
 4.0",,National,2022,978-93-92568-29-9,Kalinga University,Aditi Publication Publishers,
books 2022-23,144,N.K. Dhapekar,Faculty of Engineering,,Prediction of Micro -Structural properties of Recycled Aggregate concrete using Artificial Intelligence,IEEE Conferences,International,2022,,Kalinga University,IEEE,
books 2022-23,145,Mr. Sandeep Mishra,Faculty of Engineering,,"Agri-Bot: IoT Based Unmanned 
 Smart Vehicle for Multiple 
 Agriculture Operation",,International,2022,978-1-6654-0357-3,Kalinga University,IEEE,
books 2022-23,146,Ms. Aakriti Dewangan,Faculty of Arts & Humanities,"A Shift in the Livelihood Means of Chhattisgarh Tribals: Positive or 
 Negative to the Ecosystem",,,National,2022,978-81-95327-26-3,Kalinga University,IRA Publication,
books 2022-23,147,Dr. Aakriti Dewangan,Faculty of Arts & Humanities,"Nutrition and Health of Adolescent Girls: Evaluation of Government 
 Programs",,,National,2022,978-93-92108-27-3,Kalinga University,Rudra Publications,
books 2022-23,148,Mr. Shailesh Singh Thakur,Faculty of Engineering,Materials for Advanced Heat Transfer Systems,,,National,2022,978-81-955340-8-1,Kalinga University,Academic Guru Publication House,
books 2022-23,149,Pranjul Shrivastava,Faculty of Pharmacy,"""Advances in Medicinal Plant Sciences (Volume - 4)""",,,National,2022,978-93-93502-44-5,Kalinga University,Integrated Publications TM New Delhi,
books 2022-23,150,Dr. Aloke Verma,Faculty of Science,"Characterization of CH3CH2NH3SnI3/TiO2 Heterojunction: Lead-Free 
 Perovskite Solar Cells",,,National,2022,978-17-99884-25-5,Kalinga university,IGI Global,
books 2022-23,155,Dr. Ajay Kumar shukla,Faculty of Arts & Humanities,"d`"".kk lkscrh ds miU;kl **fe=ksa ejtkuh** esa ukjh foe'kZ",,,International,2022,978-93-93694-15-7,Kalinga University,"Nitya Publications, Bhopal",
books 2022-23,156,Dr. Shraddha Hirkane,Faculty of Arts & Humanities,"eS=s;h iq""ik ds miU;klksa esa lkekftd ;FkkFkZ",,,International,2022,978-93-93694-15-7,Kalinga University,"Nitya Publications, Bhopal",
books 2022-23,157,Dr. Ajay Kumar shukla,Faculty of Arts & Humanities,ladV dky esa LkkfgR; dh Hkwfedk % dchj n'kZu ds lanHkZ esa,,,International,2022,978-93-93694-15-7,Kalinga University,"Nitya Publications, Bhopal",
books 2022-23,158,Dr. Ajay Kumar shukla,Faculty of Arts & Humanities,ekufld LokLF; ij oSfJod ladV dk izHkko,,,International,2022,978-93-93694-15-7,Kalinga University,"Nitya Publications, Bhopal",
books 2022-23,159,Dr. Ajay Kumar shukla,Faculty of Arts & Humanities,"xtku ek/ko eqfDrcks/k dk jpuk lkaj ¼jktukanxkao ds fo'ks""k lanHkZ esa½",,,International,2022,978-93-93694-15-7,Kalinga University,"Nitya Publications, Bhopal",
books 2022-23,160,AAKASH NAYAK,Faculty of science,"TO STUDY THE BEHAVIOURAL PATTERN OF MONGOOSE IN SEMIURBAN 
 HABITAT IN BANA VILLAGE, ODISHA",,,National,2022,978-93-91892-24-1,Kalinga University,Educational Publishers,
books 2022-23,161,DR. MANOJ SINGH,Faculty of science,"TO STUDY THE BEHAVIOURAL PATTERN OF MONGOOSE IN SEMIURBAN 
 HABITAT IN BANA VILLAGE, ODISHA",,,National,2022,978-93-91892-24-1,Kalinga University,Educational Publishers,
books 2022-23,162,ARATI MEHER,Faculty of science,A REVIEW ON BIOCONVERSION OF KITCHEN WASTE INTO VERMICOMPOST,,,National,2022,978-93-91892-81-4,Kalinga University,Educational Publishers,
books 2022-23,163,DR. MANOJ SINGH,Faculty of science,A REVIEW ON BIOCONVERSION OF KITCHEN WASTE INTO VERMICOMPOST,,,National,2022,978-93-91892-81-4,Kalinga University,Educational Publishers,
books 2022-23,164,AKANKSHYA DUBEY,Faculty of science,FISH FARMING AND AQUACULTURE PRACTICE IN KHARIAR,,,National,2022,978-93-91892-13-5,Kalinga University,Educational Publishers,
books 2022-23,165,DR. MANOJ SINGH,Faculty of science,FISH FARMING AND AQUACULTURE PRACTICE IN KHARIAR,,,National,2022,978-93-91892-13-5,Kalinga University,Educational Publishers,
books 2022-23,166,SUNEETI NETAM,Faculty of science,HUMAN-WILDLIFE AND ITS IMPACT IN DHAMTARI DISTRICT,,,National,2022,978-93-91892-15-9,Kalinga University,Educational Publishers,
books 2022-23,167,DR. MANOJ SINGH,Faculty of science,HUMAN-WILDLIFE AND ITS IMPACT IN DHAMTARI DISTRICT,,,National,2022,978-93-91892-15-9,Kalinga University,Educational Publishers,
books 2022-23,168,JAGRUTI SAHOO,Faculty of science,"DISTRIBUTION AND TEMPORAL VARIATION OF TOTAL VOLATILE ORGANIC 
 COMPOUNDS CONCENTRATIONS ASSOCIATED WITH THE HEALTH RISK IN 
 PUNJAB, INDIA",,,National,2022,978-93-91892-50-0,Kalinga University,Educational Publishers,
books 2022-23,169,DR. MANOJ SINGH,Faculty of science,"DISTRIBUTION AND TEMPORAL VARIATION OF TOTAL VOLATILE ORGANIC 
 COMPOUNDS CONCENTRATIONS ASSOCIATED WITH THE HEALTH RISK IN 
 PUNJAB, INDIA",,,National,2022,978-93-91892-50-0,Kalinga University,Educational Publishers,
books 2022-23,170,MD SHAHID RAZA,Faculty of science,A STUDY ON SNAKEBITE CASES IN INDIA WITH CONTEXT TO IT’S NEGLECTED TROPICAL DISEASE STATUS.,,,National,2022,978-93-91892-08-1,Kalinga University,Educational Publishers,
books 2022-23,171,DR. MANOJ SINGH,Faculty of science,A STUDY ON SNAKEBITE CASES IN INDIA WITH CONTEXT TO IT’S NEGLECTED TROPICAL DISEASE STATUS.,,,National,2022,978-93-91892-08-1,Kalinga University,Educational Publishers,
books 2022-23,172,SAGARIKA BABU,Faculty of science,"TEMPORARY REDUCTION IN SELECTED VOC SPECIES ASSOCIATED WITH 
 HEALTH RISK ASSESSMENT FOR PRE-, DURING, AND POST-PANDEMIC PERIODS IN TELANGANA, INDI",,,National,2022,978-93-91892-00-5,Kalinga University,Educational Publishers,
books 2022-23,173,DR. MANOJ SINGH,Faculty of science,"TEMPORARY REDUCTION IN SELECTED VOC SPECIES ASSOCIATED WITH 
 HEALTH RISK ASSESSMENT FOR PRE-, DURING, AND POST-PANDEMIC PERIODS IN TELANGANA, INDI",,,National,2022,978-93-91892-00-5,Kalinga University,Educational Publishers,
books 2022-23,174,ANINDITA PATTNAIK,Faculty of science,"CORRELATION BETWEEN VOCS AND CANCER, ITS QUANTITATIVE RISK ASSESSMENT DURING COVID 19, AND ITS CONTINGENCY IN WEST BENGAL",,,National,2022,978-93-91892-63-0,Kalinga University,Educational Publishers,
books 2022-23,175,DR. MANOJ SINGH,Faculty of science,"CORRELATION BETWEEN VOCS AND CANCER, ITS QUANTITATIVE RISK ASSESSMENT DURING COVID 19, AND ITS CONTINGENCY IN WEST BENGAL",,,National,2022,978-93-91892-63-0,Kalinga University,Educational Publishers,
books 2022-23,176,VANDANA SAHU,Faculty of science,BIO CONVERSION OF KITCHEN WASTE INTO VERMICOMPOST,,,National,2022,978-93-91892-38-8,Kalinga University,Educational Publishers,
books 2022-23,177,DR. MANOJ SINGH,Faculty of science,BIO CONVERSION OF KITCHEN WASTE INTO VERMICOMPOST,,,National,2022,978-93-91892-38-8,Kalinga University,Educational Publishers,
books 2022-23,178,LOVELY MAYEE MAJHI,Faculty of science,"UNDERSTANDING THE HUMAN WILDLIFE CONFLICT AND ITS IMPACT IN 
 NUAPADA DISTRICT, ODISHA",,,National,2022,978-93-91892-94-4,Kalinga University,Educational Publishers,
books 2022-23,179,DR. MANOJ SINGH,Faculty of science,"UNDERSTANDING THE HUMAN WILDLIFE CONFLICT AND ITS IMPACT IN 
 NUAPADA DISTRICT, ODISHA",,,National,2022,978-93-91892-94-4,Kalinga University,Educational Publishers,
books 2022-23,180,AMRITA SAHU,Faculty of science,"NUTRIENT ANALYSIS OF SOME SELECTED WILD EDIBLE LEAVES OF RAIPUR, 
 CHHATTISGARH",,,National,2022,978-93-91892-47-0,Kalinga University,Educational Publishers,
books 2022-23,181,MR. ABHISHEK KUMAR PANDEY,Faculty of science,"NUTRIENT ANALYSIS OF SOME SELECTED WILD EDIBLE LEAVES OF RAIPUR, 
 CHHATTISGARH",,,National,2022,978-93-91892-47-0,Kalinga University,Educational Publishers,
books 2022-23,182,ARTATRANA DURIA,Faculty of science,"ISOLATION AND CHARACTERIZATION OF RHIZOBACTERIA FROM GARDEN 
 SOIL IN KALINGA UNIVERSITY CAMPUS",,,National,2022,978-93-91892-07-4,Kalinga University,Educational Publishers,
books 2022-23,183,DR. NIHARIKA DEWANGAN,Faculty of science,"ISOLATION AND CHARACTERIZATION OF RHIZOBACTERIA FROM GARDEN 
 SOIL IN KALINGA UNIVERSITY CAMPUS",,,National,2022,978-93-91892-07-4,Kalinga University,Educational Publishers,
books 2022-23,184,BASANT KUMAR BAGHEL,Faculty of science,ECOLOGICAL STUDY OF ROAD SIDE PLANTATION.,,,National,2022,978-93-91892-40-1,Kalinga University,Educational Publishers,
books 2022-23,185,DR. DEEPA BISWAS,Faculty of science,ECOLOGICAL STUDY OF ROAD SIDE PLANTATION.,,,National,2022,978-93-91892-40-1,Kalinga University,Educational Publishers,
books 2022-23,186,PREETI PANDE,Faculty of science,"EVALUATION OF PHYTOCHEMICAL AND IN VITRO ANTI-INFLAMMATORY ACTIVITY, ANTIOXIDANT ACTIVITY OF AEGLE MARMELOS",,,National,2022,978-93-91892-61-6,Kalinga University,Educational Publishers,
books 2022-23,187,MR. ABHISHEK KUMAR PANDEY,Faculty of science,"EVALUATION OF PHYTOCHEMICAL AND IN VITRO ANTI-INFLAMMATORY ACTIVITY, ANTIOXIDANT ACTIVITY OF AEGLE MARMELOS",,,National,2022,978-93-91892-61-6,Kalinga University,Educational Publishers,
books 2022-23,188,SAMPAD KUMAR PARIDA,Faculty of science,"AEROMYCOFLORA DIVERSITY IN CENTRAL LIBRARY OF KALINGA UNIVERSITY, NAYA RAIPUR, CHHATTISGARH: A CASE STUDY",,,National,2022,978-93-91892-43-2,Kalinga University,Educational Publishers,
books 2022-23,189,DR. DEEPA BISWAS,Faculty of science,"AEROMYCOFLORA DIVERSITY IN CENTRAL LIBRARY OF KALINGA UNIVERSITY, NAYA RAIPUR, CHHATTISGARH: A CASE STUDY",,,National,2022,978-93-91892-43-2,Kalinga University,Educational Publishers,
books 2022-23,190,SUJATA NAYAK,Faculty of science,"ECOLOGICAL STUDY & ETHNOMEDICINAL USES OF
 WEEDS IN KALINGA UNIVERSITY, NAYA RAIPUR, CHHATTISGARH",,,National,2022,978-93-91892-93-7,Kalinga University,Educational Publishers,
books 2022-23,191,DR. NIHARIKA DEWANGAN,Faculty of science,"ECOLOGICAL STUDY & ETHNOMEDICINAL USES OF
 WEEDS IN KALINGA UNIVERSITY, NAYA RAIPUR, CHHATTISGARH",,,National,2022,978-93-91892-93-7,Kalinga University,Educational Publishers,
books 2022-23,192,SWARAJ PAL,Faculty of science,"STUDY OF AEROMYCOFLORA INSIDE THE AUDITORIUM OF KALINGA 
 UNIVERSITY, NAYA RAIPUR, CHHATTISGARH",,,National,2022,978-93-91892-28-9,Kalinga University,Educational Publishers,
books 2022-23,193,DR. DEEPA BISWAS,Faculty of science,"STUDY OF AEROMYCOFLORA INSIDE THE AUDITORIUM OF KALINGA 
 UNIVERSITY, NAYA RAIPUR, CHHATTISGARH",,,National,2022,978-93-91892-28-9,Kalinga University,Educational Publishers,
books 2022-23,194,TEJASHMAN MUND,Faculty of science,ECOLOGICAL STUDY OF MEDICINAL PLANT OF KALINGA UNIVERSITY,,,National,2022,978-93-91892-89-0,Kalinga University,Educational Publishers,
books 2022-23,195,DR. NIHARIKA DEWANGAN,Faculty of science,ECOLOGICAL STUDY OF MEDICINAL PLANT OF KALINGA UNIVERSITY,,,National,2022,978-93-91892-89-0,Kalinga University,Educational Publishers,
books 2022-23,196,ADITI DEVIKAR,Faculty of commerce & management,"ANALYTICAL STUDY OF FINANCIAL ANALYSIS AND M&A TARGETS OF J.P 
 MORGAN",,,National,2022,978-93-91892-14-2,Kalinga University,Educational Publishers,
books 2022-23,197,DR. PARITOSH DUBE,Faculty of commerce & management,"ANALYTICAL STUDY OF FINANCIAL ANALYSIS AND M&A TARGETS OF J.P 
 MORGAN",,,National,2022,978-93-91892-14-2,Kalinga University,Educational Publishers,
books 2022-23,198,SANJAY SINGH,Faculty of commerce & management,STUDY ON PERCEPTION OF DIFFERENT CUSTOMERS TOWARDS ONLINE COURSES,,,National,2022,978-93-91892-52-4,Kalinga University,Educational Publishers,
books 2022-23,199,MR. AMIT KUMAR DUBEY,Faculty of commerce & management,STUDY ON PERCEPTION OF DIFFERENT CUSTOMERS TOWARDS ONLINE COURSES,,,National,2022,978-93-91892-52-4,Kalinga University,Educational Publishers,
books 2022-23,200,HIMANSHU BANSAL,Faculty of Engineering,EXPERIMENTAL INVESTIGATION ON BACTERIAL CONCRETE,,,National,2022,978-93-6072-993-6,Kalinga University,Educational Publishers,
books 2022-23,201,CHARAK KHARE,Faculty of Engineering,EXPERIMENTAL INVESTIGATION ON BACTERIAL CONCRETE,,,National,2022,978-93-6072-993-6,Kalinga University,Educational Publishers,
books 2022-23,202,MS. SWATI AGRAWAL,Faculty of Engineering,EXPERIMENTAL INVESTIGATION ON BACTERIAL CONCRETE,,,National,2022,978-93-6072-993-6,Kalinga University,Educational Publishers,
books 2022-23,203,NAVNEET JAIN,Faculty of Engineering,STUDY OF LOW COST BUILDING,,,National,2022,978-93-6072-360-6,Kalinga University,Educational Publishers,
books 2022-23,204,VINAMRA SINGH RAJPUT,Faculty of Engineering,STUDY OF LOW COST BUILDING,,,National,2022,978-93-6072-360-6,Kalinga University,Educational Publishers,
books 2022-23,205,SAURABH MARKAM,Faculty of Engineering,STUDY OF LOW COST BUILDING,,,National,2022,978-93-6072-360-6,Kalinga University,Educational Publishers,
books 2022-23,206,YOGITA SAHU,Faculty of Engineering,STUDY OF LOW COST BUILDING,,,National,2022,978-93-6072-360-6,Kalinga University,Educational Publishers,
books 2022-23,207,MR. AKSHIT LAMBA,Faculty of Engineering,STUDY OF LOW COST BUILDING,,,National,2022,978-93-6072-360-6,Kalinga University,Educational Publishers,
books 2022-23,208,MR. AJAYA RUPAKHETI,Faculty of Engineering,"SEISMIC STUDY AND DESIGN OF BUILDINGS BY USING SHEAR WALL 
 METHOD",,,National,2022,978-93-6072-369-9,Kalinga University,Educational Publishers,
books 2022-23,209,MR. DHIREN SHAHI,Faculty of Engineering,"SEISMIC STUDY AND DESIGN OF BUILDINGS BY USING SHEAR WALL 
 METHOD",,,National,2022,978-93-6072-369-9,Kalinga University,Educational Publishers,
books 2022-23,210,MR. SHUBHAM AGRAWAL,Faculty of Engineering,"SEISMIC STUDY AND DESIGN OF BUILDINGS BY USING SHEAR WALL 
 METHOD",,,National,2022,978-93-6072-369-9,Kalinga University,Educational Publishers,
books 2022-23,211,MR. MANAS RATHORE,Faculty of Engineering,"SEISMIC STUDY AND DESIGN OF BUILDINGS BY USING SHEAR WALL 
 METHOD",,,National,2022,978-93-6072-369-9,Kalinga University,Educational Publishers,
books 2022-23,212,MR. ABHISHEK THOTA,Faculty of Engineering,"BEHAVIOUR AND EFFECTIVENESS OF OUTRIGGER SYSTEM FOR HIGH RISE 
 SLENDER STRUCTURES",,,National,2022,978-93-6072-193-0,Kalinga University,Educational Publishers,
books 2022-23,213,MR. MANAS RATHORE,Faculty of Engineering,"BEHAVIOUR AND EFFECTIVENESS OF OUTRIGGER SYSTEM FOR HIGH RISE 
 SLENDER STRUCTURES",,,National,2022,978-93-6072-193-0,Kalinga University,Educational Publishers,
books 2022-23,214,DR. N K DHAPEKAR,Faculty of Engineering,STUDY OF X-RAY DIFFRACTOMETER,,,National,2022,978-93-6072-732-1,Kalinga University,Educational Publishers,
books 2022-23,215,MR. ANCHIT JAIN,Faculty of Engineering,METHODS OF SAMPLE PREPARATION IN X-RAY DIFFRACTOMETER (XRD),,,National,2022,978-93-6072-839-7,Kalinga University,Educational Publishers,
books 2022-23,216,DR. N K DHAPEKAR,Faculty of Engineering,METHODS OF SAMPLE PREPARATION IN X-RAY DIFFRACTOMETER (XRD),,,National,2022,978-93-6072-839-7,Kalinga University,Educational Publishers,
books 2022-23,217,APOORWA GHORPADE,Faculty of Engineering,STUDY OF SUGARCANE BAGASSE ASH ON CONCRETE,,,National,2022,978-93-6072-192-3,Kalinga University,Educational Publishers,
books 2022-23,218,MRS. KIRTI SAHU TIRPUDE,Faculty of Engineering,STUDY OF SUGARCANE BAGASSE ASH ON CONCRETE,,,National,2022,978-93-6072-192-3,Kalinga University,Educational Publishers,
books 2022-23,219,AVDESH KUMAR PATRE,Faculty of Engineering,STUDY AND DESIGN OF SPORTS STADIUM,,,National,2022,978-93-6072-377-4,Kalinga University,Educational Publishers,
books 2022-23,220,MRS. KIRTI SAHU TIRPUDE,Faculty of Engineering,STUDY AND DESIGN OF SPORTS STADIUM,,,National,2022,978-93-6072-377-4,Kalinga University,Educational Publishers,
books 2022-23,221,DR. N K DHAPEKAR,Faculty of Engineering,STUDY OF STRAIN PARAMETERS IN X-RAY DIFFRACTOMETER (XRD),,,National,2022,978-93-6072-953-0,Kalinga University,Educational Publishers,
books 2022-23,222,BHAVESH PARMAR,Faculty of Engineering,"DURABILITY STUDY ON UTILIZATION OF RCA AND STEEL SLAG IN SELF 
 COMPACTING CONCRETE",,,National,2022,978-93-6072-638-6,Kalinga University,Educational Publishers,
books 2022-23,223,MR. HONEY GOUR,Faculty of Engineering,"DURABILITY STUDY ON UTILIZATION OF RCA AND STEEL SLAG IN SELF 
 COMPACTING CONCRETE",,,National,2022,978-93-6072-638-6,Kalinga University,Educational Publishers,
books 2022-23,224,BHIVESH KUMAR,Faculty of Engineering,AN THEORETICAL APPROACH PROJECT MANAGEMENT & PLANNING OF MODERN RESIDENTIAL BUILDING BY USING ETABS,,,National,2022,978-93-6072-018-6,Kalinga University,Educational Publishers,
books 2022-23,225,MR. PIYUSH DAS,Faculty of Engineering,AN THEORETICAL APPROACH PROJECT MANAGEMENT & PLANNING OF MODERN RESIDENTIAL BUILDING BY USING ETABS,,,National,2022,978-93-6072-018-6,Kalinga University,Educational Publishers,
books 2022-23,226,CHANCHAL NISHAD,Faculty of Engineering,STUDY OF BOND STRENGTH FOR VARIOUS TYPES,,,National,2022,978-93-6072-265-4,Kalinga University,Educational Publishers,
books 2022-23,227,MS. SWATI AGRAWAL,Faculty of Engineering,STUDY OF BOND STRENGTH FOR VARIOUS TYPES,,,National,2022,978-93-6072-265-4,Kalinga University,Educational Publishers,
books 2022-23,228,CHANDRESH MALEWAR,Faculty of Engineering,"STUDY OF CRYSTALLITE SIZE AND MICROSTRAIN USING X-RAY 
 DIFFRACTOMETER (XRD)",,,National,2022,978-93-6072-386-6,Kalinga University,Educational Publishers,
books 2022-23,229,DR. N K DHAPEKAR,Faculty of Engineering,"STUDY OF CRYSTALLITE SIZE AND MICROSTRAIN USING X-RAY 
 DIFFRACTOMETER (XRD)",,,National,2022,978-93-6072-386-6,Kalinga University,Educational Publishers,
books 2022-23,230,CHIDBHAV MISHRA,Faculty of Engineering,STUDY AND DESIGN OF BRIDGE SUBSTRUCTURE AND FOUNDATION,,,National,2022,978-93-6072-692-8,Kalinga University,Educational Publishers,
books 2022-23,231,MR. PIYUSH DAS,Faculty of Engineering,STUDY AND DESIGN OF BRIDGE SUBSTRUCTURE AND FOUNDATION,,,National,2022,978-93-6072-692-8,Kalinga University,Educational Publishers,
books 2022-23,232,MS. DEEKSHA ADILEY,Faculty of Engineering,A SPATIAL APPROACH FOR AUDITING IN ROAD SAFETY AT NH-27,,,National,2022,978-93-6072-111-4,Kalinga University,Educational Publishers,
books 2022-23,233,MR. KUSHAGRA PANDEY,Faculty of Engineering,A SPATIAL APPROACH FOR AUDITING IN ROAD SAFETY AT NH-27,,,National,2022,978-93-6072-111-4,Kalinga University,Educational Publishers,
books 2022-23,234,KANHAIYA KUMAR JHA,Faculty of Engineering,STABILITY ANALYSIS OF SHEAR WALLS AT DIFFERENT LOCATIONS IN MULTI STOREYED GEOMETRICALLY IRREGULAR BUILDING USING ETABS,,,National,2022,978-93-6072-959-2,Kalinga University,Educational Publishers,
books 2022-23,235,MR. MANAS RATHORE,Faculty of Engineering,STABILITY ANALYSIS OF SHEAR WALLS AT DIFFERENT LOCATIONS IN MULTI STOREYED GEOMETRICALLY IRREGULAR BUILDING USING ETABS,,,National,2022,978-93-6072-959-2,Kalinga University,Educational Publishers,
books 2022-23,236,KRISHNA PATEL,Faculty of Engineering,STUDY AND DESIGN OF SLOPED STRUCTURE IN HILLY TERRAIN,,,National,2022,978-93-6072-795-6,Kalinga University,Educational Publishers,
books 2022-23,237,MS. SWATI AGRAWAL,Faculty of Engineering,STUDY AND DESIGN OF SLOPED STRUCTURE IN HILLY TERRAIN,,,National,2022,978-93-6072-795-6,Kalinga University,Educational Publishers,
books 2022-23,238,LOKENDRA DEWANGAN,Faculty of Engineering,ANALYSIS AND DESIGN OF SLAB CULVERT USING STAAD-PRO. SOFTWARE,,,National,2022,978-93-6072-819-9,Kalinga University,Educational Publishers,
books 2022-23,239,MR. MANAS RATHORE,Faculty of Engineering,ANALYSIS AND DESIGN OF SLAB CULVERT USING STAAD-PRO. SOFTWARE,,,National,2022,978-93-6072-819-9,Kalinga University,Educational Publishers,
books 2022-23,240,MR. AKASH SHRIVASTAVA,Faculty of Engineering,AN EXPERIMENTAL INVESTIGATION OF COUNTERPOISED GRAVELS FOR USAGE IN SUB-BASE DURING PAVEMENT CONSTRUCTION,,,National,2022,978-93-6072-324-8,Kalinga University,Educational Publishers,
books 2022-23,241,MR. KUSHAGRA PANDEY,Faculty of Engineering,AN EXPERIMENTAL INVESTIGATION OF COUNTERPOISED GRAVELS FOR USAGE IN SUB-BASE DURING PAVEMENT CONSTRUCTION,,,National,2022,978-93-6072-324-8,Kalinga University,Educational Publishers,
books 2022-23,242,MS. DIKSHA BISEN,Faculty of Engineering,INVESTIGATION AND ANALYSIS OF ROAD ACCIDENTS THROUGH GEOMETRIC AND HUMAN BEHAVIOUR,,,National,2022,978-93-6072-788-8,Kalinga University,Educational Publishers,
books 2022-23,243,MR. KUSHAGRA PANDEY,Faculty of Engineering,INVESTIGATION AND ANALYSIS OF ROAD ACCIDENTS THROUGH GEOMETRIC AND HUMAN BEHAVIOUR,,,National,2022,978-93-6072-788-8,Kalinga University,Educational Publishers,
books 2022-23,244,MR. AAKASH JAIN,Faculty of Engineering,ANALYSIS AND DESIGN OF BOX CULVERT USING STAAD-PRO,,,National,2022,978-93-6072-128-2,Kalinga University,Educational Publishers,
books 2022-23,245,MR. MANAS RATHORE,Faculty of Engineering,ANALYSIS AND DESIGN OF BOX CULVERT USING STAAD-PRO,,,National,2022,978-93-6072-128-2,Kalinga University,Educational Publishers,
books 2022-23,246,JEETRAJ BHOI,Faculty of Engineering,STUDY OF HIGH-RISE STRUCTURAL SYSTEMS IN STEEL,,,National,2022,978-93-6072-884-7,Kalinga University,Educational Publishers,
books 2022-23,247,MR. AKSHIT LAMBA,Faculty of Engineering,STUDY OF HIGH-RISE STRUCTURAL SYSTEMS IN STEEL,,,National,2022,978-93-6072-884-7,Kalinga University,Educational Publishers,
books 2022-23,248,MRINAL SINHA,Faculty of Engineering,STUDY & SEISMIC DESIGN OF LARGE R.C.C. WATER TANK,,,National,2022,978-93-6072-809-0,Kalinga University,Educational Publishers,
books 2022-23,249,MR. AKSHIT LAMBA,Faculty of Engineering,STUDY & SEISMIC DESIGN OF LARGE R.C.C. WATER TANK,,,National,2022,978-93-6072-809-0,Kalinga University,Educational Publishers,
books 2022-23,250,PRABHAT PANDEY,Faculty of Engineering,STUDY OF MULTILEVEL CAR PARKING,,,National,2022,978-93-6072-542-6,Kalinga University,Educational Publishers,
books 2022-23,251,MR. AKSHIT LAMBA,Faculty of Engineering,STUDY OF MULTILEVEL CAR PARKING,,,National,2022,978-93-6072-542-6,Kalinga University,Educational Publishers,
books 2022-23,252,RAHUL KUMAR,Faculty of Engineering,"STUDY & ANALYSIS OF BRIDGE SUPERSTRUCTURE USING FINITE ELEMENT 
 MODELING",,,National,2022,978-93-6072-649-2,Kalinga University,Educational Publishers,
books 2022-23,253,MR. AKSHIT LAMBA,Faculty of Engineering,"STUDY & ANALYSIS OF BRIDGE SUPERSTRUCTURE USING FINITE ELEMENT 
 MODELING",,,National,2022,978-93-6072-649-2,Kalinga University,Educational Publishers,
books 2022-23,254,SAGAR SINGH THAKUR,Faculty of Engineering,EXAMINING THE MECHANICAL PROPERTIES OF LIGHT WEIGHT CONCRETE BLOCK BY UTILIZING HYDROGEN PEROXIDE AS FOAMING AGENT,,,National,2022,978-93-6072-503-7,Kalinga University,Educational Publishers,
books 2022-23,255,MR. KUSHAGRA PANDEY,Faculty of Engineering,EXAMINING THE MECHANICAL PROPERTIES OF LIGHT WEIGHT CONCRETE BLOCK BY UTILIZING HYDROGEN PEROXIDE AS FOAMING AGENT,,,National,2022,978-93-6072-503-7,Kalinga University,Educational Publishers,
books 2022-23,256,SARASWATI PRAJAPATI,Faculty of Engineering,UTILIZATION OF COCONUT SHELL AS GREENER CONCRETE,,,National,2022,978-93-6072-062-9,Kalinga University,Educational Publishers,
books 2022-23,257,MRS. KIRTI SAHU TIRPUDE,Faculty of Engineering,UTILIZATION OF COCONUT SHELL AS GREENER CONCRETE,,,National,2022,978-93-6072-062-9,Kalinga University,Educational Publishers,
books 2022-23,258,SATYENDRA PRASAD,Faculty of Engineering,STUDY OF CONSTRUCTION AND QUALITY CONTROL OF PAVEMENT,,,National,2022,978-93-6072-581-5,Kalinga University,Educational Publishers,
books 2022-23,259,MR. PIYUSH DAS,Faculty of Engineering,STUDY OF CONSTRUCTION AND QUALITY CONTROL OF PAVEMENT,,,National,2022,978-93-6072-581-5,Kalinga University,Educational Publishers,
books 2022-23,260,KUMARI SHALU RAVI,Faculty of Engineering,ANALYTICAL INVESTIGATION OF HIGH PERFORMANCE CONCRETE BEAMS,,,National,2022,978-93-6072-691-1,Kalinga University,Educational Publishers,
books 2022-23,261,MS. SWATI AGRAWAL,Faculty of Engineering,ANALYTICAL INVESTIGATION OF HIGH PERFORMANCE CONCRETE BEAMS,,,National,2022,978-93-6072-691-1,Kalinga University,Educational Publishers,
books 2022-23,262,SHIVAM JAISWAL,Faculty of Engineering,DESIGN OF HORIZONTAL AND VERTICAL ALIGNMENT FOR HIGHWAYS,,,National,2022,978-93-6072-757-4,Kalinga University,Educational Publishers,
books 2022-23,263,MS. SWATI AGRAWAL,Faculty of Engineering,DESIGN OF HORIZONTAL AND VERTICAL ALIGNMENT FOR HIGHWAYS,,,National,2022,978-93-6072-757-4,Kalinga University,Educational Publishers,
books 2022-23,264,TEENA CHANDNANI,Faculty of Engineering,APPLICATIONS OF X-RAY DIFFRACTION IN CIVIL ENGINEERING,,,National,2022,978-93-6072-187-9,Kalinga University,Educational Publishers,
books 2022-23,265,DR. N K DHAPEKAR,Faculty of Engineering,APPLICATIONS OF X-RAY DIFFRACTION IN CIVIL ENGINEERING,,,National,2022,978-93-6072-187-9,Kalinga University,Educational Publishers,
books 2022-23,266,MR. ABHISHEK TIWARI,Faculty of Engineering,REGENERATIVE BRAKING SYSTEM,,,National,2022,978-93-6072-453-5,Kalinga University,Educational Publishers,
books 2022-23,267,AJAY,Faculty of Engineering,REGENERATIVE BRAKING SYSTEM,,,National,2022,978-93-6072-453-5,Kalinga University,Educational Publishers,
books 2022-23,268,AKASH KUMAR SONWANI,Faculty of Engineering,REGENERATIVE BRAKING SYSTEM,,,National,2022,978-93-6072-453-5,Kalinga University,Educational Publishers,
books 2022-23,269,ALURI BHARGAV,Faculty of Engineering,REGENERATIVE BRAKING SYSTEM,,,National,2022,978-93-6072-453-5,Kalinga University,Educational Publishers,
books 2022-23,270,MR. GAURAV TAMRAKAR,Faculty of Engineering,REGENERATIVE BRAKING SYSTEM,,,National,2022,978-93-6072-453-5,Kalinga University,Educational Publishers,
books 2022-23,271,AMRENDRA PRATAP,Faculty of Engineering,TIDAL ENERGY SEA WAVE POWER GENERATOR WITH SOLAR,,,National,2022,978-93-6072-570-9,Kalinga University,Educational Publishers,
books 2022-23,272,ANKITESH KUMAR SINGH,Faculty of Engineering,TIDAL ENERGY SEA WAVE POWER GENERATOR WITH SOLAR,,,National,2022,978-93-6072-570-9,Kalinga University,Educational Publishers,
books 2022-23,273,ARJUN RAJBHAR,Faculty of Engineering,TIDAL ENERGY SEA WAVE POWER GENERATOR WITH SOLAR,,,National,2022,978-93-6072-570-9,Kalinga University,Educational Publishers,
books 2022-23,274,DHANANJAY MAHATO,Faculty of Engineering,TIDAL ENERGY SEA WAVE POWER GENERATOR WITH SOLAR,,,National,2022,978-93-6072-570-9,Kalinga University,Educational Publishers,
books 2022-23,275,MR. KUNAL DEWANGAN,Faculty of Engineering,TIDAL ENERGY SEA WAVE POWER GENERATOR WITH SOLAR,,,National,2022,978-93-6072-570-9,Kalinga University,Educational Publishers,
books 2022-23,276,MR. MAYANK TIWARI,Faculty of Engineering,DESIGN & FABRICATION OF RIVER CLEANING MACHINE,,,National,2022,978-93-6072-765-9,Kalinga University,Educational Publishers,
books 2022-23,277,MR. NAVNEET KUMAR,Faculty of Engineering,DESIGN & FABRICATION OF RIVER CLEANING MACHINE,,,National,2022,978-93-6072-765-9,Kalinga University,Educational Publishers,
books 2022-23,278,MR. JANARDAN SAHU,Faculty of Engineering,DESIGN & FABRICATION OF RIVER CLEANING MACHINE,,,National,2022,978-93-6072-765-9,Kalinga University,Educational Publishers,
books 2022-23,279,MR. MRINAL GUPTA,Faculty of Engineering,DESIGN & FABRICATION OF RIVER CLEANING MACHINE,,,National,2022,978-93-6072-765-9,Kalinga University,Educational Publishers,
books 2022-23,280,MR. SWAPNIL SHUKLA,Faculty of Engineering,DESIGN & FABRICATION OF RIVER CLEANING MACHINE,,,National,2022,978-93-6072-765-9,Kalinga University,Educational Publishers,
books 2022-23,281,HRITHIK KUMAR SHARMA,Faculty of Engineering,SOLAR POWERED OUTDOOR AIR PURIFIER,,,National,2022,978-93-6072-363-7,Kalinga University,Educational Publishers,
books 2022-23,282,SANDEEP DHRUW,Faculty of Engineering,SOLAR POWERED OUTDOOR AIR PURIFIER,,,National,2022,978-93-6072-363-7,Kalinga University,Educational Publishers,
books 2022-23,283,SHIVAM PRAJAPATI,Faculty of Engineering,SOLAR POWERED OUTDOOR AIR PURIFIER,,,National,2022,978-93-6072-363-7,Kalinga University,Educational Publishers,
books 2022-23,284,MR. SHAILESH SINGH THAKUR,Faculty of Engineering,SOLAR POWERED OUTDOOR AIR PURIFIER,,,National,2022,978-93-6072-363-7,Kalinga University,Educational Publishers,
books 2022-23,285,THAKUR SHARBAJEET GUPTA,Faculty of Engineering,INCREASING THE USE OF INTERNET OF THINGS IN AUTOMOBILES,,,National,2022,978-93-6072-842-7,Kalinga University,Educational Publishers,
books 2022-23,286,SHIVENDRA KUMAR ANKUR,Faculty of Engineering,INCREASING THE USE OF INTERNET OF THINGS IN AUTOMOBILES,,,National,2022,978-93-6072-842-7,Kalinga University,Educational Publishers,
books 2022-23,287,SHRUTI SHRIVASTAVA,Faculty of Engineering,INCREASING THE USE OF INTERNET OF THINGS IN AUTOMOBILES,,,National,2022,978-93-6072-842-7,Kalinga University,Educational Publishers,
books 2022-23,288,SOURABH SHRIVASTAVA,Faculty of Engineering,INCREASING THE USE OF INTERNET OF THINGS IN AUTOMOBILES,,,National,2022,978-93-6072-842-7,Kalinga University,Educational Publishers,
books 2022-23,289,DR. VINAY CHANDRA JHA,Faculty of Engineering,INCREASING THE USE OF INTERNET OF THINGS IN AUTOMOBILES,,,National,2022,978-93-6072-842-7,Kalinga University,Educational Publishers,
books 2022-23,290,MR. AVANEENDRA SINGH GOUR,Faculty of Engineering,"A DESIGN EVALUATION AND MULTIOBJECTIVE OPTIMIZATION APPROACH 
 FOR INDUSTRIAL ROBOT",,,National,2022,978-93-6072-811-3,Kalinga University,Educational Publishers,
books 2022-23,291,MR. GAURAV TAMREKAR,Faculty of Engineering,"A DESIGN EVALUATION AND MULTIOBJECTIVE OPTIMIZATION APPROACH 
 FOR INDUSTRIAL ROBOT",,,National,2022,978-93-6072-811-3,Kalinga University,Educational Publishers,
books 2022-23,292,MR. RAVI KARSH,Faculty of Engineering,OPTIMIZATION OF MILLING PARAMETERS BY TAGUCHI BASED GREY RELATION ANALYSIS USING EN31 STEEL SPECIMEN,,,National,2022,978-93-6072-419-1,Kalinga University,Educational Publishers,
books 2022-23,293,MR. GAURAV TAMREKAR,Faculty of Engineering,OPTIMIZATION OF MILLING PARAMETERS BY TAGUCHI BASED GREY RELATION ANALYSIS USING EN31 STEEL SPECIMEN,,,National,2022,978-93-6072-419-1,Kalinga University,Educational Publishers,
books 2022-23,294,PRATIBHA PANDEY,Faculty of Engineering,"FABRICATION AND TESTING OF FIBER REINFORCED POLYESTER COMPOSITE 
 MATERIALS",,,National,2022,978-93-6072-792-5,Kalinga University,Educational Publishers,
books 2022-23,295,MR. GAURAV TAMREKAR,Faculty of Engineering,"FABRICATION AND TESTING OF FIBER REINFORCED POLYESTER COMPOSITE 
 MATERIALS",,,National,2022,978-93-6072-792-5,Kalinga University,Educational Publishers,
books 2022-23,296,ABHISHEK SARANGI,Faculty of science,"A REVIEW OF SYNTHESIS, CHARACTERIZATION AND APPLICATION OF 
 NANO FILMS",,,National,2022,978-93-6072-621-8,Kalinga University,Educational Publishers,
books 2022-23,297,MRS. SARVAREE BANO,Faculty of science,"A REVIEW OF SYNTHESIS, CHARACTERIZATION AND APPLICATION OF 
 NANO FILMS",,,National,2022,978-93-6072-621-8,Kalinga University,Educational Publishers,
books 2022-23,298,ASHIRBAD BHUYAN,Faculty of science,BIOCHEMICAL ANALYSIS OF PESTICIDES ON AGRICULTURAL SOIL,,,National,2022,978-93-6072-382-8,Kalinga University,Educational Publishers,
books 2022-23,299,DR. PREETI PANDEY,Faculty of science,BIOCHEMICAL ANALYSIS OF PESTICIDES ON AGRICULTURAL SOIL,,,National,2022,978-93-6072-382-8,Kalinga University,Educational Publishers,
books 2022-23,300,DEEPAK KUMAR PATHAK,Faculty of science,"THE STUDY OF SOIL TEST BASED FERTILIZER PRESCRIPTION FOR DESIRED 
 YIELD TARGET OF MAIZE UNDER INTEGRATED PLANT NUTRITION SYSTEM 
 ON VERTISOL",,,National,2022,978-93-6072-545-7,Kalinga University,Educational Publishers,
books 2022-23,301,DR. SHILPI SHRIVASTAVA,Faculty of science,"THE STUDY OF SOIL TEST BASED FERTILIZER PRESCRIPTION FOR DESIRED 
 YIELD TARGET OF MAIZE UNDER INTEGRATED PLANT NUTRITION SYSTEM 
 ON VERTISOL",,,National,2022,978-93-6072-545-7,Kalinga University,Educational Publishers,
books 2022-23,302,IRA SINGH,Faculty of science,PROPERTIES AND APPLICATIONS OF CARBON NANOTUBES - A REVIEW,,,National,2022,978-93-6072-945-5,Kalinga University,Educational Publishers,
books 2022-23,303,DR. SANYOGITA SHAHI,Faculty of science,PROPERTIES AND APPLICATIONS OF CARBON NANOTUBES - A REVIEW,,,National,2022,978-93-6072-945-5,Kalinga University,Educational Publishers,
books 2022-23,304,JHARNA SAHU,Faculty of science,BIOACTIVITY AND BIOCHEMISTRY OF TINOSPORA CORDIFOLIA: A REVIEW,,,National,2022,978-93-6072-118-3,Kalinga University,Educational Publishers,
books 2022-23,305,DR. SANYOGITA SHAHI,Faculty of science,BIOACTIVITY AND BIOCHEMISTRY OF TINOSPORA CORDIFOLIA: A REVIEW,,,National,2022,978-93-6072-118-3,Kalinga University,Educational Publishers,
books 2022-23,306,JYOTI DUBEY,Faculty of science,IMPACT OF COAL MINING ACTIVITIES,,,National,2022,978-93-6072-469-6,Kalinga University,Educational Publishers,
books 2022-23,307,DR. SHILPI SHRIVASTAVA,Faculty of science,IMPACT OF COAL MINING ACTIVITIES,,,National,2022,978-93-6072-469-6,Kalinga University,Educational Publishers,
books 2022-23,308,JYOTIKRUSHNA PANDA,Faculty of science,INDUSTRIAL WATER TREATMENT USING ION EXCHANGE,,,National,2022,978-93-6072-635-5,Kalinga University,Educational Publishers,
books 2022-23,309,DR. SHILPI SHRIVASTAVA,Faculty of science,INDUSTRIAL WATER TREATMENT USING ION EXCHANGE,,,National,2022,978-93-6072-635-5,Kalinga University,Educational Publishers,
books 2022-23,310,LOKESH BHOI,Faculty of science,"INTERACTION OF GUAR GUM AND IT'S DERIVATIVES WITH VARIOUS 
 SURFACTANTS",,,National,2022,978-93-6072-666-9,Kalinga University,Educational Publishers,
books 2022-23,311,DR. PREETI PANDEY,Faculty of science,"INTERACTION OF GUAR GUM AND IT'S DERIVATIVES WITH VARIOUS 
 SURFACTANTS",,,National,2022,978-93-6072-666-9,Kalinga University,Educational Publishers,
books 2022-23,312,MEGHA CHANDEL,Faculty of science,MEDICINAL USE OF CANNABIS : REVIEW,,,National,2022,978-93-6072-174-9,Kalinga University,Educational Publishers,
books 2022-23,313,DR. SANYOGITA SHAHI,Faculty of science,MEDICINAL USE OF CANNABIS : REVIEW,,,National,2022,978-93-6072-174-9,Kalinga University,Educational Publishers,
books 2022-23,314,MONIKA KESHARI,Faculty of science,REVIEW - CELLULOSE NANOCOMPOSITE,,,National,2022,978-93-6072-256-2,Kalinga University,Educational Publishers,
books 2022-23,315,MRS. SARVAREE BANO,Faculty of science,REVIEW - CELLULOSE NANOCOMPOSITE,,,National,2022,978-93-6072-256-2,Kalinga University,Educational Publishers,
books 2022-23,316,PALASH MANDAL,Faculty of science,"A COMPARATIVE STUDY OF WATER OF SENDH LAKE AND KOTNI WATER AT 
 NEW RAIPUR",,,National,2022,978-93-6072-952-3,Kalinga University,Educational Publishers,
books 2022-23,317,DR. SHILPI SHRIVASTAVA,Faculty of science,"A COMPARATIVE STUDY OF WATER OF SENDH LAKE AND KOTNI WATER AT 
 NEW RAIPUR",,,National,2022,978-93-6072-952-3,Kalinga University,Educational Publishers,
books 2022-23,318,RAJAT AGRAWAL,Faculty of science,"FABRICATION AND CATALYTIC PROPERTY OF CERIUM OXIDE 
 NANOMATERIALS",,,National,2022,978-93-6072-209-8,Kalinga University,Educational Publishers,
books 2022-23,319,DR. SHILPI SHRIVASTAVA,Faculty of science,"FABRICATION AND CATALYTIC PROPERTY OF CERIUM OXIDE 
 NANOMATERIALS",,,National,2022,978-93-6072-209-8,Kalinga University,Educational Publishers,
books 2022-23,320,RAJAT BHATTACHARYA,Faculty of science,"MICROFLUIDICS AND THE IN-SITU CHEMISTRY OF TARGETED DRUG 
 DELIVERY IN CANCER CELLS",,,National,2022,978-93-6072-110-7,Kalinga University,Educational Publishers,
books 2022-23,321,DR. SHILPI SHRIVASTAVA,Faculty of science,"MICROFLUIDICS AND THE IN-SITU CHEMISTRY OF TARGETED DRUG 
 DELIVERY IN CANCER CELLS",,,National,2022,978-93-6072-110-7,Kalinga University,Educational Publishers,
books 2022-23,322,RAJAT BHATTACHARYA,Faculty of science,"EFFECT OF PESTICIDE & EXCESS FERTILIZERS IN PRESENT AND FUTURE 
 ECOSYSTEMS",,,National,2022,978-93-6072-577-8,Kalinga University,Educational Publishers,
books 2022-23,323,DR. SHILPI SHRIVASTAVA,Faculty of science,"EFFECT OF PESTICIDE & EXCESS FERTILIZERS IN PRESENT AND FUTURE 
 ECOSYSTEMS",,,National,2022,978-93-6072-577-8,Kalinga University,Educational Publishers,
books 2022-23,324,REETA MEHER,Faculty of science,WATER POLLUTION AND MANAGEMENT BY USING NANOPARTICLES,,,National,2022,978-93-6072-281-4,Kalinga University,Educational Publishers,
books 2022-23,325,DR. PREETI PANDEY,Faculty of science,WATER POLLUTION AND MANAGEMENT BY USING NANOPARTICLES,,,National,2022,978-93-6072-281-4,Kalinga University,Educational Publishers,
books 2022-23,326,RIYA SRIVASTAVA,Faculty of science,NANO PIGMENTS : APPLICATION AND ECOLOGICAL IMPACT,,,National,2022,978-93-6072-037-7,Kalinga University,Educational Publishers,
books 2022-23,327,MRS. SARVAREE BANO,Faculty of science,NANO PIGMENTS : APPLICATION AND ECOLOGICAL IMPACT,,,National,2022,978-93-6072-037-7,Kalinga University,Educational Publishers,
books 2022-23,328,RUPALI SAHU,Faculty of science,Shashi Singh+D332:D437+D332:D337,,,National,2022,978-93-6072-898-4,Kalinga University,Educational Publishers,
books 2022-23,329,DR. PREETI PANDEY,Faculty of science,PHOTOCATALYTIC CONVERSION OF CO2,,,National,2022,978-93-6072-898-4,Kalinga University,Educational Publishers,
books 2022-23,330,SHELAM KUMAR RAM,Faculty of science,ROLE OF GENE ENGINEERING IN PHARMACEUTICAL THERANOSTICS,,,National,2022,978-93-6072-724-6,Kalinga University,Educational Publishers,
books 2022-23,331,MS. PRIYANKA GUPTA,Faculty of science,ROLE OF GENE ENGINEERING IN PHARMACEUTICAL THERANOSTICS,,,National,2022,978-93-6072-724-6,Kalinga University,Educational Publishers,
books 2022-23,332,SHEETAL PARAMHANS,Faculty of science,A COMPREHENSIVE STUDY OF HONEY : A REVIEW,,,National,2022,978-93-6072-478-8,Kalinga University,Educational Publishers,
books 2022-23,333,MS. PRIYANKA GUPTA,Faculty of science,A COMPREHENSIVE STUDY OF HONEY : A REVIEW,,,National,2022,978-93-6072-478-8,Kalinga University,Educational Publishers,
books 2022-23,334,SHUBHASHREE PATEL,Faculty of science,"BY USING PLANT EXTRACT AS REDUCING AGENTS SYNTHESIS OF COPPER 
 NANOPARTICLES",,,National,2022,978-93-6072-292-0,Kalinga University,Educational Publishers,
books 2022-23,335,MS. PRIYANKA GUPTA,Faculty of science,"BY USING PLANT EXTRACT AS REDUCING AGENTS SYNTHESIS OF COPPER 
 NANOPARTICLES",,,National,2022,978-93-6072-292-0,Kalinga University,Educational Publishers,
books 2022-23,336,SUDHASINI MAHARANA,Faculty of science,SYNTHESIS OF NANOPARTICLES FROM MORPHINE,,,National,2022,978-93-6072-544-0,Kalinga University,Educational Publishers,
books 2022-23,337,MS. PRIYANKA GUPTA,Faculty of science,SYNTHESIS OF NANOPARTICLES FROM MORPHINE,,,National,2022,978-93-6072-544-0,Kalinga University,Educational Publishers,
books 2022-23,338,SUDHASINI MAHARANA,Faculty of science,STUDY ON HISTORICAL PERSPECTIVE OF FUEL WITH CIVILIZATION,,,National,2022,978-93-6072-017-9,Kalinga University,Educational Publishers,
books 2022-23,339,MS. PRIYANKA GUPTA,Faculty of science,STUDY ON HISTORICAL PERSPECTIVE OF FUEL WITH CIVILIZATION,,,National,2022,978-93-6072-017-9,Kalinga University,Educational Publishers,
books 2022-23,340,SWAPNA PRIYADARSINI,Faculty of science,A REVIEW ON ROLE OF NICOTINE IN STRESS,,,National,2022,978-93-6072-202-9,Kalinga University,Educational Publishers,
books 2022-23,341,MS. PRIYANKA GUPTA,Faculty of science,A REVIEW ON ROLE OF NICOTINE IN STRESS,,,National,2022,978-93-6072-202-9,Kalinga University,Educational Publishers,
books 2022-23,342,SWARNA RANJAN SAHU,Faculty of science,"A REVIEW - ""PHYSICOCHEMICAL WATER ANALYSIS OF CUTTACK CITY, 
 ODISHA""",,,National,2022,978-93-6072-212-8,Kalinga University,Educational Publishers,
books 2022-23,343,MRS. SARVAREE BANO,Faculty of science,"A REVIEW - ""PHYSICOCHEMICAL WATER ANALYSIS OF CUTTACK CITY, 
 ODISHA""",,,National,2022,978-93-6072-212-8,Kalinga University,Educational Publishers,
books 2022-23,344,TAMRADHWAJ SAHU,Faculty of science,A BRIEF REVIEW ON NANOMATERIALS AND THEIR APPLICATION,,,National,2022,978-93-6072-460-3,Kalinga University,Educational Publishers,
books 2022-23,345,DR. SHILPI SHRIVASTAVA,Faculty of science,A BRIEF REVIEW ON NANOMATERIALS AND THEIR APPLICATION,,,National,2022,978-93-6072-460-3,Kalinga University,Educational Publishers,
books 2022-23,346,TANUJA GAYAKWAD,Faculty of science,"BIOACTIVE COMPONENT RESPONSIBLE FOR BIOACTIVITY OF MUSHROOM : 
 A REVIEW",,,National,2022,978-93-6072-510-5,Kalinga University,Educational Publishers,
books 2022-23,347,DR. SHILPI SHRIVASTAVA,Faculty of science,"BIOACTIVE COMPONENT RESPONSIBLE FOR BIOACTIVITY OF MUSHROOM : 
 A REVIEW",,,National,2022,978-93-6072-510-5,Kalinga University,Educational Publishers,
books 2022-23,348,CHANDRAHAS SAHU,Faculty of pharmacy,"RECENT ADVANCEMENTS IN NANOMEDICINE FOR TREATMENT OF BRAIN 
 CANCER",,,National,2022,978-93-6072-771-0,Kalinga University,Educational Publishers,
books 2022-23,349,MRS. SRISHTI NAMDEO,Faculty of pharmacy,"RECENT ADVANCEMENTS IN NANOMEDICINE FOR TREATMENT OF BRAIN 
 CANCER",,,National,2022,978-93-6072-771-0,Kalinga University,Educational Publishers,
books 2022-23,350,AYUSHI PAWAR,Faculty of pharmacy,CONVENTIONAL THERAPY AND HERBAL TREATMENT FOR PEPTIC ULCER DISEASE,,,National,2022,978-93-6072-615-7,Kalinga University,Educational Publishers,
books 2022-23,351,DR. BHUMIKA CHANDRAKAR,Faculty of pharmacy,CONVENTIONAL THERAPY AND HERBAL TREATMENT FOR PEPTIC ULCER DISEASE,,,National,2022,978-93-6072-615-7,Kalinga University,Educational Publishers,
books 2022-23,352,SUPRIYA SONKAR,Faculty of pharmacy,HORMONAL IMBALANCE :- IMPACT AND TREATMENT,,,National,2022,978-93-6072-584-6,Kalinga University,Educational Publishers,
books 2022-23,353,R. SANDIP PRASAD TIWARI,Faculty of pharmacy,HORMONAL IMBALANCE :- IMPACT AND TREATMENT,,,National,2022,978-93-6072-584-6,Kalinga University,Educational Publishers,
books 2022-23,354,S R RASHMI,Faculty of pharmacy,"PHYTO CANNABINOIDS AS POTENTIAL THERAPEUTICS IN THE TREATMENT 
 OF PARKINSON’S DISEASE",,,National,2022,978-93-6072-465-8,Kalinga University,Educational Publishers,
books 2022-23,355,MR. DEEPENDRA SONI,Faculty of pharmacy,"PHYTO CANNABINOIDS AS POTENTIAL THERAPEUTICS IN THE TREATMENT 
 OF PARKINSON’S DISEASE",,,National,2022,978-93-6072-465-8,Kalinga University,Educational Publishers,
books 2022-23,356,SWATI PARIDA,Faculty of pharmacy,"THERAPEUTIC ROLE OF NANOMEDICINE FOR THE MANAGEMENT OF ORAL 
 CANCER",,,National,2022,978-93-6072-647-8,Kalinga University,Educational Publishers,
books 2022-23,357,MRS. SHRISTI NAMDEO,Faculty of pharmacy,"THERAPEUTIC ROLE OF NANOMEDICINE FOR THE MANAGEMENT OF ORAL 
 CANCER",,,National,2022,978-93-6072-647-8,Kalinga University,Educational Publishers,
books 2022-23,358,RITESH KUMAR SAHOO,Faculty of pharmacy,TUMOR MARKERS FOR CANCER,,,National,2022,978-93-6072-850-2,Kalinga University,Educational Publishers,
books 2022-23,359,MS. RAJNI YADAV,Faculty of pharmacy,TUMOR MARKERS FOR CANCER,,,National,2022,978-93-6072-850-2,Kalinga University,Educational Publishers,
books 2022-23,360,MD SUHAIL MALIK,Faculty of pharmacy,HERBAL DRUG USE IN LEISHMINASIS,,,National,2022,978-93-6072-940-0,Kalinga University,Educational Publishers,
books 2022-23,361,MS. RAJNI YADAV,Faculty of pharmacy,HERBAL DRUG USE IN LEISHMINASIS,,,National,2022,978-93-6072-940-0,Kalinga University,Educational Publishers,
books 2022-23,362,RAHUL CHATTOPADHYAY,Faculty of pharmacy,A REVIEW- FUNGAL INFECTION,,,National,2022,978-93-6072-900-4,Kalinga University,Educational Publishers,
books 2022-23,363,MS. RAJNI YADAV,Faculty of pharmacy,A REVIEW- FUNGAL INFECTION,,,National,2022,978-93-6072-900-4,Kalinga University,Educational Publishers,
books 2022-23,364,SHUBHAM SINGH,Faculty of pharmacy,SKIN CANCER: A BRIEF OVERVIEW,,,National,2022,978-93-6072-924-0,Kalinga University,Educational Publishers,
books 2022-23,365,MS. RAJNI YADAV,Faculty of pharmacy,SKIN CANCER: A BRIEF OVERVIEW,,,National,2022,978-93-6072-924-0,Kalinga University,Educational Publishers,
books 2022-23,366,ANUPRIYA XESS,Faculty of pharmacy,"STUDY OF PHARMACOLOGICAL ACTIVITY AND ISOLATION METHOD OF 
 CAFFEINE",,,National,2022,978-93-6072-703-1,Kalinga University,Educational Publishers,
books 2022-23,367,MS. RAJNI YADAV,Faculty of pharmacy,"STUDY OF PHARMACOLOGICAL ACTIVITY AND ISOLATION METHOD OF 
 CAFFEINE",,,National,2022,978-93-6072-703-1,Kalinga University,Educational Publishers,
books 2022-23,368,GOVIND SHUKLA,Faculty of pharmacy,NOVEL AND ADJUNCTIVE TREATMENT OPTION FOR BIPOLAR DISORDER,,,National,2022,978-93-6072-532-7,Kalinga University,Educational Publishers,
books 2022-23,369,DR. BHUMIKA CHANDRAKAR,Faculty of pharmacy,NOVEL AND ADJUNCTIVE TREATMENT OPTION FOR BIPOLAR DISORDER,,,National,2022,978-93-6072-532-7,Kalinga University,Educational Publishers,
books 2022-23,370,DEEPIKA SAHU,Faculty of pharmacy,ANTI-CANCER PROPERTIES IN PAPAYA (CARICA PAPAYA),,,National,2022,978-93-6072-576-1,Kalinga University,Educational Publishers,
books 2022-23,371,MR. SUDEEP KUMAR MANDAL,Faculty of pharmacy,ANTI-CANCER PROPERTIES IN PAPAYA (CARICA PAPAYA),,,National,2022,978-93-6072-576-1,Kalinga University,Educational Publishers,
books 2022-23,372,S R RASHMI,Faculty of pharmacy,DENDRIMER BASED NANO DRUG TECHNOLOGY FOR ALZHEIMER’S DISEASE,,,National,2022,978-93-6072-650-8,Kalinga University,Educational Publishers,
books 2022-23,373,MR. DEEPENDRA SONI,Faculty of pharmacy,DENDRIMER BASED NANO DRUG TECHNOLOGY FOR ALZHEIMER’S DISEASE,,,National,2022,978-93-6072-650-8,Kalinga University,Educational Publishers,
books 2022-23,374,SWATI PARIDA,Faculty of pharmacy,ROLE OF DIOSGENIN IN VARIOUS DISEASES,,,National,2022,978-93-6072-606-5,Kalinga University,Educational Publishers,
books 2022-23,375,MRS. POONAM SAHU,Faculty of pharmacy,ROLE OF DIOSGENIN IN VARIOUS DISEASES,,,National,2022,978-93-6072-606-5,Kalinga University,Educational Publishers,
books 2022-23,376,GOVIND SHUKLA,Faculty of pharmacy,A REVIEW ON FLOATING DRUG DELIVERY SYSTEM,,,National,2022,978-93-6072-319-4,Kalinga University,Educational Publishers,
books 2022-23,377,DR. BHUMIKA CHANDRAKAR,Faculty of pharmacy,A REVIEW ON FLOATING DRUG DELIVERY SYSTEM,,,National,2022,978-93-6072-319-4,Kalinga University,Educational Publishers,
books 2022-23,378,ANISHKA SABU,Faculty of science,THE BAROTROPIC FLUID MODELS OF DARK ENERGY.,,,National,2022,978-93-6072-508-2,Kalinga University,Educational Publishers,
books 2022-23,379,DR. AVINASH SINGH,Faculty of science,THE BAROTROPIC FLUID MODELS OF DARK ENERGY.,,,National,2022,978-93-6072-508-2,Kalinga University,Educational Publishers,
books 2022-23,380,DEEPAK SAHU,Faculty of science,RADIO FREQUENCY BASED HOME AUTOMATION.,,,National,2022,978-93-6072-359-0,Kalinga University,Educational Publishers,
books 2022-23,381,DR. ARUN KUMAR DIWAKAR,Faculty of science,RADIO FREQUENCY BASED HOME AUTOMATION.,,,National,2022,978-93-6072-359-0,Kalinga University,Educational Publishers,
books 2022-23,382,HUPENDRA KUMAR DEVANGAN,Faculty of science,DESIGNING A LOW COST SMART STICK FOR VISUALLY IMPAIRED PEOPLE USING ARDUINO.,,,National,2022,978-93-6072-264-7,Kalinga University,Educational Publishers,
books 2022-23,383,DR. ARUN KUMAR DIWAKAR,Faculty of science,DESIGNING A LOW COST SMART STICK FOR VISUALLY IMPAIRED PEOPLE USING ARDUINO.,,,National,2022,978-93-6072-264-7,Kalinga University,Educational Publishers,
books 2022-23,384,LOPAMUDRA PUROHIT,Faculty of science,EFFECT OF THE DARK MATTER ON EVOLUTION OF THE UNIVERSE.,,,National,2022,978-93-6072-402-3,Kalinga University,Educational Publishers,
books 2022-23,385,DR. AVINASH SINGH,Faculty of science,EFFECT OF THE DARK MATTER ON EVOLUTION OF THE UNIVERSE.,,,National,2022,978-93-6072-402-3,Kalinga University,Educational Publishers,
books 2022-23,386,"MANISHA PRIYADARSHINI 
 BISWAL",Faculty of science,SYNTHESIS AND CHARACTERIZATION OF PL OF TB3+ DOPED PHOSPHORS.,,,National,2022,978-93-6072-441-2,Kalinga University,Educational Publishers,
books 2022-23,387,MS. TRIPTI RICHARIYA,Faculty of science,SYNTHESIS AND CHARACTERIZATION OF PL OF TB3+ DOPED PHOSPHORS.,,,National,2022,978-93-6072-441-2,Kalinga University,Educational Publishers,
books 2022-23,388,MOHAN PATEL,Faculty of science,STUDY ON TL PROPERTIES OF CE3+/ DY3+ DOPE SR2AI2SIO7.,,,National,2022,978-93-6072-416-0,Kalinga University,Educational Publishers,
books 2022-23,389,MS. TRIPTI RICHARIYA,Faculty of science,STUDY ON TL PROPERTIES OF CE3+/ DY3+ DOPE SR2AI2SIO7.,,,National,2022,978-93-6072-416-0,Kalinga University,Educational Publishers,
books 2022-23,390,SAHEZABIN PARWIN,Faculty of science,SYNTHESIS AND CHARACTERIZATION OF PL OF CE3+ DOPED PHOSPHORUS.,,,National,2022,978-93-6072-794-9,Kalinga University,Educational Publishers,
books 2022-23,391,DR. ALOKE VERMA,Faculty of science,SYNTHESIS AND CHARACTERIZATION OF PL OF CE3+ DOPED PHOSPHORUS.,,,National,2022,978-93-6072-794-9,Kalinga University,Educational Publishers,
books 2022-23,392,AARTI,Faculty of commerce & management,RECRUITMENT AND SELECTION PROCEDURES OF NEPAL CREDIT & COMMERCE BANK LTD,,,National,2022,978-93-6072-864-9,Kalinga University,Educational Publishers,
books 2022-23,393,MRS. SHINKI K PANDEY,Faculty of commerce & management,RECRUITMENT AND SELECTION PROCEDURES OF NEPAL CREDIT & COMMERCE BANK LTD,,,National,2022,978-93-6072-864-9,Kalinga University,Educational Publishers,
books 2022-23,394,ABHIJEET KUMAR SAHU,Faculty of commerce & management,OBJECTIVE OF EVENT MANAGEMENT,,,National,2022,978-93-6072-911-0,Kalinga University,Educational Publishers,
books 2022-23,395,DR. KHUSHBOO SAHU,Faculty of commerce & management,OBJECTIVE OF EVENT MANAGEMENT,,,National,2022,978-93-6072-911-0,Kalinga University,Educational Publishers,
books 2022-23,396,ADARSH SINGH CHAUHAN,Faculty of commerce & management,THE FUNDAMENTALS OF DIGITAL MARKETING,,,National,2022,978-93-6072-932-5,Kalinga University,Educational Publishers,
books 2022-23,397,DR. KHUSHBOO SAHU,Faculty of commerce & management,THE FUNDAMENTALS OF DIGITAL MARKETING,,,National,2022,978-93-6072-932-5,Kalinga University,Educational Publishers,
books 2022-23,398,ADITYA SHUKLA,Faculty of commerce & management,BRAND AND PRODUCT MANAGEMENT,,,National,2022,978-93-6072-147-3,Kalinga University,Educational Publishers,
books 2022-23,399,MRS. SHINKI K PANDEY,Faculty of commerce & management,BRAND AND PRODUCT MANAGEMENT,,,National,2022,978-93-6072-147-3,Kalinga University,Educational Publishers,
books 2022-23,400,AKASH AISHWARY SINGH,Faculty of commerce & management,SALES AND MARKETING,,,National,2022,978-93-6072-119-0,Kalinga University,Educational Publishers,
books 2022-23,401,DR. KHUSHBOO SAHU,Faculty of commerce & management,SALES AND MARKETING,,,National,2022,978-93-6072-119-0,Kalinga University,Educational Publishers,
books 2022-23,402,BHANUPRATAP SINGH,Faculty of commerce & management,"ANALYSIS OF COURSERA COURSE: AN INTRODUCTION TO RESPONSIVE 
 WEBSITE DEVELOPMENT",,,National,2022,978-93-6072-960-8,Kalinga University,Educational Publishers,
books 2022-23,403,DR. KHUSHBOO SAHU,Faculty of commerce & management,"ANALYSIS OF COURSERA COURSE: AN INTRODUCTION TO RESPONSIVE 
 WEBSITE DEVELOPMENT",,,National,2022,978-93-6072-960-8,Kalinga University,Educational Publishers,
books 2022-23,404,DEMSUN DHIDHI,Faculty of commerce & management,INTRODUCTION TO MEN’S FASHION,,,National,2022,978-93-6072-551-8,Kalinga University,Educational Publishers,
books 2022-23,405,DR. KHUSHBOO SAHU,Faculty of commerce & management,INTRODUCTION TO MEN’S FASHION,,,National,2022,978-93-6072-551-8,Kalinga University,Educational Publishers,
books 2022-23,406,DIKSHA PANDEY,Faculty of commerce & management,A STUDY ON PRIVATE FIRM WITH RESPECT TO FINANCE AND OPERATION,,,National,2022,978-93-6072-079-7,Kalinga University,Educational Publishers,
books 2022-23,407,MS. G. DIVYA,Faculty of commerce & management,A STUDY ON PRIVATE FIRM WITH RESPECT TO FINANCE AND OPERATION,,,National,2022,978-93-6072-079-7,Kalinga University,Educational Publishers,
books 2022-23,408,DUNNA VERMA,Faculty of commerce & management,A CRASH COURSE ON PYTHON PROGRAMMING LANGUAGE,,,National,2022,978-93-6072-191-6,Kalinga University,Educational Publishers,
books 2022-23,409,DR. KHUSHBOO SAHU,Faculty of commerce & management,A CRASH COURSE ON PYTHON PROGRAMMING LANGUAGE,,,National,2022,978-93-6072-191-6,Kalinga University,Educational Publishers,
books 2022-23,410,GRACE J SETH,Faculty of commerce & management,MANAGEMENT SKILLS FOR INTERNATIONAL BUSINESS,,,National,2022,978-93-6072-483-2,Kalinga University,Educational Publishers,
books 2022-23,411,DR. SUNAYANA SHUKLA,Faculty of commerce & management,MANAGEMENT SKILLS FOR INTERNATIONAL BUSINESS,,,National,2022,978-93-6072-483-2,Kalinga University,Educational Publishers,
books 2022-23,412,HIMANSHU SHARMA,Faculty of commerce & management,A STUDY ON CONSTRUCTION COMPANY,,,National,2022,978-93-6072-613-3,Kalinga University,Educational Publishers,
books 2022-23,413,DR. PARITOSH DUBEY,Faculty of commerce & management,A STUDY ON CONSTRUCTION COMPANY,,,National,2022,978-93-6072-613-3,Kalinga University,Educational Publishers,
books 2022-23,414,JASHWANT SINGH,Faculty of commerce & management,INITIATING AND PLANNING,,,National,2022,978-93-6072-296-8,Kalinga University,Educational Publishers,
books 2022-23,415,DR. KHUSHBOO SAHU,Faculty of commerce & management,INITIATING AND PLANNING,,,National,2022,978-93-6072-296-8,Kalinga University,Educational Publishers,
books 2022-23,416,MANSI VADALIYA,Faculty of commerce & management,STUDY OF SALES AND MARKETING IN “TENHRD INDIA PVT LTD,,,National,2022,978-93-6072-048-3,Kalinga University,Educational Publishers,
books 2022-23,417,MR. AMIT KUMAR DUBEY,Faculty of commerce & management,STUDY OF SALES AND MARKETING IN “TENHRD INDIA PVT LTD,,,National,2022,978-93-6072-048-3,Kalinga University,Educational Publishers,
books 2022-23,418,MAYANK TANDON,Faculty of commerce & management,A STUDY ON THE ECOMMERCE INDUSTRY,,,National,2022,978-93-6072-422-1,Kalinga University,Educational Publishers,
books 2022-23,419,DR. PARITOSH DUBEY,Faculty of commerce & management,A STUDY ON THE ECOMMERCE INDUSTRY,,,National,2022,978-93-6072-422-1,Kalinga University,Educational Publishers,
books 2022-23,420,NIKHIL KUMAR SAHU,Faculty of commerce & management,AN ANALYSIS OF FUNNEL BUILDING MARKETING,,,National,2022,978-93-6072-502-0,Kalinga University,Educational Publishers,
books 2022-23,421,MS. MARIYAM AHMED,Faculty of commerce & management,AN ANALYSIS OF FUNNEL BUILDING MARKETING,,,National,2022,978-93-6072-502-0,Kalinga University,Educational Publishers,
books 2022-23,422,NILESH PRASAD GUPTA,Faculty of commerce & management,STUDY OF MARKET POTENTIAL OF MODULAR KITCHEN IN INDIA,,,National,2022,978-93-6072-144-2,Kalinga University,Educational Publishers,
books 2022-23,423,MRS. SHINKI K PANDEY,Faculty of commerce & management,STUDY OF MARKET POTENTIAL OF MODULAR KITCHEN IN INDIA,,,National,2022,978-93-6072-144-2,Kalinga University,Educational Publishers,
books 2022-23,424,NILISHA YADAV,Faculty of commerce & management,FUNDRAISING IN MUSKURAHAT FOUNDATION,,,National,2022,978-93-6072-760-4,Kalinga University,Educational Publishers,
books 2022-23,425,MS. JASMINE JOSHI,Faculty of commerce & management,FUNDRAISING IN MUSKURAHAT FOUNDATION,,,National,2022,978-93-6072-760-4,Kalinga University,Educational Publishers,
books 2022-23,426,OMI RAJWADE,Faculty of commerce & management,CHILDLINE 1098 KORBA COLLAB,,,National,2022,978-93-6072-207-4,Kalinga University,Educational Publishers,
books 2022-23,427,MS. MARIYAM AHMED,Faculty of commerce & management,CHILDLINE 1098 KORBA COLLAB,,,National,2022,978-93-6072-207-4,Kalinga University,Educational Publishers,
books 2022-23,428,PRIYANKA NAVAIT,Faculty of commerce & management,MUTUAL FUND INDUSTRY IN INDIA,,,National,2022,978-93-6072-464-1,Kalinga University,Educational Publishers,
books 2022-23,429,MR. AMIT KUMAR DUBEY,Faculty of commerce & management,MUTUAL FUND INDUSTRY IN INDIA,,,National,2022,978-93-6072-464-1,Kalinga University,Educational Publishers,
books 2022-23,430,SALMAN HAIDER,Faculty of commerce & management,A STUDY ON JAI DURGA OIL EXTRACTION PVT.LTD,,,National,2022,978-93-6072-728-4,Kalinga University,Educational Publishers,
books 2022-23,431,MS. G DIVYA,Faculty of commerce & management,A STUDY ON JAI DURGA OIL EXTRACTION PVT.LTD,,,National,2022,978-93-6072-728-4,Kalinga University,Educational Publishers,
books 2022-23,432,SHUBHAM SHARMA,Faculty of commerce & management,A DESCRIPTIVE STUDY ON HUFFMART PVT LTD COMPANY,,,National,2022,978-93-6072-672-0,Kalinga University,Educational Publishers,
books 2022-23,433,DR. KOMAL GUPTA,Faculty of commerce & management,A DESCRIPTIVE STUDY ON HUFFMART PVT LTD COMPANY,,,National,2022,978-93-6072-672-0,Kalinga University,Educational Publishers,
books 2022-23,434,Shashi Singh,Faculty of arts & humanities,Role of Women in Indian Politics,Women Leadership in contemporary scenario,,International,2022,978-93-93694-22-5,Kalinga University,Nitya Publications,
books 2022-23,435,Ankur Chawla,Faculty of arts & humanities,Role of Women Leadership in India's Politics and Government,Women Leadership in contemporary scenario,,International,2022,978-93-93694-22-5,Kalinga University,Nitya Publications,
books 2022-23,436,Dr Shilpi Bhattacharya,Faculty of arts & humanities,The Calm Fire In Respect Of Women Leadership And Power,Women Leadership in contemporary scenario,,International,2022,978-93-93694-22-5,Kalinga University,Nitya Publications,
books 2022-23,437,Vijay Bhushan,Faculty of arts & humanities,WHY THE WOMEN LEADERSHIP AT GRASSROOT LEVEL IS UNOBSERVED?,Women Leadership in contemporary scenario,,International,2022,978-93-93694-22-5,Kalinga University,Nitya Publications,
books 2022-23,438,Ms.D.Mani Bhagyasri,Faculty of arts & humanities,"Feminist Perspectives In Amanda Elyot's The Memoirs Of Helen Of Troy""",Women Leadership in contemporary scenario,,International,2022,978-93-93694-22-5,Kalinga University,Nitya Publications,
books 2022-23,439,Dr. Namrata Shrivastava,Faculty of arts & humanities,Role of Women's Leadership In Economic Development,Women Leadership in contemporary scenario,,International,2022,978-93-93694-22-5,Kalinga University,Nitya Publications,
books 2022-23,440,मरियम अहमद ए,Faculty of commerce & management,"िम स्लिय ों के धार्मिक अर्धकाि, सामार्िक भागीदािी एवों नेतृत्व क्षमता पि र्वलेशणात्म",Women Leadership in contemporary scenario,,International,2022,978-93-93694-22-5,Kalinga University,Nitya Publications,
books 2022-23,441,कावेिी िासवाल ए,Faculty of arts & humanities,र्शक्षा में मर्हलाओों की भूर्मका,Women Leadership in contemporary scenario,,International,2022,978-93-93694-22-5,Kalinga University,Nitya Publications,
books 2022-23,442,Marieta Jagdalla,Faculty of arts & humanities,WHY THE WOMEN LEADERSHIP AT GRASSROOT LEVEL IS UNOBSERVED?,Women Leadership in contemporary scenario,,International,2022,978-93-93694-22-5,Kalinga University,Nitya Publications,
books 2022-23,443,डॉ अिय कु माि भाक्ल,Faculty of arts & humanities,"िम स्लिय ों के धार्मिक अर्धकाि, सामार्िक भागीदािी एवों नेतृत्व क्षमता पि र्वलेशणात्म",Women Leadership in contemporary scenario,,International,2022,978-93-93694-22-5,Kalinga University,Nitya Publications,
books 2022-23,444,डॉ. अयि कु माि शुक्ल,Faculty of arts & humanities,र्शक्षा में मर्हलाओों की भूर्मका,Women Leadership in contemporary scenario,,International,2022,978-93-93694-22-5,Kalinga University,Nitya Publications,
books 2022-23,445,Dr. Shubhankar Roy,Faculty of arts & humanities,The Importance Of Being Girish Karnad: A Reappraisal Of Naga-Mandala,Global Crises in The Present Scenario,,International,2022,978-93-93694-15-7,Kalinga University,Nitya Publication,
books 2022-23,446,Dr. Shilpi Bhattacharya,Faculty of arts & humanities,"Understanding Global Crisis Through The Mythical Representation Of 
 Devdutt Pattanaik's 'Sita'",Global Crises in The Present Scenario,,International,2022,978-93-93694-15-7,Kalinga University,Nitya Publication,
books 2022-23,447,Dr. Shilpi Bhattacharya,Faculty of arts & humanities,"Understanding Global Crisis In Mary Wollstonecraft' Work A Vindication Of 
 The Rights Of Women'",Global Crises in The Present Scenario,,International,2022,978-93-93694-15-7,Kalinga University,Nitya Publication,
books 2022-23,448,Dr. Shilpi Bhattacharya,Faculty of arts & humanities,"Understanding Global Crises Through The Lens Of Han Kang's 'The 
 Vegetarian'",Global Crises in The Present Scenario,,International,2022,978-93-93694-15-7,Kalinga University,Nitya Publication,
books 2022-23,450,Dr. Shilpi Bhattacharya,Faculty of arts & humanities,"Revisiting The Issues And Concerns Of Ecocriticism In 'Sea Of 
 Poppies'Amitav Ghosh",Global Crises in The Present Scenario,,International,2022,978-93-93694-15-7,Kalinga University,Nitya Publication,
books 2022-23,451,Dr. Shubhankar Roy,Faculty of arts & humanities,The Importance Of Being Girish Karnad:A Reappraisal Of Naga-Mandala,Global Crises in The Present Scenario,,International,2022,978-93-93694-15-7,Kalinga University,Nitya Publication,
books 2022-23,452,डॉ. श्रद्धा र्हिकने,Faculty of arts & humanities,मैत्रेयी पुष्पा के उपन्यास ों में सामार्िक यथाथि,Global Crises in The Present Scenario,,International,2022,978-93-93694-15-7,Kalinga University,Nitya Publication,
books 2022-23,453,डॉ श्रद्धा र्हिकने,Faculty of arts & humanities,सोंकट के समय कला औि सार्हत्य की भूर्मका,Global Crises in The Present Scenario,,International,2022,978-93-93694-15-7,Kalinga University,Nitya Publication,
books 2022-23,454,डॉ. अर्नता सामल,Faculty of arts & humanities,वैर्िक सोंकट के दौि में भाित के र्कश ि ों में बढ़ती नशे र्क प्रवृर्ि,Global Crises in The Present Scenario,,International,2022,978-93-93694-15-7,Kalinga University,Nitya Publication,
books 2022-23,455,डॉ. अिय कु माि शुक्ला,Faculty of arts & humanities,सोंकट काल में सार्हत्य की भूर्मका : कबीि दशिन के सोंदभि में,Global Crises in The Present Scenario,,International,2022,978-93-93694-15-7,Kalinga University,Nitya Publication,
books 2022-23,456,डॉ. अिय कु माि शुक्ला,Faculty of arts & humanities,मानर्सक स्वास्थ्य पि वैर्िक सोंकट का प्रभाव,Global Crises in The Present Scenario,,International,2022,978-93-93694-15-7,Kalinga University,Nitya Publication,
books 2022-23,457,डॉ. - अद्धा र्हिकने,Faculty of arts & humanities,शर्शप्रभा शाखी के उपन्यास ों में व्याप्त समस्यायें,Global Crises in The Present Scenario,,International,2022,978-93-93694-15-7,Kalinga University,Nitya Publication,
books 2022-23,459,डॉ. श्रद्धा र्हिकने,Faculty of arts & humanities,*मैत्रेयी पुष्पा के उपन्यास ों में सामार्िक यथाथि,Global Crises in The Present Scenario,,International,2022,978-93-93694-15-7,Kalinga University,Nitya Publication,
books 2022-23,461,डा. अिय कु माि शुक्ल,Faculty of arts & humanities,गिान माधव मुस्लिब ध का िचना साि (िािनाोंदगाोंव के र्वशेष सोंदभि में ),Global Crises in The Present Scenario,,International,2022,978-93-93694-15-7,Kalinga University,Nitya Publication,
books 2022-23,462,डॉ. अर्नता सामल,Faculty of arts & humanities,वैर्िक सोंकट के दौि में भाित के र्कश ि में बढ़ती नशे र्क प्रवृर्ि,Global Crises in The Present Scenario,,International,2022,978-93-93694-15-7,Kalinga University,Nitya Publication,
books 2022-23,463,डॉ. श्रद्धा र्हिकने,Faculty of arts & humanities,शर्शप्रभा शािी के उपन्यास ों में व्याप्त समस्यायें,Global Crises in The Present Scenario,,International,2022,978-93-93694-15-7,Kalinga University,Nitya Publication,
books 2022-23,464,Dr.Ram Chandra Mohnaty,Faculty of education,Digital education and its Implication in Current Time,Indian Culture & Modern Challenges of Education,,International,2022,978-93-5737-001-1,Kalinga University,Kalinga University,
books 2022-23,465,Dr. Krushna Chandra Dalai,Faculty of law,Education on Moral and Ethical Values of Legal Profession,Indian Culture & Modern Challenges of Education,,International,2022,978-93-5737-001-1,Kalinga University,Kalinga University,
books 2022-23,466,M.Gayatri,Faculty of education,Technology as a Challenge in education,Indian Culture & Modern Challenges of Education,,International,2022,978-93-5737-001-1,Kalinga University,Kalinga University,
books 2022-23,467,A.K Kaul,Faculty of arts & humanities,National Education Policy india 2020,Indian Culture & Modern Challenges of Education,,International,2022,978-93-5737-001-1,Kalinga University,Kalinga University,
books 2022-23,468,Dr. Komal Gupta,Faculty of commerce & management,"A Comparative Statement Analysis On Apple Inc. And Samsung 
 Electronics Co.Ltd","National conference on “Emerging Business and technology Issues with 
 Emergence of Industry 4.O ”",,National,2022,978-93-92568-29-9,Kalinga University,Aditi Publication,
books 2022-23,469,Dr Paritosh Dube,Faculty of commerce & management,"The Importance Of Creativity And Innovation In Maintaining Business 
 In The Pandemic Situation: A Case Study Of Micro Small And Medium Enterprises (Msme) In Korba","National conference on “Emerging Business and technology Issues with 
 Emergence of Industry 4.O ”",,National,2022,978-93-92568-29-9,Kalinga University,Aditi Publication,
books 2022-23,470,Ms. Riya Goel,Faculty of commerce & management,"A Brief Study On Impact Of Advertisement On Consumer Buying 
 Behaviour","National conference on “Emerging Business and technology Issues with 
 Emergence of Industry 4.O ”",,National,2022,978-93-92568-29-9,Kalinga University,Aditi Publication,
books 2022-23,471,Dr. Paritosh Dube,Faculty of commerce & management,A Financial Analysis Of Selected Private Software Companies Of India,"National conference on “Emerging Business and technology Issues with 
 Emergence of Industry 4.O ”",,National,2022,978-93-92568-29-9,Kalinga University,Aditi Publication,
books 2022-23,472,Ms. Shilpa Sharma,Faculty of commerce & management,An Analytical Study Of Financial Performance Using Ratio Analysis Of Public Sector Enterprises With Special Reference To “Sail” Post Covid,"National conference on “Emerging Business and technology Issues with 
 Emergence of Industry 4.O ”",,National,2022,978-93-92568-29-9,Kalinga University,Aditi Publication,
books 2022-23,473,Dr.Paritosh Dube,Faculty of commerce & management,A Comparative Analysis Of Sbi Life Insurance And New India Assurance Stock Price Movement.,"National conference on “Emerging Business and technology Issues with 
 Emergence of Industry 4.O ”",,National,2022,978-93-92568-29-9,Kalinga University,Aditi Publication,
books 2022-23,474,Dr.Abhishek Tripathi,Faculty of commerce & management,"A Study Of Financial Performance Of Tata Motors Company Ltd And 
 Honda Motor Company Ltd. In Indian Industry","National conference on “Emerging Business and technology Issues with 
 Emergence of Industry 4.O ”",,National,2022,978-93-92568-29-9,Kalinga University,Aditi Publication,
books 2022-23,475,Dr. Paritosh Dubey,Faculty of commerce & management,A Study Of Consumer Behaviour Of The User Of E- Payment Application,"National conference on “Emerging Business and technology Issues with 
 Emergence of Industry 4.O ”",,National,2022,978-93-92568-29-9,Kalinga University,Aditi Publication,
books 2022-23,476,Dr. Paritosh Dubey,Faculty of commerce & management,"A Study On Buying Preference Of Consumer Of Luxurious Goods At 
 Time Of Product Launching","National conference on “Emerging Business and technology Issues with 
 Emergence of Industry 4.O ”",,National,2022,978-93-92568-29-9,Kalinga University,Aditi Publication,
books 2022-23,477,Dr. Paritosh Dubey,Faculty of commerce & management,An Analytical Study Of Selected Automobile Companies,"National conference on “Emerging Business and technology Issues with 
 Emergence of Industry 4.O ”",,National,2022,978-93-92568-29-9,Kalinga University,Aditi Publication,
books 2022-23,478,Dr. Paritosh Dubey,Faculty of commerce & management,Financial Crisis 2008,"National conference on “Emerging Business and technology Issues with 
 Emergence of Industry 4.O ”",,National,2022,978-93-92568-29-9,Kalinga University,Aditi Publication,
books 2022-23,479,Omprakash Dewangan,Faculty of Cs & IT,Review of CHATBOT's Creation and Layout Techniques,"Recent Advancement in 
 Engineering & Computing 
 Technologies (NCRAECT 2022)",,National,2022,978-93-5641-005-3,Kalinga University,"Nitya Publication, Bhopal",
books 2022-23,480,Pooja P Raj,Faculty of Cs & IT,Rational Study on 68 Face Landmark Algorithm,"Recent Advancement in 
 Engineering & Computing 
 Technologies (NCRAECT 2022)",,National,2022,978-93-5641-005-3,Kalinga University,"Nitya Publication, Bhopal",
books 2022-23,481,Sushree Sasmita Dash,Faculty of Cs & IT,A Survey on PSO-Based Approaches in Image Thresholding,"Recent Advancement in 
 Engineering & Computing 
 Technologies (NCRAECT 2022)",,National,2022,978-93-5641-005-3,Kalinga University,"Nitya Publication, Bhopal",
books 2022-23,482,Sushree Samita Dash,Faculty of Cs & IT,Programming Nanotechnology Roweida R.T February,"Recent Advancement in 
 Engineering & Computing 
 Technologies (NCRAECT 2022)",,National,2022,978-93-5641-005-3,Kalinga University,"Nitya Publication, Bhopal",
books 2022-23,483,Dr. Asha Ambhaikar,Faculty of Cs & IT,"A Comprehensive Study On Security And Privacy Issues Of Social 
 Networking Websites","Recent Advancement in 
 Engineering & Computing 
 Technologies (NCRAECT 2022)",,National,2022,978-93-5641-005-3,Kalinga University,"Nitya Publication, Bhopal",
books 2022-23,484,Omprakash Dewangan,Faculty of Cs & IT,Cryptocurrency and its future,"Recent Advancement in 
 Engineering & Computing 
 Technologies (NCRAECT 2022)",,National,2022,978-93-5641-005-3,Kalinga University,"Nitya Publication, Bhopal",
books 2022-23,485,"Dr. Vinay Chandra Jha,",Faculty of Engineering,Design and FEM Analysis of Centrifugal Pump Volute Casing,"Recent Advancement in 
 Engineering & Computing 
 Technologies (NCRAECT 2022)",,National,2022,978-93-5641-005-3,Kalinga University,"Nitya Publication, Bhopal",
books 2022-23,486,Manas Rathore,Faculty of Engineering,Analysis of Irregular Multi Storey Building Using Shear Wall on Staad Pro,"Recent Advancement in 
 Engineering & Computing 
 Technologies (NCRAECT 2022)",,National,2022,978-93-5641-005-3,Kalinga University,"Nitya Publication, Bhopal",
books 2022-23,487,Manas Rathore,Faculty of Engineering,Highway Failures And Their Maintenance,"Recent Advancement in 
 Engineering & Computing 
 Technologies (NCRAECT 2022)",,National,2022,978-93-5641-005-3,Kalinga University,"Nitya Publication, Bhopal",
books 2022-23,488,Dr. Vinay Chandra Jha,Faculty of Engineering,Temperature analysis of TIG welded AISI 304L stainless steel,"Recent Advancement in 
 Engineering & Computing 
 Technologies (NCRAECT 2022)",,National,2022,978-93-5641-005-3,Kalinga University,"Nitya Publication, Bhopal",
books 2022-23,489,Ms Swati Agrawal,Faculty of Engineering,Study of High-Rise Structural Systems in Steel,"Recent Advancement in 
 Engineering & Computing 
 Technologies (NCRAECT 2022)",,National,2022,978-93-5641-005-3,Kalinga University,"Nitya Publication, Bhopal",
books 2022-23,490,Mr Akshit Lamba,Faculty of Engineering,Study of Swimming Pool with Red Mud & Basalt Fiber,"Recent Advancement in 
 Engineering & Computing 
 Technologies (NCRAECT 2022)",,National,2022,978-93-5641-005-3,Kalinga University,"Nitya Publication, Bhopal",
books 2022-23,491,Shikha Tiwari,Faculty of Cs & IT,Drone Detection Using an Approach of Deep Learning: YOLOv5,"Recent Advancement in 
 Engineering & Computing 
 Technologies (NCRAECT 2022)",,National,2022,978-93-5641-005-3,Kalinga University,"Nitya Publication, Bhopal",
books 2022-23,492,Kamlesh Kumar Yadav,Faculty of Cs & IT,"A Review Of Healthcare With Machine Learning: Possibilities And 
 Difficulties","Recent Advancement in 
 Engineering & Computing 
 Technologies (NCRAECT 2022)",,National,2022,978-93-5641-005-3,Kalinga University,"Nitya Publication, Bhopal",
books 2022-23,493,Pawan Kumar,Faculty of Cs & IT,Effect Of Machine Learning In Education: A Brief Review,"Recent Advancement in 
 Engineering & Computing 
 Technologies (NCRAECT 2022)",,National,2022,978-93-5641-005-3,Kalinga University,"Nitya Publication, Bhopal",
books 2022-23,494,Ruchi Chandrakar,Faculty of Engineering,"Effect Of Waste Steel Over the Performance of Low & Medium Grade 
 Concrete","Recent Advancement in 
 Engineering & Computing 
 Technologies (NCRAECT 2022)",,National,2022,978-93-5641-005-3,Kalinga University,"Nitya Publication, Bhopal",
books 2022-23,495,Ruchi Chandrakar,Faculty of Engineering,"An Experimental Study On Compressive Strength Of Quarry Dust As Fine 
 Aggregate In Concrete","Recent Advancement in 
 Engineering & Computing 
 Technologies (NCRAECT 2022)",,National,2022,978-93-5641-005-3,Kalinga University,"Nitya Publication, Bhopal",
books 2022-23,496,Piyush Das,Faculty of Engineering,Modern Construction Equipments used in Construction Site,"Recent Advancement in 
 Engineering & Computing 
 Technologies (NCRAECT 2022)",,National,2022,978-93-5641-005-3,Kalinga University,"Nitya Publication, Bhopal",
books 2022-23,497,Akanksha Mishra,Faculty of Cs & IT,Energy Management Applications using IoT,"Recent Advancement in 
 Engineering & Computing 
 Technologies (NCRAECT 2022)",,National,2022,978-93-5641-005-3,Kalinga University,"Nitya Publication, Bhopal",
books 2022-23,498,Taruna Chopra,Faculty of Cs & IT,"Gamified Learning: Applying Gamification techniques, Virtual Reality and 
 Augmented Reality in Learning and Education","Recent Advancement in 
 Engineering & Computing 
 Technologies (NCRAECT 2022)",,National,2022,978-93-5641-005-3,Kalinga University,"Nitya Publication, Bhopal",
books 2022-23,499,Piyush Das,Faculty of Cs & IT,"Advance Construction in Pavement of National Highway -31, Jharkhand","Recent Advancement in 
 Engineering & Computing 
 Technologies (NCRAECT 2022)",,National,2022,978-93-5641-005-3,Kalinga University,"Nitya Publication, Bhopal",
books 2022-23,500,Sarvaree Bano,Faculty of Science,A Review: On Organic Semiconductor Nanoparticle Film and it's Application,"Recent Advancement in 
 Engineering & Computing 
 Technologies (NCRAECT 2022)",,National,2022,978-93-5641-005-3,Kalinga University,"Nitya Publication, Bhopal",
books 2022-23,501,Kirti Sahu,Faculty of Engineering,Role of PERT and CPM in Construction Technology,"Recent Advancement in 
 Engineering & Computing 
 Technologies (NCRAECT 2022)",,National,2022,978-93-5641-005-3,Kalinga University,"Nitya Publication, Bhopal",
books 2022-23,502,Kirti Sahu,Faculty of Engineering,Analysis of Pavement Design with and without Using Geotextiles,"Recent Advancement in 
 Engineering & Computing 
 Technologies (NCRAECT 2022)",,National,2022,978-93-5641-005-3,Kalinga University,"Nitya Publication, Bhopal",
books 2022-23,503,Dr. Shilpi Shrivastava,Faculty of Science,Nanomaterials and their Applications,"Recent Advancement in 
 Engineering & Computing 
 Technologies (NCRAECT 2022)",,National,2022,978-93-5641-005-3,Kalinga University,"Nitya Publication, Bhopal",
books 2022-23,504,Dr. Aloke Verma,Faculty of Science,"Multiple Nano Component Integration without Noble Metals for Sustainable 
 Energy Conversion","Recent Advancement in 
 Engineering & Computing 
 Technologies (NCRAECT 2022)",,National,2022,978-93-5641-005-3,Kalinga University,"Nitya Publication, Bhopal",
books 2022-23,505,Nikita Pathrotkar,Faculty of Science,Autonomous garden powered by the Agricultural IoT with Android application,"Recent Advancement in 
 Engineering & Computing 
 Technologies (NCRAECT 2022)",,National,2022,978-93-5641-005-3,Kalinga University,"Nitya Publication, Bhopal",
books 2022-23,506,Smruti Smarakı Sarangi,Faculty of Cs & IT,"A Comprehensive Review on Blockchain Innovation for Interactive 
 Healthcare Systems","Recent Advancement in 
 Engineering & Computing 
 Technologies (NCRAECT 2022)",,National,2022,978-93-5641-005-3,Kalinga University,"Nitya Publication, Bhopal",
books 2022-23,507,Ravi Prakash Mahobia,Faculty of Engineering,"Simulation-Based Relative Analysis Of Interline Power Flow Controller & 
 Unified Power Flow Controller","Recent Advancement in 
 Engineering & Computing 
 Technologies (NCRAECT 2022)",,National,2022,978-93-5641-005-3,Kalinga University,"Nitya Publication, Bhopal",
books 2022-23,508,Ravi Prakash Mahobia,Faculty of Engineering,"Different Approaches for 2D to 3D Conversion for HD Quality Images or 
 Videos","Recent Advancement in 
 Engineering & Computing 
 Technologies (NCRAECT 2022)",,National,2022,978-93-5641-005-3,Kalinga University,"Nitya Publication, Bhopal",
books 2022-23,509,Ravi Prakash Mahobia,Faculty of Engineering,"Simulation-Based Transient Analysis of SMIB system with STATCOM via 
 Fire-Fly Algorithm","Recent Advancement in 
 Engineering & Computing 
 Technologies (NCRAECT 2022)",,National,2022,978-93-5641-005-3,Kalinga University,"Nitya Publication, Bhopal",
books 2022-23,510,Ravi Prakash Mahobia,Faculty of Engineering,A Review Paper on Harmonics Reduction Techniques via Passive Filters,"Recent Advancement in 
 Engineering & Computing 
 Technologies (NCRAECT 2022)",,National,2022,978-93-5641-005-3,Kalinga University,"Nitya Publication, Bhopal",
books 2022-23,511,"Ravi Prakash Mahobia,",Faculty of Engineering,A Review Paper On Economic Load Dispatch,"Recent Advancement in 
 Engineering & Computing 
 Technologies (NCRAECT 2022)",,National,2022,978-93-5641-005-3,Kalinga University,"Nitya Publication, Bhopal",
books 2022-23,512,Manas Rathore,Faculty of Engineering,Geogrid in Adaptable Asphalts: Approved System,"Recent Advancement in 
 Engineering & Computing 
 Technologies (NCRAECT 2022)",,National,2022,978-93-5641-005-3,Kalinga University,"Nitya Publication, Bhopal",
books 2022-23,513,Nishikant Kishor Dhapekar,Faculty of Engineering,"Compressive Strength Prediction of Nano-Silica Incorporated Concrete 
 Using Artificial Review Intelligence","Recent Advancement in 
 Engineering & Computing 
 Technologies (NCRAECT 2022)",,National,2022,978-93-5641-005-3,Kalinga University,"Nitya Publication, Bhopal",
books 2022-23,514,Dr.N.K.Dhapekar,Faculty of Engineering,Permeable Concrete Pavement By Using Waste Materials Nazya Parveen,"Recent Advancement in 
 Engineering & Computing 
 Technologies (NCRAECT 2022)",,National,2022,978-93-5641-005-3,Kalinga University,"Nitya Publication, Bhopal",
books 2022-23,515,Smruti Smaraki Sarangi,Faculty of Cs & IT,Mobile Salesperson Problem with Quantum Processing,"Recent Advancement in 
 Engineering & Computing 
 Technologies (NCRAECT 2022)",,National,2022,978-93-5641-005-3,Kalinga University,"Nitya Publication, Bhopal",
books 2022-23,516,Manas Rathore,Faculty of Engineering,"Performance and Evaluation of Pavement Design with and without using 
 Geotextiles","Recent Advancement in 
 Engineering & Computing 
 Technologies (NCRAECT 2022)",,National,2022,978-93-5641-005-3,Kalinga University,"Nitya Publication, Bhopal",
books 2022-23,517,Proshanta Sarkar,Faculty of Cs & IT,Review of CHATBOT's Creation and Layout Techniques,"Recent Advancement in 
 Engineering & Computing 
 Technologies (NCRAECT 2022)",,National,2022,978-93-5641-005-3,Kalinga University,"Nitya Publication, Bhopal",
books 2022-23,518,Dr. Aloke Verma,Faculty of Science,Nanomaterials and their Applications,"Recent Advancement in 
 Engineering & Computing 
 Technologies (NCRAECT 2022)",,National,2022,978-93-5641-005-3,Kalinga University,"Nitya Publication, Bhopal",
books 2022-23,519,Dr. Shilpi Shrivastava,Faculty of Science,"Multiple Nano Component Integration without Noble Metals for Sustainable 
 Energy Conversion","Recent Advancement in 
 Engineering & Computing 
 Technologies (NCRAECT 2022)",,National,2022,978-93-5641-005-3,Kalinga University,"Nitya Publication, Bhopal",
books 2022-23,520,A. K. Diwakar,Faculty of Science,"Multiple Nano Component Integration without Noble Metals for Sustainable 
 Energy Conversion","Recent Advancement in 
 Engineering & Computing 
 Technologies (NCRAECT 2022)",,National,2022,978-93-5641-005-3,Kalinga University,"Nitya Publication, Bhopal",
books 2022-23,521,Avinash Singh,Faculty of Science,"Multiple Nano Component Integration without Noble Metals for Sustainable 
 Energy Conversion","Recent Advancement in 
 Engineering & Computing 
 Technologies (NCRAECT 2022)",,National,2022,978-93-5641-005-3,Kalinga University,"Nitya Publication, Bhopal",
books 2022-23,522,Tripti Richhariya,Faculty of Science,"Multiple Nano Component Integration without Noble Metals for Sustainable 
 Energy Conversion","Recent Advancement in 
 Engineering & Computing 
 Technologies (NCRAECT 2022)",,National,2022,978-93-5641-005-3,Kalinga University,"Nitya Publication, Bhopal",
books 2022-23,523,Ekta Chandrawanshi,Faculty of Science,"Multiple Nano Component Integration without Noble Metals for Sustainable 
 Energy Conversion","Recent Advancement in 
 Engineering & Computing 
 Technologies (NCRAECT 2022)",,National,2022,978-93-5641-005-3,Kalinga University,"Nitya Publication, Bhopal",
books 2022-23,524,Shailesh Deshmukh,Faculty of Engineering,A Review Paper on Harmonics Reduction Techniques via Passive Filters,"Recent Advancement in 
 Engineering & Computing 
 Technologies (NCRAECT 2022)",,National,2022,978-93-5641-005-3,Kalinga University,"Nitya Publication, Bhopal",
books 2022-23,525,Mr. Kushagra Pandey,Faculty of Engineering,"Investigation And Analysis Of Road Accidents Through Geometric And 
 Human Behaviour","National Conference on Recent 
 Innovations in Engineering & 
 Technology (NCRIET-2022)",,National,2022,978-93-93694-94-2,Kalinga University,"Nitya Publication, Bhopal",
books 2022-23,526,Mr. Kushagra Pandey,Faculty of Engineering,A Spatial Approach for Auditing In Road Safety at NH-27,"National Conference on Recent 
 Innovations in Engineering & 
 Technology (NCRIET-2022)",,National,2022,978-93-93694-94-3,Kalinga University,"Nitya Publication, Bhopal",
books 2022-23,527,Mr. Kushagra Pandey,Faculty of Engineering,"An Experimental Investigation of Counterpoised Gravels for Usage in Sub-
 Base During Pavement Construction - A Review","National Conference on Recent 
 Innovations in Engineering & 
 Technology (NCRIET-2022)",,National,2022,978-93-93694-94-4,Kalinga University,"Nitya Publication, Bhopal",
books 2022-23,528,Mr. Kushagra Pandey,Faculty of Engineering,A Detail Discussion on Variation In Light Weight Concrete,"National Conference on Recent 
 Innovations in Engineering & 
 Technology (NCRIET-2022)",,National,2022,978-93-93694-94-5,Kalinga University,"Nitya Publication, Bhopal",
books 2022-23,529,Mr. Akshit Lamba,Faculty of Engineering,Recent Studies of High-Rise Structural Systems In Steel,"National Conference on Recent 
 Innovations in Engineering & 
 Technology (NCRIET-2022)",,National,2022,978-93-93694-94-6,Kalinga University,"Nitya Publication, Bhopal",
books 2022-23,530,Mr. Akshit Lamba,Faculty of Engineering,Study & Seismic Design of Large R.C.C Water Tank,"National Conference on Recent 
 Innovations in Engineering & 
 Technology (NCRIET-2022)",,National,2022,978-93-93694-94-7,Kalinga University,"Nitya Publication, Bhopal",
books 2022-23,531,Mr. Akshit Lamba,Faculty of Engineering,Recent Studies of Study Of Radial Gate & Its Piers,"National Conference on Recent 
 Innovations in Engineering & 
 Technology (NCRIET-2022)",,National,2022,978-93-93694-94-8,Kalinga University,"Nitya Publication, Bhopal",
books 2022-23,532,Mr. Akshit Lamba,Faculty of Engineering,Recent Studies of Study of Radial Gate & Its Piers,"National Conference on Recent 
 Innovations in Engineering & 
 Technology (NCRIET-2022)",,National,2022,978-93-93694-94-9,Kalinga University,"Nitya Publication, Bhopal",
books 2022-23,533,Mr. Akshit Lamba,Faculty of Engineering,A Review on Study of Multilevel Car Parking,"National Conference on Recent 
 Innovations in Engineering & 
 Technology (NCRIET-2022)",,National,2022,978-93-93694-94-10,Kalinga University,"Nitya Publication, Bhopal",
books 2022-23,534,Ms.Swati Agrawal,Faculty of Engineering,Study and Geometric Design of Indian Highways,"National Conference on Recent 
 Innovations in Engineering & 
 Technology (NCRIET-2022)",,National,2022,978-93-93694-94-11,Kalinga University,"Nitya Publication, Bhopal",
books 2022-23,535,Ms.Swati Agrawal,Faculty of Engineering,Study of Bond Strength for Various Types of Concrete,"National Conference on Recent 
 Innovations in Engineering & 
 Technology (NCRIET-2022)",,National,2022,978-93-93694-94-12,Kalinga University,"Nitya Publication, Bhopal",
books 2022-23,536,Ms.Swati Agrawal,Faculty of Engineering,Analytical Investigation of High-Performance Concrete Beams,"National Conference on Recent 
 Innovations in Engineering & 
 Technology (NCRIET-2022)",,National,2022,978-93-93694-94-13,Kalinga University,"Nitya Publication, Bhopal",
books 2022-23,537,Mrs. Kirti Sahu Tirpude,Faculty of Engineering,Utilization of Coconut Shell as Replacement of Coarse Aggregate,"National Conference on Recent 
 Innovations in Engineering & 
 Technology (NCRIET-2022)",,National,2022,978-93-93694-94-14,Kalinga University,"Nitya Publication, Bhopal",
books 2022-23,538,Dr. N.K. Dhapekar,Faculty of Engineering,Applications of X-Ray Diffraction In Civil Engineering,"National Conference on Recent 
 Innovations in Engineering & 
 Technology (NCRIET-2022)",,National,2022,978-93-93694-94-15,Kalinga University,"Nitya Publication, Bhopal",
books 2022-23,539,Mr. Piyush Das,Faculty of Engineering,"Highway Design for the Pavement in Horizontal and Vertical Curve For Ease 
 Movement","National Conference on Recent 
 Innovations in Engineering & 
 Technology (NCRIET-2022)",,National,2022,978-93-93694-94-16,Kalinga University,"Nitya Publication, Bhopal",
books 2022-23,540,Mrs. Kirti Sahu Tirpude,Faculty of Engineering,A Contrast Review Study on Superstructures,"National Conference on Recent 
 Innovations in Engineering & 
 Technology (NCRIET-2022)",,National,2022,978-93-93694-94-17,Kalinga University,"Nitya Publication, Bhopal",
books 2022-23,541,Mr. Piyush Das,Faculty of Engineering,"A Project Management & Planning of Modern Residential Building by Using 
 ETABS","National Conference on Recent 
 Innovations in Engineering & 
 Technology (NCRIET-2022)",,National,2022,978-93-93694-94-18,Kalinga University,"Nitya Publication, Bhopal",
books 2022-23,542,Mr. Piyush Das,Faculty of Engineering,Modern Techniques of Pavement Construction and Quality Control,"National Conference on Recent 
 Innovations in Engineering & 
 Technology (NCRIET-2022)",,National,2022,978-93-93694-94-19,Kalinga University,"Nitya Publication, Bhopal",
books 2022-23,543,Mrs. Kirti Sahu Tirpud,Faculty of Engineering,Design the Circular Water Tank by Using The STAAD Pro Software,"National Conference on Recent 
 Innovations in Engineering & 
 Technology (NCRIET-2022)",,National,2022,978-93-93694-94-20,Kalinga University,"Nitya Publication, Bhopal",
books 2022-23,544,Mrs. Kirti Sahu Tirpud,Faculty of Engineering,Study of Sugarcane Bagasse Ash on Concrete,"National Conference on Recent 
 Innovations in Engineering & 
 Technology (NCRIET-2022)",,National,2022,978-93-93694-94-21,Kalinga University,"Nitya Publication, Bhopal",
books 2022-23,545,Priyanka Gupta,Faculty of Engineering,Analysis of Pesticide Residues in Soil Sample by Using HPLC,"National Conference on Recent 
 Innovations in Engineering & 
 Technology (NCRIET-2022)",,National,2022,978-93-93694-94-22,Kalinga University,"Nitya Publication, Bhopal",
books 2022-23,546,Priyanka Gupta,Faculty of Engineering,36 Green Synthesis of Copper Nanoparticle,"National Conference on Recent 
 Innovations in Engineering & 
 Technology (NCRIET-2022)",,National,2022,978-93-93694-94-23,Kalinga University,"Nitya Publication, Bhopal",
books 2022-23,547,Priyanka Gupta,Faculty of Engineering,Synthesis and Application of Carbazoles and its compounds,"National Conference on Recent 
 Innovations in Engineering & 
 Technology (NCRIET-2022)",,National,2022,978-93-93694-94-24,Kalinga University,"Nitya Publication, Bhopal",
books 2022-23,548,Shailesh Deshmukh,Faculty of Engineering,Wireless Solar Charger,"National Conference on Recent 
 Innovations in Engineering & 
 Technology (NCRIET-2022)",,National,2022,978-93-93694-94-25,Kalinga University,"Nitya Publication, Bhopal",
books 2022-23,549,Dr. Aditya Prasad Padhy,Faculty of Engineering,Wireless Solar Charger,"National Conference on Recent 
 Innovations in Engineering & 
 Technology (NCRIET-2022)",,National,2022,978-93-93694-94-26,Kalinga University,"Nitya Publication, Bhopal",
books 2022-23,550,Shailesh M. Deshmukh,Faculty of Engineering,The Performance Evaluation Of Virtual Synchronous Machine (VSM),"National Conference on Recent 
 Innovations in Engineering & 
 Technology (NCRIET-2022)",,National,2022,978-93-93694-94-27,Kalinga University,"Nitya Publication, Bhopal",
books 2022-23,551,Shailesh M. Deshmukh,Faculty of Engineering,Energy System Planning & Analysis Of Nepal,"National Conference on Recent 
 Innovations in Engineering & 
 Technology (NCRIET-2022)",,National,2022,978-93-93694-94-28,Kalinga University,"Nitya Publication, Bhopal",
books 2022-23,552,Sandeep Mishra,Faculty of Engineering,Smart Grid,"National Conference on Recent 
 Innovations in Engineering & 
 Technology (NCRIET-2022)",,National,2022,978-93-93694-94-29,Kalinga University,"Nitya Publication, Bhopal",
books 2022-23,553,Sandip Prasad Tiwari,Faculty of pharmacy,,"Phytochemistry and 
 Pharmacological Activities of Annona Squamosa : Review","Pharma Enclave 1.0 
 National Conference 
 ""Current Scenario and Innovation in",National,2022,2278-7496,Kalinga University,Asian Journal of Pharmaceutical Education and Research,
books 2022-23,554,Rajni Yadav,Faculty of pharmacy,,"Phytochemistry and 
 Pharmacological Activities of Annona Squamosa : Review","Pharma Enclave 1.0 
 National Conference 
 ""Current Scenario and Innovation in",National,2022,2278-7496,Kalinga University,Asian Journal of Pharmaceutical Education and Research,
books 2022-23,555,Sandip Prasad Tiwari,Faculty of pharmacy,,A brief review of medicinal properties of Adhatoda Vasica ( Justicia Adhatoda ),"Pharma Enclave 1.0 
 National Conference 
 ""Current Scenario and Innovation in",National,2022,2278-7496,Kalinga University,Asian Journal of Pharmaceutical Education and Research,
books 2022-23,556,Rajni Yadav,Faculty of pharmacy,,A brief review of medicinal properties of Adhatoda Vasica ( Justicia Adhatoda ),"Pharma Enclave 1.0 
 National Conference 
 ""Current Scenario and Innovation in",National,2022,2278-7496,Kalinga University,Asian Journal of Pharmaceutical Education and Research,
books 2022-23,557,Rajni Yadav,Faculty of pharmacy,,An overview on herbal plants used for anti ageing effect,"Pharma Enclave 1.0 
 National Conference 
 ""Current Scenario and Innovation in",National,2022,2278-7496,Kalinga University,Asian Journal of Pharmaceutical Education and Research,
books 2022-23,558,Sandip Prasad Tiwari,Faculty of pharmacy,,An overview on herbal plants used for anti ageing effect,"Pharma Enclave 1.0 
 National Conference 
 ""Current Scenario and Innovation in",National,2022,2278-7496,Kalinga University,Asian Journal of Pharmaceutical Education and Research,
books 2022-23,559,Khushboo Gupta,Faculty of pharmacy,,Immunology antigen processing and presentation,"Pharma Enclave 1.0 
 National Conference 
 ""Current Scenario and Innovation in",National,2022,2278-7496,Kalinga University,Asian Journal of Pharmaceutical Education and Research,
books 2022-23,560,Sandip Prasad Tiwari,Faculty of pharmacy,,"A review on recent advancement in treatment and diagnosis of 
 attention deficit hyperactivity disorder (ADHD)","Pharma Enclave 1.0 
 National Conference 
 ""Current Scenario and Innovation in",National,2022,2278-7496,Kalinga University,Asian Journal of Pharmaceutical Education and Research,
books 2022-23,561,Sudeep Mandal,Faculty of pharmacy,,"A review on recent advancement in treatment and diagnosis of 
 attention deficit hyperactivity disorder (ADHD)","Pharma Enclave 1.0 
 National Conference 
 ""Current Scenario and Innovation in",National,2022,2278-7496,Kalinga University,Asian Journal of Pharmaceutical Education and Research,
books 2022-23,562,Pranjul shrivastava,Faculty of pharmacy,,Review on monkey pox virus and their impact on human health,"Pharma Enclave 1.0 
 National Conference 
 ""Current Scenario and Innovation in",National,2022,2278-7496,Kalinga University,Asian Journal of Pharmaceutical Education and Research,
books 2022-23,563,Saurabh Sharma,Faculty of pharmacy,,Review on monkey pox virus and their impact on human health,"Pharma Enclave 1.0 
 National Conference 
 ""Current Scenario and Innovation in",National,2022,2278-7496,Kalinga University,Asian Journal of Pharmaceutical Education and Research,
books 2022-23,564,Sandip Prasad Tiwari,Faculty of pharmacy,,Review on monkey pox virus and their impact on human health,"Pharma Enclave 1.0 
 National Conference 
 ""Current Scenario and Innovation in",National,2022,2278-7496,Kalinga University,Asian Journal of Pharmaceutical Education and Research,
books 2022-23,565,Rajni Yadav,Faculty of pharmacy,,Drug delivery systems for tumor therapy,"Pharma Enclave 1.0 
 National Conference 
 ""Current Scenario and Innovation in",National,2022,2278-7496,Kalinga University,Asian Journal of Pharmaceutical Education and Research,
books 2022-23,566,Sandip Prasad Tiwari,Faculty of pharmacy,,Drug delivery systems for tumor therapy,"Pharma Enclave 1.0 
 National Conference 
 ""Current Scenario and Innovation in",National,2022,2278-7496,Kalinga University,Asian Journal of Pharmaceutical Education and Research,
books 2022-23,567,Rajni Yadav,Faculty of pharmacy,,Current scenario and innovation in pharma industry for drug discovery and development,"Pharma Enclave 1.0 
 National Conference 
 ""Current Scenario and Innovation in",National,2022,2278-7496,Kalinga University,Asian Journal of Pharmaceutical Education and Research,
books 2022-23,568,Sandip Prasad Tiwari,Faculty of pharmacy,,Current scenario and innovation in pharma industry for drug discovery and development,"Pharma Enclave 1.0 
 National Conference 
 ""Current Scenario and Innovation in",National,2022,2278-7496,Kalinga University,Asian Journal of Pharmaceutical Education and Research,
books 2022-23,569,Rajni Yadav,Faculty of pharmacy,,An overview on sicle cell anemia,"Pharma Enclave 1.0 
 National Conference 
 ""Current Scenario and Innovation in",National,2022,2278-7496,Kalinga University,Asian Journal of Pharmaceutical Education and Research,
books 2022-23,570,Sandip Prasad Tiwari,Faculty of pharmacy,,An overview on sicle cell anemia,"Pharma Enclave 1.0 
 National Conference 
 ""Current Scenario and Innovation in",National,2022,2278-7496,Kalinga University,Asian Journal of Pharmaceutical Education and Research,
books 2022-23,571,Rajni Yadav,Faculty of pharmacy,,An overview on topical gels of camphor or eucalyptus,"Pharma Enclave 1.0 
 National Conference 
 ""Current Scenario and Innovation in",National,2022,2278-7496,Kalinga University,Asian Journal of Pharmaceutical Education and Research,
books 2022-23,572,Rajni Yadav,Faculty of pharmacy,,Nanotechnology in cancer diagnosis and treatment,"Pharma Enclave 1.0 
 National Conference 
 ""Current Scenario and Innovation in",National,2022,2278-7496,Kalinga University,Asian Journal of Pharmaceutical Education and Research,
books 2022-23,573,Sandip Prasad Tiwari,Faculty of pharmacy,,Pharmacological activity of some conventional plants,"Pharma Enclave 1.0 
 National Conference 
 ""Current Scenario and Innovation in",National,2022,2278-7496,Kalinga University,Asian Journal of Pharmaceutical Education and Research,
books 2022-23,574,Rajni Yadav,Faculty of pharmacy,,Pharmacological activity of some conventional plants,"Pharma Enclave 1.0 
 National Conference 
 ""Current Scenario and Innovation in",National,2022,2278-7496,Kalinga University,Asian Journal of Pharmaceutical Education and Research,
books 2022-23,575,Pranjul Shrivastava,Faculty of pharmacy,,A review on herbal formulation as an immunity booster during COVID 19 pandemic,"Pharma Enclave 1.0 
 National Conference 
 ""Current Scenario and Innovation in",National,2022,2278-7496,Kalinga University,Asian Journal of Pharmaceutical Education and Research,
books 2022-23,576,Sandip Prasad Tiwari,Faculty of pharmacy,,A review on herbal formulation as an immunity booster during COVID 19 pandemic,"Pharma Enclave 1.0 
 National Conference 
 ""Current Scenario and Innovation in",National,2022,2278-7496,Kalinga University,Asian Journal of Pharmaceutical Education and Research,
books 2022-23,577,Pranjul Shrivastava,Faculty of pharmacy,,"Review article on rare consequence of a common 
 symptom: Diabetes myonecrosis and challenge in diagnosis and","Pharma Enclave 1.0 
 National Conference 
 ""Current Scenario and Innovation in",National,2022,2278-7496,Kalinga University,Asian Journal of Pharmaceutical Education and Research,
books 2022-23,578,Sandip Prasad Tiwari,Faculty of pharmacy,,"Review article on rare consequence of a common 
 symptom: Diabetes myonecrosis and challenge in diagnosis and","Pharma Enclave 1.0 
 National Conference 
 ""Current Scenario and Innovation in",National,2022,2278-7496,Kalinga University,Asian Journal of Pharmaceutical Education and Research,
books 2022-23,579,Pranjul Shrivastava,Faculty of pharmacy,,Review article on robotics in hospital pharmacy,"Pharma Enclave 1.0 
 National Conference 
 ""Current Scenario and Innovation in",National,2022,2278-7496,Kalinga University,Asian Journal of Pharmaceutical Education and Research,
books 2022-23,580,Pranjul Shrivastava,Faculty of pharmacy,,"A review on transdermal patch: 
 A unique approach for pain 
 management","Pharma Enclave 1.0 
 National Conference 
 ""Current Scenario and Innovation in",National,2022,2278-7496,Kalinga University,Asian Journal of Pharmaceutical Education and Research,
books 2022-23,581,Pranjul Shrivastava,Faculty of pharmacy,,A review article on antidiabetic activity of Cynadon Doctylon,"Pharma Enclave 1.0 
 National Conference 
 ""Current Scenario and Innovation in",National,2022,2278-7496,Kalinga University,Asian Journal of Pharmaceutical Education and Research,
books 2022-23,582,Sudeep Kumar Mandal,Faculty of pharmacy,,"Review on recent advancement in the formulation and 
 evaluation of herbal face cream","Pharma Enclave 1.0 
 National Conference 
 ""Current Scenario and Innovation in",National,2022,2278-7496,Kalinga University,Asian Journal of Pharmaceutical Education and Research,
books 2022-23,583,Sudeep Kumar Mandal,Faculty of pharmacy,,Review on herbal plant used in treatment of asthma,"Pharma Enclave 1.0 
 National Conference 
 ""Current Scenario and Innovation in",National,2022,2278-7496,Kalinga University,Asian Journal of Pharmaceutical Education and Research,
books 2022-23,584,Sudeep Mandal,Faculty of pharmacy,,"Breast cancer: brief overview into its etiology classifications, risk factor, management, 
 psychosocial and pharmacist role","Pharma Enclave 1.0 
 National Conference 
 ""Current Scenario and Innovation in",National,2022,2278-7496,Kalinga University,Asian Journal of Pharmaceutical Education and Research,
books 2022-23,585,Sudeep Kumar Mandal,Faculty of pharmacy,,Lung cancer disease and treatment,"Pharma Enclave 1.0 
 National Conference 
 ""Current Scenario and Innovation in",National,2022,2278-7496,Kalinga University,Asian Journal of Pharmaceutical Education and Research,
books 2022-23,586,Sudeep Kumar Mandal,Faculty of pharmacy,,A review on catharenthus roseus plant,"Pharma Enclave 1.0 
 National Conference 
 ""Current Scenario and Innovation in",National,2022,2278-7496,Kalinga University,Asian Journal of Pharmaceutical Education and Research,
books 2022-23,587,Sudeep Kumar Mandal,Faculty of pharmacy,,"Approach towards ayurvedic treatment for female infertility 
 linked to Polysystic Ovarian Syndrome (PCOS)","Pharma Enclave 1.0 
 National Conference 
 ""Current Scenario and Innovation in",National,2022,2278-7496,Kalinga University,Asian Journal of Pharmaceutical Education and Research,
books 2022-23,588,Shrishti Namdev,Faculty of pharmacy,,Review on new approach for treatment of hepatitis C,"Pharma Enclave 1.0 
 National Conference 
 ""Current Scenario and Innovation in",National,2022,2278-7496,Kalinga University,Asian Journal of Pharmaceutical Education and Research,
books 2022-23,589,Shrishti Namdev,Faculty of pharmacy,,Nanotechnology drug delivery system in diabetes,"Pharma Enclave 1.0 
 National Conference 
 ""Current Scenario and Innovation in",National,2022,2278-7496,Kalinga University,Asian Journal of Pharmaceutical Education and Research,
books 2022-23,590,Shrishti Namdev,Faculty of pharmacy,,An overview on Alzheimer's disease and management,"Pharma Enclave 1.0 
 National Conference 
 ""Current Scenario and Innovation in",National,2022,2278-7496,Kalinga University,Asian Journal of Pharmaceutical Education and Research,
books 2022-23,591,Shrishti Namdeo,Faculty of pharmacy,,"Recent advancement in the treatment of genital cancer in 
 female","Pharma Enclave 1.0 
 National Conference 
 ""Current Scenario and Innovation in",National,2022,2278-7496,Kalinga University,Asian Journal of Pharmaceutical Education and Research,
books 2022-23,592,Khushboo Gupta,Faculty of pharmacy,,Gold nanoparticles drug delivery system,"Pharma Enclave 1.0 
 National Conference 
 ""Current Scenario and Innovation in",National,2022,2278-7496,Kalinga University,Asian Journal of Pharmaceutical Education and Research,
books 2022-23,593,Pranjul shrivastava,Faculty of pharmacy,,Gold nanoparticles drug delivery system,"Pharma Enclave 1.0 
 National Conference 
 ""Current Scenario and Innovation in",National,2022,2278-7496,Kalinga University,Asian Journal of Pharmaceutical Education and Research,
books 2022-23,594,Khushboo Gupta,Faculty of pharmacy,,Review article on comparison of agaricus bisporus and pleurotus ostreatus: Application in pharmaceutical sector,"Pharma Enclave 1.0 
 National Conference 
 ""Current Scenario and Innovation in",National,2022,2278-7496,Kalinga University,Asian Journal of Pharmaceutical Education and Research,
books 2022-23,595,Sandip Prasad Tiwari,Faculty of pharmacy,,Review article on comparison of agaricus bisporus and pleurotus ostreatus: Application in pharmaceutical sector,"Pharma Enclave 1.0 
 National Conference 
 ""Current Scenario and Innovation in",National,2022,2278-7496,Kalinga University,Asian Journal of Pharmaceutical Education and Research,
books 2022-23,596,Khushboo Gupta,Faculty of pharmacy,,Recent advancement in validation aspects: pharmaceutical validation,"Pharma Enclave 1.0 
 National Conference 
 ""Current Scenario and Innovation in",National,2022,2278-7496,Kalinga University,Asian Journal of Pharmaceutical Education and Research,
books 2022-23,597,Sandip Prasad Tiwari,Faculty of pharmacy,,Recent advancement in validation aspects: pharmaceutical validation,"Pharma Enclave 1.0 
 National Conference 
 ""Current Scenario and Innovation in",National,2022,2278-7496,Kalinga University,Asian Journal of Pharmaceutical Education and Research,
books 2022-23,598,Pranjul Shrivastava,Faculty of pharmacy,,Innovative immunity booster:Smart vaccine,"Pharma Enclave 1.0 
 National Conference 
 ""Current Scenario and Innovation in",National,2022,2278-7496,Kalinga University,Asian Journal of Pharmaceutical Education and Research,
books 2022-23,599,Khushboo Gupta,Faculty of pharmacy,,Innovative immunity booster:Smart vaccine,"Pharma Enclave 1.0 
 National Conference 
 ""Current Scenario and Innovation in",National,2022,2278-7496,Kalinga University,Asian Journal of Pharmaceutical Education and Research,
books 2022-23,600,Sandip Prasad Tiwari,Faculty of pharmacy,,Innovative immunity booster:Smart vaccine,"Pharma Enclave 1.0 
 National Conference 
 ""Current Scenario and Innovation in",National,2022,2278-7496,Kalinga University,Asian Journal of Pharmaceutical Education and Research,
books 2022-23,601,Pranjul Shrivastava,Faculty of pharmacy,,Novel approach for skin drug delivery system: Cubosomes,"Pharma Enclave 1.0 
 National Conference 
 ""Current Scenario and Innovation in",National,2022,2278-7496,Kalinga University,Asian Journal of Pharmaceutical Education and Research,
books 2022-23,602,Khushboo Gupta,Faculty of pharmacy,,Novel approach for skin drug delivery system: Cubosomes,"Pharma Enclave 1.0 
 National Conference 
 ""Current Scenario and Innovation in",National,2022,2278-7496,Kalinga University,Asian Journal of Pharmaceutical Education and Research,
books 2022-23,603,Sandip Prasad Tiwari,Faculty of pharmacy,,Novel approach for skin drug delivery system: Cubosomes,"Pharma Enclave 1.0 
 National Conference 
 ""Current Scenario and Innovation in",National,2022,2278-7496,Kalinga University,Asian Journal of Pharmaceutical Education and Research,
books 2022-23,604,Pranjul Shrivastava,Faculty of pharmacy,,Advancement in pharmaceutical world,"Pharma Enclave 1.0 
 National Conference 
 ""Current Scenario and Innovation in",National,2022,2278-7496,Kalinga University,Asian Journal of Pharmaceutical Education and Research,
books 2022-23,605,Khushboo Gupta,Faculty of pharmacy,,Advancement in pharmaceutical world,"Pharma Enclave 1.0 
 National Conference 
 ""Current Scenario and Innovation in",National,2022,2278-7496,Kalinga University,Asian Journal of Pharmaceutical Education and Research,
books 2022-23,606,Sandip Prasad Tiwari,Faculty of pharmacy,,Advancement in pharmaceutical world,"Pharma Enclave 1.0 
 National Conference 
 ""Current Scenario and Innovation in",National,2022,2278-7496,Kalinga University,Asian Journal of Pharmaceutical Education and Research,
books 2022-23,607,Khushboo Gupta,Faculty of pharmacy,,A review paper on pharmacological activities of ocimum Sanctum Linn (Krishna Tulsi),"Pharma Enclave 1.0 
 National Conference 
 ""Current Scenario and Innovation in",National,2022,2278-7496,Kalinga University,Asian Journal of Pharmaceutical Education and Research,
books 2022-23,608,Sandip Prasad Tiwari,Faculty of pharmacy,,A review paper on pharmacological activities of ocimum Sanctum Linn (Krishna Tulsi),"Pharma Enclave 1.0 
 National Conference 
 ""Current Scenario and Innovation in",National,2022,2278-7496,Kalinga University,Asian Journal of Pharmaceutical Education and Research,
books 2022-23,609,Khushboo Gupta,Faculty of pharmacy,,"Current Status and future prospects of pharmacovigilance 
 in Nepal","Pharma Enclave 1.0 
 National Conference 
 ""Current Scenario and Innovation in",National,2022,2278-7496,Kalinga University,Asian Journal of Pharmaceutical Education and Research,
books 2022-23,610,Sandip Prasad Tiwari,Faculty of pharmacy,,"Current Status and future prospects of pharmacovigilance 
 in Nepal","Pharma Enclave 1.0 
 National Conference 
 ""Current Scenario and Innovation in",National,2022,2278-7496,Kalinga University,Asian Journal of Pharmaceutical Education and Research,
books 2022-23,611,Saurabh Sharma,Faculty of pharmacy,,"NOVEL APPROACH IN 
 INSTRUMENT OF RHEUMATOID ARTHRITIS THROUGH","Pharma Enclave 1.0 
 National Conference 
 ""Current Scenario and Innovation in",National,2022,2278-7496,Kalinga University,Asian Journal of Pharmaceutical Education and Research,
books 2022-23,612,Sandip Prasad Tiwari,Faculty of pharmacy,,"NOVEL APPROACH IN 
 INSTRUMENT OF RHEUMATOID 
 ARTHRITIS THROUGH 
 TRANSDERMAL PATCH","Pharma Enclave 1.0 
 National Conference 
 ""Current Scenario and Innovation in",National,2022,2278-7496,Kalinga University,Asian Journal of Pharmaceutical Education and Research,
books 2022-23,613,Saurabh Sharma,Faculty of pharmacy,,Impact of black fungus on health of COVID patients,"Pharma Enclave 1.0 
 National Conference 
 ""Current Scenario and Innovation in",National,2022,2278-7496,Kalinga University,Asian Journal of Pharmaceutical Education and Research,
books 2022-23,614,Sandip Prasad Tiwari,Faculty of pharmacy,,Impact of black fungus on health of COVID patients,"Pharma Enclave 1.0 
 National Conference 
 ""Current Scenario and Innovation in",National,2022,2278-7496,Kalinga University,Asian Journal of Pharmaceutical Education and Research,
books 2022-23,615,Saurabh Sharma,Faculty of pharmacy,,Ethosomes in novel drug approach in topical drug delivery,"Pharma Enclave 1.0 
 National Conference 
 ""Current Scenario and Innovation in",National,2022,2278-7496,Kalinga University,Asian Journal of Pharmaceutical Education and Research,
books 2022-23,616,Sandip Prasad Tiwari,Faculty of pharmacy,,Ethosomes in novel drug approach in topical drug delivery,"Pharma Enclave 1.0 
 National Conference 
 ""Current Scenario and Innovation in",National,2022,2278-7496,Kalinga University,Asian Journal of Pharmaceutical Education and Research,
books 2022-23,617,Saurabh Sharma,Faculty of pharmacy,,Quantum dots as a novel approach in drug targeting,"Pharma Enclave 1.0 
 National Conference 
 ""Current Scenario and Innovation in",National,2022,2278-7496,Kalinga University,Asian Journal of Pharmaceutical Education and Research,
books 2022-23,618,Sandip Prasad Tiwari,Faculty of pharmacy,,Quantum dots as a novel approach in drug targeting,"Pharma Enclave 1.0 
 National Conference 
 ""Current Scenario and Innovation in",National,2022,2278-7496,Kalinga University,Asian Journal of Pharmaceutical Education and Research,
books 2022-23,619,Himanshu Sharma,Faculty of Cs & IT,A Survey on the application of Artificial Intelligence in medical sector,"National Conference on Recent 
 Innovations in emerging computing technologies",,National,2022,978-93-93694-51-6,Kalinga University,Nitya Publications Bhopal,
books 2022-23,620,Shikha Tiwari,Faculty of Cs & IT,A Survey on the application of Artificial Intelligence in medical sector,"National Conference on Recent 
 Innovations in emerging computing technologies",,National,2022,978-93-93694-51-7,Kalinga University,Nitya Publications Bhopal,
books 2022-23,621,Smruti Smaraki Sarangi,Faculty of Cs & IT,impact of various data mining methodologies on social networking data review,"National Conference on Recent 
 Innovations in emerging computing technologies",,National,2022,978-93-93694-51-8,Kalinga University,Nitya Publications Bhopal,
books 2022-23,622,Smruti Smaraki Sarangi,Faculty of Cs & IT,Interdependent gene selection for disease diagnosis: A survey,"National Conference on Recent 
 Innovations in emerging computing technologies",,National,2022,978-93-93694-51-9,Kalinga University,Nitya Publications Bhopal,
books 2022-23,623,Anshumaan Singh,Faculty of Cs & IT,Internet of Things(IoT) Exploration and execution,"National Conference on Recent 
 Innovations in emerging computing technologies",,National,2022,978-93-93694-51-10,Kalinga University,Nitya Publications Bhopal,
books 2022-23,624,Ashit kumar mahato,Faculty of Cs & IT,Internet of Things(IoT) Exploration and execution,"National Conference on Recent 
 Innovations in emerging computing technologies",,National,2022,978-93-93694-51-11,Kalinga University,Nitya Publications Bhopal,
books 2022-23,625,awantika singh,Faculty of Cs & IT,Internet of Things(IoT) Exploration and execution,"National Conference on Recent 
 Innovations in emerging computing technologies",,National,2022,978-93-93694-51-12,Kalinga University,Nitya Publications Bhopal,
books 2022-23,626,Vedant Shrivastava,Faculty of Cs & IT,Survey on Application of drones,"National Conference on Recent 
 Innovations in emerging computing technologies",,National,2022,978-93-93694-51-13,Kalinga University,Nitya Publications Bhopal,
books 2022-23,627,Tejas nahargadkar,Faculty of Cs & IT,Survey on Application of drones,"National Conference on Recent 
 Innovations in emerging computing technologies",,National,2022,978-93-93694-51-14,Kalinga University,Nitya Publications Bhopal,
books 2022-23,628,Shikha Tiwari,Faculty of Cs & IT,Survey on Application of drones,"National Conference on Recent 
 Innovations in emerging computing technologies",,National,2022,978-93-93694-51-15,Kalinga University,Nitya Publications Bhopal,
books 2022-23,629,Asha Ambhaikar,Faculty of Cs & IT,A Novel approach for video authentication and detecting the tempered video based on the frame drop scheme,"National Conference on Recent 
 Innovations in emerging computing technologies",,National,2022,978-93-93694-51-16,Kalinga University,Nitya Publications Bhopal,
books 2022-23,630,Taruna Chopra,Faculty of Cs & IT,Recent Trends in Virtual Reality and Augmented Reality,"National Conference on Recent 
 Innovations in emerging computing technologies",,National,2022,978-93-93694-51-17,Kalinga University,Nitya Publications Bhopal,
books 2022-23,631,Guddi Singh,Faculty of Cs & IT,Wireless Power Transmission,"National Conference on Recent 
 Innovations in emerging computing technologies",,National,2022,978-93-93694-51-18,Kalinga University,Nitya Publications Bhopal,
books 2022-23,632,Prashant kumar tamrakar,Faculty of Cs & IT,IoT Based medicine dispenser with temperature recording,"National Conference on Recent 
 Innovations in emerging computing technologies",,National,2022,978-93-93694-51-19,Kalinga University,Nitya Publications Bhopal,
books 2022-23,633,Sapna singh kshtriya,Faculty of Cs & IT,IoT Based medicine dispenser with temperature recording,"National Conference on Recent 
 Innovations in emerging computing technologies",,National,2022,978-93-93694-51-20,Kalinga University,Nitya Publications Bhopal,
books 2022-23,634,Virendra kumar swarnkar,Faculty of Cs & IT,IoT Based medicine dispenser with temperature recording,"National Conference on Recent 
 Innovations in emerging computing technologies",,National,2022,978-93-93694-51-21,Kalinga University,Nitya Publications Bhopal,
books 2022-23,635,Preeti bhushania,Faculty of Cs & IT,analysis of the effect of data mining and learning analytics on the educational system,"National Conference on Recent 
 Innovations in emerging computing technologies",,National,2022,978-93-93694-51-22,Kalinga University,Nitya Publications Bhopal,
books 2022-23,636,Meenal Hirwani,Faculty of Cs & IT,development of smart cities through Artificial Methodologies : A Systematic Review,"National Conference on Recent 
 Innovations in emerging computing technologies",,National,2022,978-93-93694-51-23,Kalinga University,Nitya Publications Bhopal,
books 2022-23,637,Ayush Gupta,Faculty of Cs & IT,development of smart cities through Artificial Methodologies : A Systematic Review,"National Conference on Recent 
 Innovations in emerging computing technologies",,National,2022,978-93-93694-51-24,Kalinga University,Nitya Publications Bhopal,
books 2022-23,638,Smruti Smaraki Sarangi,Faculty of Cs & IT,development of smart cities through Artificial Methodologies : A Systematic Review,"National Conference on Recent 
 Innovations in emerging computing technologies",,National,2022,978-93-93694-51-25,Kalinga University,Nitya Publications Bhopal,
books 2022-23,639,Aniket Gajbhiye,Faculty of Cs & IT,5G: Forthcoming Network,"National Conference on Recent 
 Innovations in emerging computing technologies",,National,2022,978-93-93694-51-26,Kalinga University,Nitya Publications Bhopal,
books 2022-23,640,Ritisha Nayak,Faculty of Cs & IT,5G: Forthcoming Network,"National Conference on Recent 
 Innovations in emerging computing technologies",,National,2022,978-93-93694-51-27,Kalinga University,Nitya Publications Bhopal,
books 2022-23,641,awantika singh,Faculty of Cs & IT,5G: Forthcoming Network,"National Conference on Recent 
 Innovations in emerging computing technologies",,National,2022,978-93-93694-51-28,Kalinga University,Nitya Publications Bhopal,
books 2022-23,642,Akshay Dilip Lahe,Faculty of Cs & IT,A survey on security threats to machine learning system,"National Conference on Recent 
 Innovations in emerging computing technologies",,National,2022,978-93-93694-51-29,Kalinga University,Nitya Publications Bhopal,
books 2022-23,643,Awantika singh,Faculty of Cs & IT,Advancement of 5G wireless technologies,"National Conference on Recent 
 Innovations in emerging computing technologies",,National,2022,978-93-93694-51-30,Kalinga University,Nitya Publications Bhopal,
books 2022-23,644,Neha Sonkar,Faculty of Cs & IT,Affiliate Marketing for e-Business,"National Conference on Recent 
 Innovations in emerging computing technologies",,National,2022,978-93-93694-51-31,Kalinga University,Nitya Publications Bhopal,
books 2022-23,645,Shikha Tiwari,Faculty of Cs & IT,Affiliate Marketing for e-Business,"National Conference on Recent 
 Innovations in emerging computing technologies",,National,2022,978-93-93694-51-32,Kalinga University,Nitya Publications Bhopal,
books 2022-23,646,Shikha Tiwari,Faculty of Cs & IT,blockchain and security ether chain & web3 implementation,"National Conference on Recent 
 Innovations in emerging computing technologies",,National,2022,978-93-93694-51-33,Kalinga University,Nitya Publications Bhopal,
books 2022-23,647,Asha Ambhaikar,Faculty of Cs & IT,Dynamic web layouting based on user web surfing patterns and behaviour,"National Conference on Recent 
 Innovations in emerging computing technologies",,National,2022,978-93-93694-51-34,Kalinga University,Nitya Publications Bhopal,
books 2022-23,648,Yashpal singh,Faculty of Cs & IT,study of laboratory information system with intelligent techniques,"National Conference on Recent 
 Innovations in emerging computing technologies",,National,2022,978-93-93694-51-35,Kalinga University,Nitya Publications Bhopal,
books 2022-23,649,Asha ambhaikar,Faculty of Cs & IT,study of laboratory information system with intelligent techniques,"National Conference on Recent 
 Innovations in emerging computing technologies",,National,2022,978-93-93694-51-36,Kalinga University,Nitya Publications Bhopal,
books 2022-23,650,Dr. Khushboo Sahu,Faculty of commerce & management,Cross Culture Communication: An Important Approach For Branding,The New Normal - Recent trends in Business and Management,,National,2022,978-93-93694-67-6,Kalinga University,Nitya Publications,
books 2022-23,651,Dr. Paritosh Dube,Faculty of commerce & management,A Study Of The Impact Of Covid 19 On Indian Banking System,The New Normal - Recent trends in Business and Management,,National,2022,978-93-93694-67-6,Kalinga University,Nitya Publications,
books 2022-23,652,Dr. Ruchi Gupta,Faculty of commerce & management,"Usage Of E-Banking Services Among Customers: A Comparative Study Of 
 Pre And Post Covid 19",The New Normal - Recent trends in Business and Management,,National,2022,978-93-93694-67-6,Kalinga University,Nitya Publications,
books 2022-23,653,Dr. Bhagabat Barik,Faculty of commerce & management,"Usage Of E-Banking Services Among Customers: A Comparative Study Of 
 Pre And Post Covid 19",The New Normal - Recent trends in Business and Management,,National,2022,978-93-93694-67-6,Kalinga University,Nitya Publications,
books 2022-23,654,G. Divya,Faculty of commerce & management,Motivation Can Be A Key To Employee Retention,The New Normal - Recent trends in Business and Management,,National,2022,978-93-93694-67-6,Kalinga University,Nitya Publications,
books 2022-23,655,Dr. Komal Gupta,Faculty of commerce & management,Communication Within The Workplace,The New Normal - Recent trends in Business and Management,,National,2022,978-93-93694-67-6,Kalinga University,Nitya Publications,
books 2022-23,656,Dr. Sunayana Shukla,Faculty of commerce & management,Subliminal Advertising: The Emergence Of Hidden Marketing Tool,The New Normal - Recent trends in Business and Management,,National,2022,978-93-93694-67-6,Kalinga University,Nitya Publications,
books 2022-23,657,Ms. Shinki K Pandey,Faculty of commerce & management,"Reference Managers Usage On Accuracy Of Citation, A Comparative Analysis Of Two Products: Mendeley And Zotero",The New Normal - Recent trends in Business and Management,,National,2022,978-93-93694-67-6,Kalinga University,Nitya Publications,
books 2022-23,658,Mr. Amit Kumar Dubey,Faculty of commerce & management,Women Entrepreneurship In India: Issues And Challenges,The New Normal - Recent trends in Business and Management,,National,2022,978-93-93694-67-6,Kalinga University,Nitya Publications,
books 2022-23,659,Ms. Mariyam Ahmed,Faculty of commerce & management,New Age Management In Human Resources,The New Normal - Recent trends in Business and Management,,National,2022,978-93-93694-67-6,Kalinga University,Nitya Publications,
books 2022-23,660,Ms. Neha Choithramani,Faculty of commerce & management,"Study On Empirical Analysis Using Cross Income Two Trade Openness 
 Measures For Elimination Of Trade Distortions In Renewable Energy 
 Market",The New Normal - Recent trends in Business and Management,,National,2022,978-93-93694-67-6,Kalinga University,Nitya Publications,
books 2022-23,661,Ms. Jasmine Joshi,Faculty of commerce & management,India's Public Distribution System,The New Normal - Recent trends in Business and Management,,National,2022,978-93-93694-67-6,Kalinga University,Nitya Publications,
books 2022-23,662,Ms. Shinki K Pandey,Faculty of commerce & management,"An Empirical Study On OTT Platforms In India: Pre And Post Covid 19 
 Pandemic In India",The New Normal - Recent trends in Business and Management,,National,2022,978-93-93694-67-6,Kalinga University,Nitya Publications,
books 2022-23,663,Ms. Shinki K Pandey,Faculty of commerce & management,"Awareness Of Google Duplex Among Indians: How The Google Assistant 
 Tech Could Help Us To Do More",The New Normal - Recent trends in Business and Management,,National,2022,978-93-93694-67-6,Kalinga University,Nitya Publications,
books 2022-23,664,Dr. Paritosh Dube,Faculty of commerce & management,Role Of MSME In Chhattisgarh Development,The New Normal - Recent trends in Business and Management,,National,2022,978-93-93694-67-6,Kalinga University,Nitya Publications,
books 2022-23,665,Dr. R. Shridhar,Faculty of commerce & management,"A Study On Female Entrepreneurship Development Among Heterogeneous 
 Segment",The New Normal - Recent trends in Business and Management,,National,2022,978-93-93694-67-6,Kalinga University,Nitya Publications,
books 2022-23,666,Ms. Shinki K Pandey,Faculty of commerce & management,A Study On Evolution Of Digital Payment System In India,The New Normal - Recent trends in Business and Management,,National,2022,978-93-93694-67-6,Kalinga University,Nitya Publications,
books 2022-23,667,Dr. Ruchi Gupta,Faculty of commerce & management,Digital World - The New Age,The New Normal - Recent trends in Business and Management,,National,2022,978-93-93694-67-6,Kalinga University,Nitya Publications,
books 2022-23,668,Ms. Shinki K Pandey,Faculty of commerce & management,The Economic Potential Of India's Free Trade Agreement With Asian Countries: With Reference To South Korea And Sri Lanka,The New Normal - Recent trends in Business and Management,,National,2022,978-93-93694-67-6,Kalinga University,Nitya Publications,
Book Chapters - 2021,1,Dr. Paritosh Dube,Faculty of Management,A study of finanacial analysis of selected indian event management companies,-,-,2021,978-93-91892-58-6,Educational Publishers,,,
Book Chapters - 2021,2,Dr. Paritosh Dube,Faculty of Management,A review of performance,-,-,2021,978-93-91892-29-6,Educational Publishers,,,
Book Chapters - 2021,3,Dr. Paritosh Dube,Faculty of Management,A STUDY ON MARKETING STRATEGIES OF GTM & SONS ADVISORY,-,-,2021,978-93-91892-88-3,Educational Publishers,,,
Book Chapters - 2021,4,Dr. Paritosh Dube,Faculty of Management,"Factors Affecting Consumers Buying Decision W.R.T Lg Television At K.K Electronics, Bhilai (C.G.)",-,-,2021,978-93-91892-34-0,Educational Publishers,,,
Book Chapters - 2021,5,Dr. Paritosh Dube,Faculty of Management,Analytical Study of Working Capital Management and Case Study on Working Capital Management,-,-,2021,978-93-91892-48-7,Educational Publishers,,,
Book Chapters - 2021,6,Dr. Paritosh Dube,Faculty of Management,A Study of Society's Perception Towards Human behavior And Overall Working of the Ngo,-,-,2021,978-93-91892-62-3,Educational Publishers,,,
Book Chapters - 2021,7,Dr. Paritosh Dube,Faculty of Management,Modeling and Optimization in Science and Technologies,Computational Management—An Overview,-,2021,978-3-030-72929-5,Springer Science and Business Media Deutschland GmbH,,,
Book Chapters - 2021,8,Dr. Paritosh Dube,Faculty of Management,"Smart Innovation, Systems and Technologies","Introduction to Blockchain Evolution, Architecture and Application with Use Cases",-,2021,978-981-33-6470-7,Springer Science and Business Media Deutschland GmbH,,,
Book Chapters - 2022,1,Dr. R Shridhar,Faculty of Management,Life Skills,-,-,2022,978-81-953083-6-1,Aditi Publication Publishers,,,
Book Chapters - 2022,2,Dr. Paritosh Dube,Faculty of Management,E-Commerce,-,-,2022,978-93-93239-76-1,Red'Shine Publishers,,,
Book Chapters - 2022,3,Dr. Paritosh Dube,Faculty of Management,Financial Management,-,-,2022,978-93-93239-88-4,Red'Shine Publishers,,,
Book Chapters - 2022,4,Dr. Paritosh Dube,Faculty of Management,Business Finance And Economics,-,-,2022,978-93-93239-94-5,Red'Shine Publishers,,,
Book Chapters - 2022,5,Dr. R Shridhar,Faculty of Management,Follow Your Rainbow,-,-,2022,978-93-92568-02-2,Aditi Publication Publishers,,,
Book Chapters - 2022,6,Dr. Byju John,Faculty of Management,An Analysis of levels of Financial Numeracy and Attitude among the Teachers in Higher Learning Institutions in Hyderabad,-,-,2022,-,-,,,
Book Chapters - 2022,7,Dr. Shinki K Pandey,Faculty of Management,The Future of the Banking and Insurance Industry in India,-,-,2022,979-88-88495-02-5,NOTION PRESS,,,
Book Chapters - 2022,8,Dr. Paritosh Dube,Faculty of Management,Analytical study of financial analysis and m&a targets of j.p morgan,-,-,2022,978-93-91892-14-2,Educational Publishers,,,
Book Chapters - 2022,9,Dr. Shinki K Pandey,Faculty of Management,Recruitment and selection procedures of Nepal Credit & Commerce Bank Ltd,-,-,2022,978-93-6072-864-9,Educational Publishers,,,
Book Chapters - 2022,11,Dr. Shinki K Pandey,Faculty of Management,Brand and product management,-,-,2022,978-93-6072-147-3,Educational Publishers,,,
Book Chapters - 2022,12,Ms. Khushboo Gupta,Faculty of Management,Advances in Medicinal Plant Sciences,Modern Era Prospective for Herbal Drug Delivery System with Emerging Trends in Traditional Drug Delivery,-,2022,978-93-93502-44-5,Integrated Publication,,,
Book Chapters - 2022,13,Mr. Pranjul Shrivastava,Faculty of Management,Advances in Medicinal Plant Sciences,Modern Era Prospective for Herbal Drug Delivery System with Emerging Trends in Traditional Drug Delivery,-,2022,978-93-93502-44-5,Integrated Publication,,,
Book Chapters - 2022,14,Ms. Shiwangi Sinha,Faculty of Management,Advances in Medicinal Plant Sciences,Modern Era Prospective for Herbal Drug Delivery System with Emerging Trends in Traditional Drug Delivery,-,2022,978-93-93502-44-5,Integrated Publication,,,
Book Chapters - 2022,15,Dr. Paritosh Dube,Faculty of Management,A study on the ecommerce industry,-,-,2022,978-93-6072-442-1,Educational Publishers,,,
Book Chapters - 2022,16,Dr. Paritosh Dube,Faculty of Management,The Importance Of Creativity And Innovation In Maintaining Business In The Pandemic Situation: A Case Study Of Micro Small And Medium Enterprises (Msme) In Korba,-,National conference on “Emerging Business and technology Issues with Emergence of Industry 4.O”,2022,978-93-92568-29-9,Aditi Publication,,,
Book Chapters - 2022,17,Dr. Paritosh Dube,Faculty of Management,Financial Analysis Of Selected Private Software Companies Of India,-,National conference on “Emerging Business and technology Issues with Emergence of Industry 4.O ”,2022,978-93-92568-29-9,Aditi Publication,,,
Book Chapters - 2022,18,Dr. Paritosh Dube,Faculty of Management,A Comparative Analysis Of Sbi Life Insurance And New India Assurance Stock Price Movement.,-,National conference on “Emerging Business and technology Issues with Emergence of Industry 4.O ”,2022,978-93-92568-29-9,Aditi Publication,,,
Book Chapters - 2022,19,Dr. Paritosh Dube,Faculty of Management,A Study Of Consumer Behaviour Of The User Of E- Payment Application,-,National conference on “Emerging Business and technology Issues with Emergence of Industry 4.O ”,2022,978-93-92568-29-9,Aditi Publication,,,
Book Chapters - 2022,20,Dr. Paritosh Dube,Faculty of Management,A Study On Buying Preference Of Consumer Of Luxurious Goods At Time Of Product Launching,-,National conference on “Emerging Business and technology Issues with Emergence of Industry 4.O ”,2022,978-93-92568-29-9,Aditi Publication,,,
Book Chapters - 2022,21,Dr. Paritosh Dube,Faculty of Management,An Analytical Study Of Selected Automobile Companies,-,National conference on “Emerging Business and technology Issues with Emergence of Industry 4.O ”,2022,978-93-92568-29-9,Aditi Publication,,,
Book Chapters - 2022,22,Dr. Paritosh Dube,Faculty of Management,Financial Crisis 2008,-,National conference on “Emerging Business and technology Issues with Emergence of Industry 4.O ”,2022,978-93-92568-29-9,Aditi Publication,,,
Book Chapters - 2022,23,Dr. Paritosh Dube,Faculty of Management,A Study Of The Impact Of Covid 19 On Indian Banking System,-,The New Normal - Recent trends in Business and Management,2022,978-93-93694-67-6,Nitya Publications,,,
Book Chapters - 2022,24,Dr. Shinki K Pandey,Faculty of Management,An Empirical Study On OTT Platforms In India: Pre And Post Covid 19 Pandemic In India,-,The New Normal - Recent trends in Business and Management,2022,978-93-93694-67-6,Nitya Publications,,,
Book Chapters - 2022,25,Dr. Shinki K Pandey,Faculty of Management,"Reference Managers Usage On Accuracy Of Citation, A Comparative Analysis Of Two Products: Mendeley And Zotero",-,The New Normal - Recent trends in Business and Management,2022,978-93-93694-67-6,Nitya Publications,,,
Book Chapters - 2022,26,Dr. Shinki K Pandey,Faculty of Management,Awareness Of Google Duplex Among Indians: How The Google Assistant Tech Could Help Us To Do More,-,The New Normal - Recent trends in Business and Management,2022,978-93-93694-67-6,Nitya Publications,,,
Book Chapters - 2022,27,Dr. Paritosh Dube,Faculty of Management,Role Of MSME In Chattisgarh Development,-,The New Normal - Recent trends in Business and Management,2022,978-93-93694-67-6,Nitya Publications,,,
Book Chapters - 2022,28,Dr. R Shridhar,Faculty of Management,A Study On Female Entrepreneurship Development Among Heterogeneous Segment,-,The New Normal - Recent trends in Business and Management,2022,978-93-93694-67-6,Nitya Publications,,,
Book Chapters - 2022,29,Dr. Shinki K Pandey,Faculty of Management,A Study On Evolution Of Digital Payment System In India,-,The New Normal - Recent trends in Business and Management,2022,978-93-93694-67-6,Nitya Publications,,,
Book Chapters - 2022,31,Dr. Shinki K Pandey,Faculty of Management,Study of Market Potential of Modular Kitchen in India,-,-,2022,978-93-6072-144-2,Educational Publishers,,,
Book Chapters - 2022,32,Dr. Paritosh Dube,Faculty of Management,A Study on Construction Company,-,The New Normal - Recent trends in Business and Management,2022,978-93-6072-613-3,Educational Publishers,,,
Book Chapters - 2023,1,Dr. Shinki K Pandey,Faculty of Management,India's Road to 26 Trillion Economy,Role of Education and skill development : A perspective of India,-,2023,978-93-91410-82-7,The Bhopal School of Social Sciences,,,
Book Chapters - 2023,2,Ms. Deepshikha Patel,Faculty of Management,Women in Agriculture: A Study of Farm- Livelihood in Chhattisgarh State,Women in Agriculture: A Study of Farm- Livelihood in Chhattisgarh State,Strengthening Women Entrepreneurship for Achieving Sustainable Developmental Goals,2023,978-93-92568-80-0,Aditi Publication,,,
Book Chapters - 2023,3,Dr. Nishtha Sharma,Faculty of Management,Trend Analysis of LIC Products for Safeguarding Future Financial Security in an AI Scenario,-,-,2023,978-984-35-5501-4,Social Science and Business. Zenodo.,,,
Book Chapters - 2023,4,Dr. Shinki K Pandey,Faculty of Management,Trend Analysis of LIC Products for Safeguarding Future Financial Security in an AI Scenario,-,-,2023,978-984-35-5501-4,Social Science and Business. Zenodo.,,,
Book Chapters - 2023,5,Dr. R Shridhar,Faculty of Management,New Education Regulations,-,-,2023,978-93-92568-76-3,Aditi Publication,,,
Book Chapters - 2023,6,Dr. Shinki K Pandey,Faculty of Management,India's Road to 26 Trillion Economy,Role of Education and skill development : A perspective of India,-,2022,978-93-91410-82-7,The Bhopal School of Social Sciences,,,
Book Chapters - 2024,1,Dr. R Shridhar,Faculty of Management,Hand Book on Hospital Administration,-,-,2024,978-93-92568-61-9,Aditi Publication,,,
Book Chapters - 2024,2,Dr. Deepti Patnaik,Faculty of Management,Ignite and Thrive: A Guide to Entrepreneurship & Developing Small-Scale Business,-,-,2024,000-000053577-1,Notion Press,,,
Book Chapters - 2024,3,Dr. Deepti Patnaik,Faculty of Management,Soulful Leadership: A Spiritual Approach to Organizational Success,-,-,2024,000-000053864-9,Notion Press,,,
Book Chapters - 2024,4,Dr. Deepti Patnaik,Faculty of Management,The Impact of Influencer Marketing on the Indian Fashion Industry,-,-,2024,978-620-7-47383-0,LAP Lambert Academic Publishing,,,
Book Chapters - 2024,5,Mr. Rakshak Bharti,Faculty of Management,E-Banking,-,-,2024,979-889-3-63061-9,Nation Press,,,
Book Chapters - 2024,6,Dr. Nishtha Sharma,Faculty of Management,Entrepreneurial Tapestry: From Ideas to Enterprises,-,-,2024,978-9358838992,Pencil,,,
Book Chapters - 2024,7,Dr. Shinki K Pandey,Faculty of Management,Entrepreneurial Tapestry: From Ideas to Enterprises,-,-,2024,978-9358838992,Pencil,,,
Book Chapters - 2024,8,Dr. Deepti Patnaik,Faculty of Management,Beyond Likes,-,-,2024,978-93-5883-669-1,Pencil Publication,,,
Book Chapters - 2024,9,Ms. Deepshikha Patel,Faculty of Management,A Comparative Analysis of Total Disbursements and NP Percentages under DAY-NRLM Scheme,-,-,2024,978-93-5854-703-0,Pragati Prakashan,,,
Book Chapters - 2024,10,Dr. Shinki K Pandey,Faculty of Management,Emotional Intelligence: Problems with Conceptualization,-,-,2024,979-83-69341-43-8,IGI Global,,,
Book Chapters - 2024,11,Dr. Nishtha Sharma,Faculty of Management,Emotional Intelligence: Problems with Conceptualization,-,-,2024,979-83-69341-43-8,IGI Global,,,
Book Chapters - 2024,12,Ms. Deepshikha Patel,Faculty of Management,"Blue Dart Ltd. in Chhattisgarh, India",-,-,2024,978-81-970089-9-3,Kalinga University,,,
Book Chapters - 2024,13,Dr. Nishtha Sharma,Faculty of Management,Managing Growth and Innovation in the Event Management Industry: An Analysis of Riddhi Siddhi Events and Production as a Case,-,-,2024,978-81-970089-9-3,Kalinga University,,,
Book Chapters - 2024,14,Dr. Deepti Patnaik,Faculty of Management,Machine Learning Approaches in Financial Analytics,-,-,2024,978-3-031-61037-0,Springer,,,
Book Chapters - 2024,15,Ms. Deepshikha Patel,Faculty of Management,Impact of Artificial Intelligence on Virtual Teacher Learner Engagement: Redefining Educational Dynamics,-,-,2024,979-83-69342-6-88,IGI Global,,,
Book Chapters - 2024,16,Dr. Nishtha Sharma,Faculty of Management,Machine and Deep Learning Techniques for Emotion Detection,Emotional Intelligence: Problem with Conceptualisation,-,2024,979-8-3693-4143-8,IGI Global,,,
Book Chapters - 2024,17,Dr. Shinki K Pandey,Faculty of Management,Machine and Deep Learning Techniques for Emotion Detection,Emotional Intelligence: Problem with Conceptualisation,-,2024,979-8-3693-4143-8,IGI Global,,,
Book Chapters - 2024,18,Dr. Deepti Patnaik,Faculty of Management,Accounting for Success,-,-,2024,978-81-19820-32-0,Chyren Publications,,,
Book Chapters - 2024,19,Dr. Nishtha Sharma,Faculty of Management,-,Managing Growth and Innovation in the Event Management Industry: An Analysis of Riddhi Siddhi Event and Production as a Case,-,2024,978-81-970089-9-3,Kalinga University,,,
Book Chapters - 2024,20,Dr. Deepti Patnaik,Faculty of Management,-,Women’s Financial Literacy and Financial Inclusion Post-pandemic,-,2024,978-3-031-67523-2,Springer,,,
Book Chapters - 2024,21,Dr. Shinki K Pandey,Faculty of Management,Echoes in Her Eyes,-,-,2024,978-81-967772-4-1,Ojha Publication and Research House,,,
Book Chapters - 2024,22,Dr. Shinki K Pandey,Faculty of Management,-,Impact of COVID-19 on the Gig Economy: Amplification of Existing Trends or Emergence of New Work Models,-,2024,978-93-48084-35-4,Disha International Publishing House,,,
Book Chapters - 2024,23,Dr. Nishtha Sharma,Faculty of Management,-,Impact of COVID-19 on the Gig Economy: Amplification of Existing Trends or Emergence of New Work Models,-,2024,978-93-48084-35-4,Disha International Publishing House,,,
Book Chapters - 2024,24,Dr. Nishtha Sharma,Faculty of Management,Strategic HRM: Aligning Human Resources with Business Goals,-,-,2024,978-93-6847-723-5,Avani Publication Private Limited,,,
Book Chapters - 2024,25,Ms. Deepshikha Patel,Faculty of Management,Banking and Insurance: A Comprehensive Guide,-,-,2024,978-93-62639-86-8,One Point Six Technologies Pvt. Ltd.,,,
Book Chapters - 2024,26,Dr. Shinki K Pandey,Faculty of Management,Innovative Recruitment Techniques for the Modern Workplace,-,-,2024,978-93-6847-666-5,Avani Publication Private Limited,,,
Book Chapters - 2024,27,Dr. Deepti Patnaik,Faculty of Management,Investment Banking and Capital Markets,-,-,2024,978-93-6847-346-6,Avani Publication Private Limited,,,
Book Chapters - 2024,28,Ms. Deepshikha Patel,Faculty of Management,Mastering the Fundamentals of Finance and Taxation,-,-,2024,978-93-6847-071-7,Avani Publication Private Limited,,,
Book Chapters - 2024,29,Dr. Deepti Patnaik,Faculty of Management,Mastering the Market: A Comprehensive Guide to Stock Investing and Entrepreneurship,-,-,2024,978-93-6847-540-8,Avani Publication Private Limited,,,
Book Chapters - 2024,31,Ms. Deepshikha Patel,Faculty of Management,Financial Technology and Innovation,-,-,2024,978-93-6847-324-4,Avani Publication Private Limited,,,
Book Chapters - 2024,32,Dr. Shinki K Pandey,Faculty of Management,Banking on Innovation: Entrepreneurship and Financial Strategies for Success,-,-,2024,978-93-6847-945-1,Avani Publication Private Limited,,,
Book Chapters - 2024,33,Dr. Nishtha Sharma,Faculty of Management,Advanced Financial Analysis,-,-,2024,978-93-6847-917-8,Avani Publication Private Limited,,,
Book Chapters - 2024,34,Dr. Nishtha Sharma,Faculty of Management,Financial Planning and Analysis,-,-,2024,978-93-6847-182-0,Avani Publication Private Limited,,,
Book Chapters - 2024,35,Mr. Rakshak Bharti,Faculty of Management,Exploring Organizational Behaviour,-,-,2024,000-000054702-0,Notion Press,,,
Book Chapters - 2024,36,Mr. Rakshak Bharti,Faculty of Management,Entrepreneurship Essentials,-,-,2024,978-93-6263-066-7,Pencil,,,
Book Chapters - 2024,37,Mr. Rakshak Bharti,Faculty of Management,Marketing Renaissance: Strategies for the Digital Era,-,-,2024,978-93-6263633-1,Pencil Publications,,,
Book Chapters - 2024,38,Mr. Rakshak Bharti,Faculty of Management,E-Banking,-,-,2024,979-889-3-63061-9,Notion Press,,,
Book Chapters - 2024,40,Mr. Rakshak Bharti,Faculty of Management,"Enabling Social, Technological and Business Responsibility in the Global Context",Employee Behavior and Code of Ethics – Building Ethical Climate in Organization,-,2024,978-81-946772-5-3,Global Publication,,,
Book Chapters - 2024,41,Mr. Rakshak Bharti,Faculty of Management,Gen Z Unplugged,-,-,2024,979-83-441719-9-9,Amazon Kindle,,,
Book Chapters - 2024,42,Mr. Rakshak Bharti,Faculty of Management,Investment Banking and Capital Markets,-,-,2024,978-93-6847-346-6,Avani Publication Private Limited,,,
Book Chapters - 2024,43,Mr. Rakshak Bharti,Faculty of Management,Mastering the Market: A Comprehensive Guide to Stock Investing and Entrepreneurship,-,-,2024,978-93-6847-540-8,Avani Publication Private Limited,,,
Book Chapters - 2024,44,Dr. Deepti Patnaik,Faculty of Management,AI Algorithms and ChatGPT for Student Engagement in Online Learning,Impact of Artificial Intelligence on Virtual Teacher Learner Engagement,-,2024,979-836934269-5,IGI Global,,,
Book Chapters - 2024,45,Dr. Deepti Patnaik,Faculty of Management,Intelligent Systems Reference Library,New Paradigm in Financial Technology Using Machine Learning Techniques and Their Applications,-,2024,978-3-031-61037-0,Springer Science and Business Media Deutschland GmbH,,,
Book Chapters - 2024,46,Dr. Deepti Patnaik,Faculty of Management,Sustainable Finance,Women’s Financial Literacy and Financial Inclusion Post-pandemic,-,2024,978-3-031-67523-2,Springer Nature,,,
Book Chapters - 2024,47,Dr. Deepti Patnaik,Faculty of Management,Nari Shakti: The Catalyst for a Vikshit Bharat,-,-,2024,978-75-06242-42-4,Pothi.com,,,
Book Chapters - 2024,48,Ms. Kanchan Thakur,Faculty of Management,Purposeful Parenting,-,-,2024,979-889610914-3,Notion Press,,,
Book Chapters - 2025,1,Dr. Deepti Patnaik,Faculty of Management,Economic Systems and Human Rights: Using Socioeconomic Models and Practices to Promote Global Economic Socialization,Unleashing the Human Development Through Prescriptive Analytics Based on the Principle of Vasudhaiva Kutumbakam,-,2025,978-3-0317-2866-2,Springer Nature,,,
Book Chapters - 2025,2,Ms. Dawakit Lepcha,Faculty of Management,Indian Financial System,-,-,2025,978-93-342-6941-3,Pothi.com,,,
Book Chapters - 2025,3,Dr. Jyotsna Dwivedi,Faculty of Management,Fundamentals of Entrepreneurship and E-Commerce,-,-,2025,978-9-3090-3696-5,Pothi.com,,,
Book Chapters - 2025,4,Ms. Kanchan Thakur,Faculty of Management,Fundamentals of Entrepreneurship and E-Commerce,-,-,2025,978-9-3090-3696-5,Pothi.com,,,
Book Chapters - 2025,5,Ms. Dawakit Lepcha,Faculty of Management,Fundamentals of Entrepreneurship and E-Commerce,-,-,2025,978-9-3090-3696-5,Pothi.com,,,
Book Chapters - 2025,6,Dr. Chandra Bhooshan Singh,Faculty of Management,Technical Analysis: Tools and Strategies for Successful Trading,-,-,2025,978-93-342-5073-2,Pothi.com,,,
Book Chapters - 2025,7,Dr. Deepti Patnaik,Faculty of Management,Technical Analysis: Tools and Strategies for Successful Trading,-,-,2025,978-93-342-5073-2,Pothi.com,,,
Book Chapters - 2025,8,Dr. Deepti Patnaik,Faculty of Commerce & Management,-,Unleashing the Human Development Through Prescriptive Analytics Based on the Principle of Vasudhaiva Kutumbakam,-,2025,978-3-031-72865-5,Springer,,,
